ID,n,Number of steps,Result
1,10,169,True
2,10,30,True
3,10,19,True
4,10,156,True
5,10,2047,False
6,10,177,True
7,10,2047,False
8,10,2047,False
9,10,67,True
10,10,169,True
11,10,53,True
12,10,616,True
13,10,2047,False
14,10,60,True
15,10,2047,False
16,10,78,True
17,10,284,True
18,10,2047,False
19,10,2047,False
20,10,792,True
21,10,146,True
22,10,2047,False
23,10,2047,False
24,10,2047,False
25,10,2047,False
26,10,2047,False
27,10,53,True
28,10,106,True
29,10,45,True
30,10,2047,False
31,10,2047,False
32,10,2047,False
33,10,2047,False
34,10,170,True
35,10,2047,False
36,10,1097,True
37,10,204,True
38,10,2047,False
39,10,29,True
40,10,585,True
41,10,2047,False
42,10,15,True
43,10,2047,False
44,10,2047,False
45,10,2047,False
46,10,202,True
47,10,2047,False
48,10,92,True
49,10,2047,False
50,10,2047,False
51,10,2047,False
52,10,50,True
53,10,90,True
54,10,270,True
55,10,2047,False
56,10,2047,False
57,10,149,True
58,10,2047,False
59,10,2047,False
60,10,58,True
61,10,146,True
62,10,2047,False
63,10,2047,False
64,10,2047,False
65,10,2047,False
66,10,96,True
67,10,2047,False
68,10,22,True
69,10,2047,False
70,10,2047,False
71,10,270,True
72,10,106,True
73,10,169,True
74,10,2047,False
75,10,2047,False
76,10,52,True
77,10,2047,False
78,10,2047,False
79,10,106,True
80,10,67,True
81,10,2047,False
82,10,297,True
83,10,153,True
84,10,2047,False
85,10,2047,False
86,10,2047,False
87,10,2047,False
88,10,2047,False
89,10,2047,False
90,10,282,True
91,10,2047,False
92,10,2047,False
93,10,2047,False
94,10,2047,False
95,10,58,True
96,10,52,True
97,10,2047,False
98,10,274,True
99,10,2047,False
100,10,36,True
101,10,60,True
102,10,538,True
103,10,22,True
104,10,2047,False
105,10,2047,False
106,10,2047,False
107,10,2047,False
108,10,169,True
109,10,58,True
110,10,2047,False
111,10,1290,True
112,10,2047,False
113,10,2047,False
114,10,1056,True
115,10,2047,False
116,10,2047,False
117,10,2047,False
118,10,46,True
119,10,2047,False
120,10,2047,False
121,10,45,True
122,10,21,True
123,10,2047,False
124,10,127,True
125,10,30,True
126,10,2047,False
127,10,2047,False
128,10,2047,False
129,10,276,True
130,10,2047,False
131,10,2047,False
132,10,2047,False
133,10,36,True
134,10,1065,True
135,10,2047,False
136,10,142,True
137,10,2047,False
138,10,142,True
139,10,274,True
140,10,2047,False
141,10,53,True
142,10,176,True
143,10,75,True
144,10,34,True
145,10,2047,False
146,10,82,True
147,10,2047,False
148,10,2047,False
149,10,2047,False
150,10,33,True
151,10,2047,False
152,10,2047,False
153,10,113,True
154,10,1050,True
155,10,2047,False
156,10,106,True
157,10,2047,False
158,10,112,True
159,10,15,True
160,10,2047,False
161,10,106,True
162,10,22,True
163,10,2047,False
164,10,2047,False
165,10,529,True
166,10,2047,False
167,10,2047,False
168,10,2047,False
169,10,556,True
170,10,2047,False
171,10,2047,False
172,10,2047,False
173,10,2047,False
174,10,285,True
175,10,108,True
176,10,2047,False
177,10,2047,False
178,10,2047,False
179,10,2047,False
180,10,2047,False
181,10,52,True
182,10,2047,False
183,10,170,True
184,10,2047,False
185,10,208,True
186,10,52,True
187,10,2047,False
188,10,2047,False
189,10,34,True
190,10,2047,False
191,10,2047,False
192,10,2047,False
193,10,65,True
194,10,2047,False
195,10,2047,False
196,10,400,True
197,10,2047,False
198,10,163,True
199,10,139,True
200,10,29,True
201,10,92,True
202,10,2047,False
203,10,22,True
204,10,2047,False
205,10,46,True
206,10,1035,True
207,10,2047,False
208,10,2047,False
209,10,2047,False
210,10,2047,False
211,10,50,True
212,10,50,True
213,10,148,True
214,10,84,True
215,10,2047,False
216,10,2047,False
217,10,2047,False
218,10,2047,False
219,10,2047,False
220,10,60,True
221,10,2047,False
222,10,532,True
223,10,2047,False
224,10,142,True
225,10,2047,False
226,10,2047,False
227,10,2047,False
228,10,78,True
229,10,216,True
230,10,2047,False
231,10,163,True
232,10,82,True
233,10,2047,False
234,10,1080,True
235,10,19,True
236,10,2047,False
237,10,60,True
238,10,216,True
239,10,2047,False
240,10,123,True
241,10,2047,False
242,10,2047,False
243,10,2047,False
244,10,2047,False
245,10,29,True
246,10,2047,False
247,10,2047,False
248,10,2047,False
249,10,50,True
250,10,58,True
251,10,2047,False
252,10,30,True
253,10,2047,False
254,10,2047,False
255,10,2047,False
256,10,2047,False
257,10,34,True
258,10,112,True
259,10,224,True
260,10,2047,False
261,10,75,True
262,10,2047,False
263,10,2047,False
264,10,2047,False
265,10,2047,False
266,10,2047,False
267,10,2047,False
268,10,22,True
269,10,2047,False
270,10,2047,False
271,10,50,True
272,10,142,True
273,10,27,True
274,10,202,True
275,10,777,True
276,10,2047,False
277,10,112,True
278,10,2047,False
279,10,2047,False
280,10,22,True
281,10,2047,False
282,10,2047,False
283,10,30,True
284,10,2047,False
285,10,64,True
286,10,2047,False
287,10,2047,False
288,10,2047,False
289,10,169,True
290,10,2047,False
291,10,649,True
292,10,2047,False
293,10,2047,False
294,10,2047,False
295,10,52,True
296,10,64,True
297,10,96,True
298,10,106,True
299,10,78,True
300,10,191,True
301,10,52,True
302,10,424,True
303,10,2047,False
304,10,345,True
305,10,2047,False
306,10,554,True
307,10,45,True
308,10,2047,False
309,10,21,True
310,10,2047,False
311,10,156,True
312,10,2047,False
313,10,2047,False
314,10,2047,False
315,10,153,True
316,10,22,True
317,10,202,True
318,10,78,True
319,10,2047,False
320,10,34,True
321,10,120,True
322,10,2047,False
323,10,2047,False
324,10,585,True
325,10,2047,False
326,10,270,True
327,10,2047,False
328,10,2047,False
329,10,2047,False
330,10,267,True
331,10,2047,False
332,10,201,True
333,10,53,True
334,10,30,True
335,10,2047,False
336,10,52,True
337,10,2047,False
338,10,298,True
339,10,96,True
340,10,2047,False
341,10,160,True
342,10,46,True
343,10,2047,False
344,10,67,True
345,10,34,True
346,10,2047,False
347,10,58,True
348,10,2047,False
349,10,154,True
350,10,176,True
351,10,2047,False
352,10,525,True
353,10,172,True
354,10,2047,False
355,10,30,True
356,10,21,True
357,10,2047,False
358,10,2047,False
359,10,90,True
360,10,530,True
361,10,37,True
362,10,2047,False
363,10,2047,False
364,10,1304,True
365,10,184,True
366,10,1224,True
367,10,2047,False
368,10,2047,False
369,10,96,True
370,10,2047,False
371,10,2047,False
372,10,45,True
373,10,2047,False
374,10,2047,False
375,10,1056,True
376,10,148,True
377,10,34,True
378,10,60,True
379,10,43,True
380,10,154,True
381,10,208,True
382,10,2047,False
383,10,2047,False
384,10,2047,False
385,10,2047,False
386,10,120,True
387,10,351,True
388,10,154,True
389,10,78,True
390,10,96,True
391,10,202,True
392,10,58,True
393,10,85,True
394,10,2047,False
395,10,2047,False
396,10,2047,False
397,10,36,True
398,10,77,True
399,10,22,True
400,10,2047,False
401,10,300,True
402,10,2047,False
403,10,2047,False
404,10,58,True
405,10,2047,False
406,10,106,True
407,10,270,True
408,10,22,True
409,10,172,True
410,10,2047,False
411,10,46,True
412,10,2047,False
413,10,22,True
414,10,156,True
415,10,2047,False
416,10,105,True
417,10,36,True
418,10,2047,False
419,10,393,True
420,10,2047,False
421,10,778,True
422,10,2047,False
423,10,2047,False
424,10,680,True
425,10,649,True
426,10,58,True
427,10,2047,False
428,10,37,True
429,10,2047,False
430,10,43,True
431,10,50,True
432,10,90,True
433,10,58,True
434,10,2047,False
435,10,2047,False
436,10,184,True
437,10,108,True
438,10,2047,False
439,10,201,True
440,10,336,True
441,10,21,True
442,10,37,True
443,10,2047,False
444,10,2047,False
445,10,2047,False
446,10,269,True
447,10,2047,False
448,10,533,True
449,10,65,True
450,10,148,True
451,10,2047,False
452,10,2047,False
453,10,2047,False
454,10,148,True
455,10,50,True
456,10,2047,False
457,10,277,True
458,10,160,True
459,10,53,True
460,10,148,True
461,10,2047,False
462,10,396,True
463,10,43,True
464,10,2047,False
465,10,1037,True
466,10,21,True
467,10,58,True
468,10,2047,False
469,10,2047,False
470,10,2047,False
471,10,2047,False
472,10,19,True
473,10,34,True
474,10,2047,False
475,10,554,True
476,10,2047,False
477,10,208,True
478,10,77,True
479,10,34,True
480,10,2047,False
481,10,204,True
482,10,2047,False
483,10,156,True
484,10,2047,False
485,10,65,True
486,10,202,True
487,10,36,True
488,10,2047,False
489,10,172,True
490,10,142,True
491,10,2047,False
492,10,2047,False
493,10,36,True
494,10,60,True
495,10,2047,False
496,10,2047,False
497,10,1065,True
498,10,37,True
499,10,106,True
500,10,2047,False
1,15,317,True
2,15,169,True
3,15,121,True
4,15,162,True
5,15,65535,False
6,15,328,True
7,15,65535,False
8,15,65535,False
9,15,42,True
10,15,324,True
11,15,228,True
12,15,90,True
13,15,65535,False
14,15,433,True
15,15,65535,False
16,15,294,True
17,15,477,True
18,15,65535,False
19,15,65535,False
20,15,732,True
21,15,679,True
22,15,65535,False
23,15,65535,False
24,15,65535,False
25,15,65535,False
26,15,65535,False
27,15,98,True
28,15,601,True
29,15,69,True
30,15,65535,False
31,15,65535,False
32,15,65535,False
33,15,65535,False
34,15,2086,True
35,15,65535,False
36,15,290,True
37,15,2364,True
38,15,65535,False
39,15,190,True
40,15,591,True
41,15,65535,False
42,15,677,True
43,15,65535,False
44,15,65535,False
45,15,65535,False
46,15,16415,True
47,15,65535,False
48,15,1365,True
49,15,65535,False
50,15,65535,False
51,15,65535,False
52,15,2596,True
53,15,1182,True
54,15,73,True
55,15,65535,False
56,15,65535,False
57,15,372,True
58,15,65535,False
59,15,65535,False
60,15,479,True
61,15,229,True
62,15,65535,False
63,15,65535,False
64,15,65535,False
65,15,65535,False
66,15,185,True
67,15,65535,False
68,15,357,True
69,15,65535,False
70,15,65535,False
71,15,66,True
72,15,1236,True
73,15,1088,True
74,15,65535,False
75,15,65535,False
76,15,229,True
77,15,65535,False
78,15,65535,False
79,15,193,True
80,15,692,True
81,15,65535,False
82,15,58,True
83,15,118,True
84,15,65535,False
85,15,65535,False
86,15,65535,False
87,15,65535,False
88,15,65535,False
89,15,65535,False
90,15,90,True
91,15,65535,False
92,15,65535,False
93,15,65535,False
94,15,65535,False
95,15,1319,True
96,15,147,True
97,15,65535,False
98,15,2141,True
99,15,65535,False
100,15,166,True
101,15,8788,True
102,15,550,True
103,15,216,True
104,15,65535,False
105,15,65535,False
106,15,65535,False
107,15,65535,False
108,15,1425,True
109,15,121,True
110,15,65535,False
111,15,4436,True
112,15,65535,False
113,15,65535,False
114,15,16685,True
115,15,65535,False
116,15,65535,False
117,15,65535,False
118,15,3628,True
119,15,65535,False
120,15,65535,False
121,15,90,True
122,15,41005,True
123,15,65535,False
124,15,1112,True
125,15,42,True
126,15,65535,False
127,15,65535,False
128,15,65535,False
129,15,1120,True
130,15,65535,False
131,15,65535,False
132,15,65535,False
133,15,414,True
134,15,465,True
135,15,65535,False
136,15,8528,True
137,15,65535,False
138,15,1050,True
139,15,499,True
140,15,65535,False
141,15,135,True
142,15,1554,True
143,15,310,True
144,15,4133,True
145,15,65535,False
146,15,224,True
147,15,65535,False
148,15,65535,False
149,15,65535,False
150,15,2158,True
151,15,65535,False
152,15,65535,False
153,15,136,True
154,15,3228,True
155,15,65535,False
156,15,178,True
157,15,65535,False
158,15,631,True
159,15,58,True
160,15,65535,False
161,15,3180,True
162,15,2222,True
163,15,65535,False
164,15,65535,False
165,15,102,True
166,15,65535,False
167,15,65535,False
168,15,65535,False
169,15,41101,True
170,15,65535,False
171,15,65535,False
172,15,65535,False
173,15,65535,False
174,15,185,True
175,15,58,True
176,15,65535,False
177,15,65535,False
178,15,65535,False
179,15,65535,False
180,15,65535,False
181,15,368,True
182,15,65535,False
183,15,229,True
184,15,65535,False
185,15,310,True
186,15,817,True
187,15,65535,False
188,15,65535,False
189,15,73,True
190,15,65535,False
191,15,65535,False
192,15,65535,False
193,15,688,True
194,15,65535,False
195,15,65535,False
196,15,8260,True
197,15,65535,False
198,15,577,True
199,15,686,True
200,15,8245,True
201,15,199,True
202,15,65535,False
203,15,430,True
204,15,65535,False
205,15,294,True
206,15,580,True
207,15,65535,False
208,15,65535,False
209,15,65535,False
210,15,65535,False
211,15,66,True
212,15,247,True
213,15,33806,True
214,15,73,True
215,15,65535,False
216,15,65535,False
217,15,65535,False
218,15,65535,False
219,15,65535,False
220,15,860,True
221,15,65535,False
222,15,17500,True
223,15,65535,False
224,15,247,True
225,15,65535,False
226,15,65535,False
227,15,65535,False
228,15,42,True
229,15,1428,True
230,15,65535,False
231,15,296,True
232,15,42,True
233,15,65535,False
234,15,32884,True
235,15,755,True
236,15,65535,False
237,15,1182,True
238,15,1112,True
239,15,65535,False
240,15,114,True
241,15,65535,False
242,15,65535,False
243,15,65535,False
244,15,65535,False
245,15,3094,True
246,15,65535,False
247,15,65535,False
248,15,65535,False
249,15,2575,True
250,15,1080,True
251,15,65535,False
252,15,135,True
253,15,65535,False
254,15,65535,False
255,15,65535,False
256,15,65535,False
257,15,751,True
258,15,4367,True
259,15,252,True
260,15,65535,False
261,15,65535,False
262,15,65535,False
263,15,65535,False
264,15,65535,False
265,15,65535,False
266,15,65535,False
267,15,65535,False
268,15,41,True
269,15,65535,False
270,15,65535,False
271,15,464,True
272,15,2829,True
273,15,4493,True
274,15,2349,True
275,15,366,True
276,15,65535,False
277,15,178,True
278,15,65535,False
279,15,65535,False
280,15,1275,True
281,15,65535,False
282,15,65535,False
283,15,2365,True
284,15,65535,False
285,15,21517,True
286,15,65535,False
287,15,65535,False
288,15,65535,False
289,15,401,True
290,15,65535,False
291,15,178,True
292,15,65535,False
293,15,65535,False
294,15,65535,False
295,15,1112,True
296,15,1659,True
297,15,444,True
298,15,325,True
299,15,2074,True
300,15,2844,True
301,15,225,True
302,15,1422,True
303,15,65535,False
304,15,451,True
305,15,65535,False
306,15,294,True
307,15,225,True
308,15,65535,False
309,15,105,True
310,15,65535,False
311,15,3132,True
312,15,65535,False
313,15,65535,False
314,15,65535,False
315,15,162,True
316,15,42,True
317,15,4764,True
318,15,1995,True
319,15,65535,False
320,15,1074,True
321,15,209,True
322,15,65535,False
323,15,65535,False
324,15,178,True
325,15,65535,False
326,15,670,True
327,15,65535,False
328,15,65535,False
329,15,65535,False
330,15,36885,True
331,15,65535,False
332,15,279,True
333,15,135,True
334,15,197,True
335,15,65535,False
336,15,324,True
337,15,65535,False
338,15,58,True
339,15,8590,True
340,15,65535,False
341,15,1118,True
342,15,6414,True
343,15,65535,False
344,15,209,True
345,15,580,True
346,15,65535,False
347,15,178,True
348,15,65535,False
349,15,11277,True
350,15,402,True
351,15,65535,False
352,15,98,True
353,15,252,True
354,15,65535,False
355,15,129,True
356,15,289,True
357,15,65535,False
358,15,65535,False
359,15,169,True
360,15,24605,True
361,15,1113,True
362,15,65535,False
363,15,65535,False
364,15,576,True
365,15,436,True
366,15,128,True
367,15,65535,False
368,15,65535,False
369,15,90,True
370,15,65535,False
371,15,65535,False
372,15,566,True
373,15,65535,False
374,15,65535,False
375,15,2194,True
376,15,342,True
377,15,8280,True
378,15,413,True
379,15,365,True
380,15,193,True
381,15,6259,True
382,15,65535,False
383,15,65535,False
384,15,65535,False
385,15,65535,False
386,15,18701,True
387,15,662,True
388,15,133,True
389,15,129,True
390,15,1140,True
391,15,34317,True
392,15,42,True
393,15,707,True
394,15,65535,False
395,15,65535,False
396,15,65535,False
397,15,72,True
398,15,20497,True
399,15,225,True
400,15,65535,False
401,15,166,True
402,15,65535,False
403,15,65535,False
404,15,32877,True
405,15,65535,False
406,15,231,True
407,15,245,True
408,15,121,True
409,15,184,True
410,15,65535,False
411,15,6224,True
412,15,65535,False
413,15,72,True
414,15,73,True
415,15,65535,False
416,15,36942,True
417,15,569,True
418,15,65535,False
419,15,72,True
420,15,65535,False
421,15,33869,True
422,15,65535,False
423,15,65535,False
424,15,5144,True
425,15,2606,True
426,15,169,True
427,15,65535,False
428,15,58,True
429,15,65535,False
430,15,225,True
431,15,423,True
432,15,90,True
433,15,4253,True
434,15,65535,False
435,15,65535,False
436,15,199,True
437,15,606,True
438,15,65535,False
439,15,42,True
440,15,120,True
441,15,113,True
442,15,70,True
443,15,65535,False
444,15,65535,False
445,15,65535,False
446,15,8465,True
447,15,65535,False
448,15,104,True
449,15,657,True
450,15,72,True
451,15,65535,False
452,15,65535,False
453,15,65535,False
454,15,318,True
455,15,1213,True
456,15,65535,False
457,15,1365,True
458,15,66,True
459,15,297,True
460,15,573,True
461,15,65535,False
462,15,531,True
463,15,255,True
464,15,65535,False
465,15,245,True
466,15,72,True
467,15,135,True
468,15,65535,False
469,15,65535,False
470,15,65535,False
471,15,65535,False
472,15,18701,True
473,15,707,True
474,15,65535,False
475,15,35341,True
476,15,65535,False
477,15,1614,True
478,15,66,True
479,15,90,True
480,15,65535,False
481,15,310,True
482,15,65535,False
483,15,178,True
484,15,65535,False
485,15,118,True
486,15,6420,True
487,15,320,True
488,15,65535,False
489,15,1260,True
490,15,597,True
491,15,65535,False
492,15,65535,False
493,15,197,True
494,15,184,True
495,15,65535,False
496,15,65535,False
497,15,1310,True
498,15,216,True
499,15,372,True
500,15,65535,False
1,20,2496,True
2,20,141,True
3,20,253,True
4,20,16609,True
5,20,2097151,False
6,20,445,True
7,20,2097151,False
8,20,2097151,False
9,20,652,True
10,20,126,True
11,20,2935,True
12,20,5435,True
13,20,2097151,False
14,20,904,True
15,20,2097151,False
16,20,13719,True
17,20,1257,True
18,20,2097151,False
19,20,2097151,False
20,20,526363,True
21,20,33310,True
22,20,2097151,False
23,20,2097151,False
24,20,2097151,False
25,20,2097151,False
26,20,2097151,False
27,20,326,True
28,20,2819,True
29,20,716,True
30,20,2097151,False
31,20,2097151,False
32,20,2097151,False
33,20,2097151,False
34,20,2466,True
35,20,2097151,False
36,20,1100,True
37,20,3792,True
38,20,2097151,False
39,20,1210,True
40,20,2418,True
41,20,2097151,False
42,20,892,True
43,20,2097151,False
44,20,2097151,False
45,20,2097151,False
46,20,2277,True
47,20,2097151,False
48,20,1668,True
49,20,2097151,False
50,20,2097151,False
51,20,2097151,False
52,20,8882,True
53,20,876,True
54,20,516,True
55,20,2097151,False
56,20,2097151,False
57,20,358,True
58,20,2097151,False
59,20,2097151,False
60,20,66738,True
61,20,3767,True
62,20,2097151,False
63,20,2097151,False
64,20,2097151,False
65,20,2097151,False
66,20,8989,True
67,20,2097151,False
68,20,904,True
69,20,2097151,False
70,20,2097151,False
71,20,268,True
72,20,4818,True
73,20,260,True
74,20,2097151,False
75,20,2097151,False
76,20,374,True
77,20,2097151,False
78,20,2097151,False
79,20,86081,True
80,20,141,True
81,20,2097151,False
82,20,806,True
83,20,330,True
84,20,2097151,False
85,20,2097151,False
86,20,2097151,False
87,20,2097151,False
88,20,2097151,False
89,20,2097151,False
90,20,4509,True
91,20,2097151,False
92,20,2097151,False
93,20,2097151,False
94,20,2097151,False
95,20,582,True
96,20,3987,True
97,20,2097151,False
98,20,4394,True
99,20,2097151,False
100,20,237,True
101,20,2281,True
102,20,516,True
103,20,1002,True
104,20,2097151,False
105,20,2097151,False
106,20,2097151,False
107,20,2097151,False
108,20,459,True
109,20,1187,True
110,20,2097151,False
111,20,19032,True
112,20,2097151,False
113,20,2097151,False
114,20,706,True
115,20,2097151,False
116,20,2097151,False
117,20,2097151,False
118,20,5417,True
119,20,2097151,False
120,20,2097151,False
121,20,234,True
122,20,414,True
123,20,2097151,False
124,20,3651,True
125,20,747,True
126,20,2097151,False
127,20,2097151,False
128,20,2097151,False
129,20,100625,True
130,20,2097151,False
131,20,2097151,False
132,20,2097151,False
133,20,813,True
134,20,395,True
135,20,2097151,False
136,20,4592,True
137,20,2097151,False
138,20,27187,True
139,20,2995,True
140,20,2097151,False
141,20,764,True
142,20,978,True
143,20,330,True
144,20,529937,True
145,20,2097151,False
146,20,2292,True
147,20,2097151,False
148,20,2097151,False
149,20,2097151,False
150,20,453,True
151,20,2097151,False
152,20,2097151,False
153,20,1461,True
154,20,2621,True
155,20,2097151,False
156,20,99362,True
157,20,2097151,False
158,20,2173,True
159,20,457,True
160,20,2097151,False
161,20,18497,True
162,20,47,True
163,20,2097151,False
164,20,2097151,False
165,20,655637,True
166,20,2097151,False
167,20,2097151,False
168,20,2097151,False
169,20,151640,True
170,20,2097151,False
171,20,2097151,False
172,20,2097151,False
173,20,2097151,False
174,20,981,True
175,20,141,True
176,20,2097151,False
177,20,2097151,False
178,20,2097151,False
179,20,2097151,False
180,20,2097151,False
181,20,967,True
182,20,2097151,False
183,20,1325,True
184,20,2097151,False
185,20,41553,True
186,20,381,True
187,20,2097151,False
188,20,2097151,False
189,20,134,True
190,20,2097151,False
191,20,2097151,False
192,20,2097151,False
193,20,237,True
194,20,2097151,False
195,20,2097151,False
196,20,328218,True
197,20,2097151,False
198,20,452,True
199,20,2103,True
200,20,2000,True
201,20,810,True
202,20,2097151,False
203,20,484,True
204,20,2097151,False
205,20,2311,True
206,20,438,True
207,20,2097151,False
208,20,2097151,False
209,20,2097151,False
210,20,2097151,False
211,20,516,True
212,20,2776,True
213,20,2632,True
214,20,253,True
215,20,2097151,False
216,20,2097151,False
217,20,2097151,False
218,20,2097151,False
219,20,2097151,False
220,20,132497,True
221,20,2097151,False
222,20,234,True
223,20,2097151,False
224,20,574,True
225,20,2097151,False
226,20,2097151,False
227,20,2097151,False
228,20,651,True
229,20,8362,True
230,20,2097151,False
231,20,606,True
232,20,333,True
233,20,2097151,False
234,20,271444,True
235,20,2015,True
236,20,2097151,False
237,20,999,True
238,20,73800,True
239,20,2097151,False
240,20,260,True
241,20,2097151,False
242,20,2097151,False
243,20,2097151,False
244,20,2097151,False
245,20,2142,True
246,20,2097151,False
247,20,2097151,False
248,20,2097151,False
249,20,1009,True
250,20,904,True
251,20,2097151,False
252,20,589,True
253,20,2097151,False
254,20,2097151,False
255,20,2097151,False
256,20,2097151,False
257,20,1341,True
258,20,6300,True
259,20,745,True
260,20,2097151,False
261,20,2097151,False
262,20,2097151,False
263,20,2097151,False
264,20,2097151,False
265,20,2097151,False
266,20,2097151,False
267,20,2097151,False
268,20,11472,True
269,20,2097151,False
270,20,2097151,False
271,20,20534,True
272,20,1049717,True
273,20,524579,True
274,20,18737,True
275,20,2983,True
276,20,2097151,False
277,20,205,True
278,20,2097151,False
279,20,2097151,False
280,20,237,True
281,20,2097151,False
282,20,2097151,False
283,20,6819,True
284,20,2097151,False
285,20,234,True
286,20,2097151,False
287,20,2097151,False
288,20,2097151,False
289,20,133425,True
290,20,2097151,False
291,20,205,True
292,20,2097151,False
293,20,2097151,False
294,20,2097151,False
295,20,6712,True
296,20,1227,True
297,20,16581,True
298,20,237,True
299,20,791,True
300,20,1752,True
301,20,2269,True
302,20,131868,True
303,20,2097151,False
304,20,761,True
305,20,2097151,False
306,20,57366,True
307,20,3920,True
308,20,2097151,False
309,20,190,True
310,20,2097151,False
311,20,457,True
312,20,2097151,False
313,20,2097151,False
314,20,2097151,False
315,20,2173,True
316,20,489,True
317,20,1791,True
318,20,1322,True
319,20,2097151,False
320,20,516,True
321,20,3158,True
322,20,2097151,False
323,20,2097151,False
324,20,1403,True
325,20,2097151,False
326,20,1436,True
327,20,2097151,False
328,20,2097151,False
329,20,2097151,False
330,20,525459,True
331,20,2097151,False
332,20,1058844,True
333,20,508,True
334,20,2729,True
335,20,2097151,False
336,20,183,True
337,20,2097151,False
338,20,12512,True
339,20,17494,True
340,20,2097151,False
341,20,49218,True
342,20,82454,True
343,20,2097151,False
344,20,5587,True
345,20,1334,True
346,20,2097151,False
347,20,985,True
348,20,2097151,False
349,20,63,True
350,20,915,True
351,20,2097151,False
352,20,126,True
353,20,205,True
354,20,2097151,False
355,20,2977,True
356,20,3666,True
357,20,2097151,False
358,20,2097151,False
359,20,745,True
360,20,1049393,True
361,20,253,True
362,20,2097151,False
363,20,2097151,False
364,20,26673,True
365,20,9528,True
366,20,68048,True
367,20,2097151,False
368,20,2097151,False
369,20,110,True
370,20,2097151,False
371,20,2097151,False
372,20,1250,True
373,20,2097151,False
374,20,2097151,False
375,20,18560,True
376,20,1653,True
377,20,520,True
378,20,866,True
379,20,229,True
380,20,33365,True
381,20,2731,True
382,20,2097151,False
383,20,2097151,False
384,20,2097151,False
385,20,2097151,False
386,20,37457,True
387,20,513,True
388,20,771,True
389,20,457,True
390,20,14393,True
391,20,32862,True
392,20,4293,True
393,20,4421,True
394,20,2097151,False
395,20,2097151,False
396,20,2097151,False
397,20,270404,True
398,20,1048818,True
399,20,5521,True
400,20,2097151,False
401,20,174,True
402,20,2097151,False
403,20,2097151,False
404,20,16565,True
405,20,2097151,False
406,20,174,True
407,20,841,True
408,20,899,True
409,20,33906,True
410,20,2097151,False
411,20,1318,True
412,20,2097151,False
413,20,764,True
414,20,123,True
415,20,2097151,False
416,20,33078,True
417,20,652,True
418,20,2097151,False
419,20,33561,True
420,20,2097151,False
421,20,9305,True
422,20,2097151,False
423,20,2097151,False
424,20,3288,True
425,20,807983,True
426,20,713,True
427,20,2097151,False
428,20,618,True
429,20,2097151,False
430,20,1130,True
431,20,13408,True
432,20,126,True
433,20,364,True
434,20,2097151,False
435,20,2097151,False
436,20,1707,True
437,20,813,True
438,20,2097151,False
439,20,262492,True
440,20,140,True
441,20,1458,True
442,20,1016,True
443,20,2097151,False
444,20,2097151,False
445,20,2097151,False
446,20,3241,True
447,20,2097151,False
448,20,318,True
449,20,365,True
450,20,3229,True
451,20,2097151,False
452,20,2097151,False
453,20,2097151,False
454,20,33241,True
455,20,8917,True
456,20,2097151,False
457,20,237,True
458,20,637,True
459,20,141,True
460,20,141,True
461,20,2097151,False
462,20,65877,True
463,20,4708,True
464,20,2097151,False
465,20,2523,True
466,20,82144,True
467,20,445,True
468,20,2097151,False
469,20,2097151,False
470,20,2097151,False
471,20,2097151,False
472,20,82136,True
473,20,138,True
474,20,2097151,False
475,20,10529,True
476,20,2097151,False
477,20,4700,True
478,20,1863,True
479,20,748,True
480,20,2097151,False
481,20,637,True
482,20,2097151,False
483,20,334895,True
484,20,2097151,False
485,20,237,True
486,20,1249,True
487,20,17046,True
488,20,2097151,False
489,20,2856,True
490,20,2297,True
491,20,2097151,False
492,20,2097151,False
493,20,996,True
494,20,8517,True
495,20,2097151,False
496,20,2097151,False
497,20,1050133,True
498,20,508,True
499,20,381,True
500,20,2097151,False
1,22,8697,True
2,22,942,True
3,22,651,True
4,22,659732,True
5,22,8388607,False
6,22,973,True
7,22,8388607,False
8,22,8388607,False
9,22,239,True
10,22,878,True
11,22,6873,True
12,22,1695,True
13,22,8388607,False
14,22,623,True
15,22,8388607,False
16,22,4827,True
17,22,270,True
18,22,8388607,False
19,22,8388607,False
20,22,99349,True
21,22,1831,True
22,22,8388607,False
23,22,8388607,False
24,22,8388607,False
25,22,8388607,False
26,22,8388607,False
27,22,1420,True
28,22,80,True
29,22,239,True
30,22,8388607,False
31,22,8388607,False
32,22,8388607,False
33,22,8388607,False
34,22,383,True
35,22,8388607,False
36,22,16715,True
37,22,17478,True
38,22,8388607,False
39,22,270,True
40,22,838,True
41,22,8388607,False
42,22,972,True
43,22,8388607,False
44,22,8388607,False
45,22,8388607,False
46,22,5481,True
47,22,8388607,False
48,22,1485,True
49,22,8388607,False
50,22,8388607,False
51,22,8388607,False
52,22,2716,True
53,22,23991,True
54,22,1293,True
55,22,8388607,False
56,22,8388607,False
57,22,771,True
58,22,8388607,False
59,22,8388607,False
60,22,838,True
61,22,398,True
62,22,8388607,False
63,22,8388607,False
64,22,8388607,False
65,22,8388607,False
66,22,5246,True
67,22,8388607,False
68,22,2998,True
69,22,8388607,False
70,22,8388607,False
71,22,1230,True
72,22,1150,True
73,22,2562,True
74,22,8388607,False
75,22,8388607,False
76,22,304,True
77,22,8388607,False
78,22,8388607,False
79,22,5437,True
80,22,26289,True
81,22,8388607,False
82,22,16811,True
83,22,884,True
84,22,8388607,False
85,22,8388607,False
86,22,8388607,False
87,22,8388607,False
88,22,8388607,False
89,22,8388607,False
90,22,509,True
91,22,8388607,False
92,22,8388607,False
93,22,8388607,False
94,22,8388607,False
95,22,6373,True
96,22,878,True
97,22,8388607,False
98,22,17502,True
99,22,8388607,False
100,22,380,True
101,22,8677,True
102,22,8650,True
103,22,2009,True
104,22,8388607,False
105,22,8388607,False
106,22,8388607,False
107,22,8388607,False
108,22,43361,True
109,22,591,True
110,22,8388607,False
111,22,22586,True
112,22,8388607,False
113,22,8388607,False
114,22,21061,True
115,22,8388607,False
116,22,8388607,False
117,22,8388607,False
118,22,13379,True
119,22,8388607,False
120,22,8388607,False
121,22,1029,True
122,22,4678,True
123,22,8388607,False
124,22,2411,True
125,22,703,True
126,22,8388607,False
127,22,8388607,False
128,22,8388607,False
129,22,824,True
130,22,8388607,False
131,22,8388607,False
132,22,8388607,False
133,22,11624,True
134,22,2885,True
135,22,8388607,False
136,22,2435,True
137,22,8388607,False
138,22,1655,True
139,22,192,True
140,22,8388607,False
141,22,2254,True
142,22,7827,True
143,22,773,True
144,22,525747,True
145,22,8388607,False
146,22,1513,True
147,22,8388607,False
148,22,8388607,False
149,22,8388607,False
150,22,1025,True
151,22,8388607,False
152,22,8388607,False
153,22,1996,True
154,22,735,True
155,22,8388607,False
156,22,33147,True
157,22,8388607,False
158,22,924,True
159,22,1463,True
160,22,8388607,False
161,22,132198,True
162,22,766,True
163,22,8388607,False
164,22,8388607,False
165,22,509,True
166,22,8388607,False
167,22,8388607,False
168,22,8388607,False
169,22,14930,True
170,22,8388607,False
171,22,8388607,False
172,22,8388607,False
173,22,8388607,False
174,22,5443,True
175,22,10363,True
176,22,8388607,False
177,22,8388607,False
178,22,8388607,False
179,22,8388607,False
180,22,8388607,False
181,22,269,True
182,22,8388607,False
183,22,1227,True
184,22,8388607,False
185,22,200746,True
186,22,1646,True
187,22,8388607,False
188,22,8388607,False
189,22,238,True
190,22,8388607,False
191,22,8388607,False
192,22,8388607,False
193,22,207,True
194,22,8388607,False
195,22,8388607,False
196,22,33351,True
197,22,8388607,False
198,22,576,True
199,22,1166,True
200,22,22582,True
201,22,647,True
202,22,8388607,False
203,22,1414,True
204,22,8388607,False
205,22,4287,True
206,22,33467,True
207,22,8388607,False
208,22,8388607,False
209,22,8388607,False
210,22,8388607,False
211,22,728,True
212,22,494,True
213,22,528694,True
214,22,969,True
215,22,8388607,False
216,22,8388607,False
217,22,8388607,False
218,22,8388607,False
219,22,8388607,False
220,22,476,True
221,22,8388607,False
222,22,34862,True
223,22,8388607,False
224,22,224,True
225,22,8388607,False
226,22,8388607,False
227,22,8388607,False
228,22,781,True
229,22,2238,True
230,22,8388607,False
231,22,509,True
232,22,335,True
233,22,8388607,False
234,22,84515,True
235,22,3908,True
236,22,8388607,False
237,22,266,True
238,22,9248,True
239,22,8388607,False
240,22,5377,True
241,22,8388607,False
242,22,8388607,False
243,22,8388607,False
244,22,8388607,False
245,22,1011,True
246,22,8388607,False
247,22,8388607,False
248,22,8388607,False
249,22,749,True
250,22,1868,True
251,22,8388607,False
252,22,143,True
253,22,8388607,False
254,22,8388607,False
255,22,8388607,False
256,22,8388607,False
257,22,431,True
258,22,2817,True
259,22,267,True
260,22,8388607,False
261,22,8388607,False
262,22,8388607,False
263,22,8388607,False
264,22,8388607,False
265,22,8388607,False
266,22,8388607,False
267,22,8388607,False
268,22,3429,True
269,22,8388607,False
270,22,8388607,False
271,22,1048950,True
272,22,1114270,True
273,22,206,True
274,22,766,True
275,22,66243,True
276,22,8388607,False
277,22,651,True
278,22,8388607,False
279,22,8388607,False
280,22,335,True
281,22,8388607,False
282,22,8388607,False
283,22,10948,True
284,22,8388607,False
285,22,8383,True
286,22,8388607,False
287,22,8388607,False
288,22,8388607,False
289,22,67369,True
290,22,8388607,False
291,22,747,True
292,22,8388607,False
293,22,8388607,False
294,22,8388607,False
295,22,4950,True
296,22,1898,True
297,22,1661,True
298,22,263,True
299,22,1523,True
300,22,10674,True
301,22,3181,True
302,22,12482,True
303,22,8388607,False
304,22,894,True
305,22,8388607,False
306,22,264358,True
307,22,4549,True
308,22,8388607,False
309,22,1786,True
310,22,8388607,False
311,22,17066,True
312,22,8388607,False
313,22,8388607,False
314,22,8388607,False
315,22,462,True
316,22,927,True
317,22,1010,True
318,22,827414,True
319,22,8388607,False
320,22,260,True
321,22,1128,True
322,22,8388607,False
323,22,8388607,False
324,22,2890,True
325,22,8388607,False
326,22,10836,True
327,22,8388607,False
328,22,8388607,False
329,22,8388607,False
330,22,1100,True
331,22,8388607,False
332,22,1576,True
333,22,2044,True
334,22,7369,True
335,22,8388607,False
336,22,367,True
337,22,8388607,False
338,22,4392,True
339,22,266458,True
340,22,8388607,False
341,22,1268,True
342,22,4228372,True
343,22,8388607,False
344,22,525,True
345,22,622,True
346,22,8388607,False
347,22,1436,True
348,22,8388607,False
349,22,4703,True
350,22,791186,True
351,22,8388607,False
352,22,905,True
353,22,1166,True
354,22,8388607,False
355,22,524,True
356,22,491540,True
357,22,8388607,False
358,22,8388607,False
359,22,3294,True
360,22,608290,True
361,22,1929,True
362,22,8388607,False
363,22,8388607,False
364,22,196962,True
365,22,2216,True
366,22,4196962,True
367,22,8388607,False
368,22,8388607,False
369,22,239,True
370,22,8388607,False
371,22,8388607,False
372,22,4256,True
373,22,8388607,False
374,22,8388607,False
375,22,3611,True
376,22,2286,True
377,22,43201,True
378,22,317,True
379,22,13265,True
380,22,270938,True
381,22,1223,True
382,22,8388607,False
383,22,8388607,False
384,22,8388607,False
385,22,8388607,False
386,22,592150,True
387,22,17190,True
388,22,1028,True
389,22,998,True
390,22,1246,True
391,22,35028,True
392,22,493,True
393,22,431,True
394,22,8388607,False
395,22,8388607,False
396,22,8388607,False
397,22,367,True
398,22,41124,True
399,22,7259,True
400,22,8388607,False
401,22,4259880,True
402,22,8388607,False
403,22,8388607,False
404,22,91162,True
405,22,8388607,False
406,22,815,True
407,22,132469,True
408,22,11636,True
409,22,2410,True
410,22,8388607,False
411,22,1765,True
412,22,8388607,False
413,22,906,True
414,22,1850,True
415,22,8388607,False
416,22,69757,True
417,22,1032,True
418,22,8388607,False
419,22,1573174,True
420,22,8388607,False
421,22,149074,True
422,22,8388607,False
423,22,8388607,False
424,22,4346,True
425,22,6493,True
426,22,1741,True
427,22,8388607,False
428,22,13959,True
429,22,8388607,False
430,22,870,True
431,22,8706,True
432,22,1312,True
433,22,440,True
434,22,8388607,False
435,22,8388607,False
436,22,3149,True
437,22,2982,True
438,22,8388607,False
439,22,6994,True
440,22,887,True
441,22,4620,True
442,22,7357,True
443,22,8388607,False
444,22,8388607,False
445,22,8388607,False
446,22,69233,True
447,22,8388607,False
448,22,4361,True
449,22,270,True
450,22,1004,True
451,22,8388607,False
452,22,8388607,False
453,22,8388607,False
454,22,3802,True
455,22,2006,True
456,22,8388607,False
457,22,3336,True
458,22,1406,True
459,22,367,True
460,22,623,True
461,22,8388607,False
462,22,1779,True
463,22,6617,True
464,22,8388607,False
465,22,2442,True
466,22,8772,True
467,22,966,True
468,22,8388607,False
469,22,8388607,False
470,22,8388607,False
471,22,8388607,False
472,22,7235,True
473,22,398,True
474,22,8388607,False
475,22,4256,True
476,22,8388607,False
477,22,788708,True
478,22,2790,True
479,22,16844,True
480,22,8388607,False
481,22,718,True
482,22,8388607,False
483,22,8084,True
484,22,8388607,False
485,22,462,True
486,22,4234,True
487,22,4931,True
488,22,8388607,False
489,22,9291,True
490,22,4830,True
491,22,8388607,False
492,22,8388607,False
493,22,1993,True
494,22,3514,True
495,22,8388607,False
496,22,8388607,False
497,22,3686546,True
498,22,335,True
499,22,1290,True
500,22,8388607,False
1,25,45507,True
2,25,4098,True
3,25,3564,True
4,25,3436,True
5,25,67108863,False
6,25,7615,True
7,25,67108863,False
8,25,67108863,False
9,25,2040,True
10,25,1481,True
11,25,1295,True
12,25,266,True
13,25,67108863,False
14,25,9664,True
15,25,67108863,False
16,25,5635,True
17,25,528,True
18,25,67108863,False
19,25,67108863,False
20,25,1057686,True
21,25,5957,True
22,25,67108863,False
23,25,67108863,False
24,25,67108863,False
25,25,67108863,False
26,25,67108863,False
27,25,1536,True
28,25,5488,True
29,25,1005,True
30,25,67108863,False
31,25,67108863,False
32,25,67108863,False
33,25,67108863,False
34,25,80152,True
35,25,67108863,False
36,25,4991,True
37,25,3178566,True
38,25,67108863,False
39,25,1920,True
40,25,284712,True
41,25,67108863,False
42,25,2009,True
43,25,67108863,False
44,25,67108863,False
45,25,67108863,False
46,25,21672,True
47,25,67108863,False
48,25,3853,True
49,25,67108863,False
50,25,67108863,False
51,25,67108863,False
52,25,5536,True
53,25,1713,True
54,25,976,True
55,25,67108863,False
56,25,67108863,False
57,25,2286,True
58,25,67108863,False
59,25,67108863,False
60,25,1023,True
61,25,2016,True
62,25,67108863,False
63,25,67108863,False
64,25,67108863,False
65,25,67108863,False
66,25,15098,True
67,25,67108863,False
68,25,2031,True
69,25,67108863,False
70,25,67108863,False
71,25,3582,True
72,25,2163160,True
73,25,24131,True
74,25,67108863,False
75,25,67108863,False
76,25,1649,True
77,25,67108863,False
78,25,67108863,False
79,25,13346,True
80,25,1744,True
81,25,67108863,False
82,25,25017,True
83,25,78467,True
84,25,67108863,False
85,25,67108863,False
86,25,67108863,False
87,25,67108863,False
88,25,67108863,False
89,25,67108863,False
90,25,140661,True
91,25,67108863,False
92,25,67108863,False
93,25,67108863,False
94,25,67108863,False
95,25,19773,True
96,25,6791,True
97,25,67108863,False
98,25,8763,True
99,25,67108863,False
100,25,58028,True
101,25,8625,True
102,25,1544,True
103,25,102476,True
104,25,67108863,False
105,25,67108863,False
106,25,67108863,False
107,25,67108863,False
108,25,781,True
109,25,2560,True
110,25,67108863,False
111,25,4206805,True
112,25,67108863,False
113,25,67108863,False
114,25,4229910,True
115,25,67108863,False
116,25,67108863,False
117,25,67108863,False
118,25,1864,True
119,25,67108863,False
120,25,67108863,False
121,25,1551,True
122,25,101468,True
123,25,67108863,False
124,25,528,True
125,25,42667,True
126,25,67108863,False
127,25,67108863,False
128,25,67108863,False
129,25,1204340,True
130,25,67108863,False
131,25,67108863,False
132,25,67108863,False
133,25,400,True
134,25,3532,True
135,25,67108863,False
136,25,1984,True
137,25,67108863,False
138,25,6509,True
139,25,1536,True
140,25,67108863,False
141,25,68040,True
142,25,266407,True
143,25,2568,True
144,25,34607,True
145,25,67108863,False
146,25,973,True
147,25,67108863,False
148,25,67108863,False
149,25,67108863,False
150,25,2512,True
151,25,67108863,False
152,25,67108863,False
153,25,2568,True
154,25,10873,True
155,25,67108863,False
156,25,146,True
157,25,67108863,False
158,25,29400,True
159,25,657,True
160,25,67108863,False
161,25,8801,True
162,25,1586,True
163,25,67108863,False
164,25,67108863,False
165,25,1423,True
166,25,67108863,False
167,25,67108863,False
168,25,67108863,False
169,25,19138613,True
170,25,67108863,False
171,25,67108863,False
172,25,67108863,False
173,25,67108863,False
174,25,1032,True
175,25,897,True
176,25,67108863,False
177,25,67108863,False
178,25,67108863,False
179,25,67108863,False
180,25,67108863,False
181,25,3846,True
182,25,67108863,False
183,25,12834,True
184,25,67108863,False
185,25,134836,True
186,25,9157,True
187,25,67108863,False
188,25,67108863,False
189,25,3076,True
190,25,67108863,False
191,25,67108863,False
192,25,67108863,False
193,25,528,True
194,25,67108863,False
195,25,67108863,False
196,25,12060,True
197,25,67108863,False
198,25,8528,True
199,25,5552,True
200,25,533550,True
201,25,23212,True
202,25,67108863,False
203,25,4090,True
204,25,67108863,False
205,25,39072,True
206,25,37336,True
207,25,67108863,False
208,25,67108863,False
209,25,67108863,False
210,25,67108863,False
211,25,2055,True
212,25,3047,True
213,25,16925270,True
214,25,1743,True
215,25,67108863,False
216,25,67108863,False
217,25,67108863,False
218,25,67108863,False
219,25,67108863,False
220,25,135744,True
221,25,67108863,False
222,25,17963284,True
223,25,67108863,False
224,25,1857,True
225,25,67108863,False
226,25,67108863,False
227,25,67108863,False
228,25,11004,True
229,25,2494,True
230,25,67108863,False
231,25,35919,True
232,25,9592,True
233,25,67108863,False
234,25,31131,True
235,25,77043,True
236,25,67108863,False
237,25,783,True
238,25,18911828,True
239,25,67108863,False
240,25,945,True
241,25,67108863,False
242,25,67108863,False
243,25,67108863,False
244,25,67108863,False
245,25,1485,True
246,25,67108863,False
247,25,67108863,False
248,25,67108863,False
249,25,3309636,True
250,25,5418,True
251,25,67108863,False
252,25,1550,True
253,25,67108863,False
254,25,67108863,False
255,25,67108863,False
256,25,67108863,False
257,25,21071,True
258,25,4214294,True
259,25,973,True
260,25,67108863,False
261,25,67108863,False
262,25,67108863,False
263,25,67108863,False
264,25,67108863,False
265,25,67108863,False
266,25,67108863,False
267,25,67108863,False
268,25,2445,True
269,25,67108863,False
270,25,67108863,False
271,25,4202713,True
272,25,15460,True
273,25,14811165,True
274,25,17926,True
275,25,9392,True
276,25,67108863,False
277,25,465,True
278,25,67108863,False
279,25,67108863,False
280,25,16098,True
281,25,67108863,False
282,25,67108863,False
283,25,67204,True
284,25,67108863,False
285,25,1087542,True
286,25,67108863,False
287,25,67108863,False
288,25,67108863,False
289,25,15736853,True
290,25,67108863,False
291,25,1484,True
292,25,67108863,False
293,25,67108863,False
294,25,67108863,False
295,25,3149,True
296,25,1536,True
297,25,6721,True
298,25,1769,True
299,25,434,True
300,25,296156,True
301,25,20905,True
302,25,180759,True
303,25,67108863,False
304,25,7406,True
305,25,67108863,False
306,25,1478,True
307,25,4748,True
308,25,67108863,False
309,25,490,True
310,25,67108863,False
311,25,2320,True
312,25,67108863,False
313,25,67108863,False
314,25,67108863,False
315,25,197452,True
316,25,273,True
317,25,7895,True
318,25,21096,True
319,25,67108863,False
320,25,1296,True
321,25,49896,True
322,25,67108863,False
323,25,67108863,False
324,25,370,True
325,25,67108863,False
326,25,1293,True
327,25,67108863,False
328,25,67108863,False
329,25,67108863,False
330,25,558128,True
331,25,67108863,False
332,25,400,True
333,25,521,True
334,25,784,True
335,25,67108863,False
336,25,1296,True
337,25,67108863,False
338,25,16841,True
339,25,545109,True
340,25,67108863,False
341,25,1967,True
342,25,65857,True
343,25,67108863,False
344,25,1039,True
345,25,8956,True
346,25,67108863,False
347,25,2572,True
348,25,67108863,False
349,25,521,True
350,25,132902,True
351,25,67108863,False
352,25,4871,True
353,25,465,True
354,25,67108863,False
355,25,30359,True
356,25,17858838,True
357,25,67108863,False
358,25,67108863,False
359,25,3769,True
360,25,2105946,True
361,25,3836,True
362,25,67108863,False
363,25,67108863,False
364,25,132258,True
365,25,1189945,True
366,25,4718789,True
367,25,67108863,False
368,25,67108863,False
369,25,973,True
370,25,67108863,False
371,25,67108863,False
372,25,4514,True
373,25,67108863,False
374,25,67108863,False
375,25,6502,True
376,25,401,True
377,25,2943,True
378,25,49262,True
379,25,1532,True
380,25,532654,True
381,25,183320,True
382,25,67108863,False
383,25,67108863,False
384,25,67108863,False
385,25,67108863,False
386,25,37754420,True
387,25,15498,True
388,25,458,True
389,25,976,True
390,25,9738,True
391,25,639064,True
392,25,401,True
393,25,29849,True
394,25,67108863,False
395,25,67108863,False
396,25,67108863,False
397,25,1896,True
398,25,545174,True
399,25,9699486,True
400,25,67108863,False
401,25,271669,True
402,25,67108863,False
403,25,67108863,False
404,25,9092,True
405,25,67108863,False
406,25,2560,True
407,25,721,True
408,25,4589,True
409,25,5194,True
410,25,67108863,False
411,25,6257,True
412,25,67108863,False
413,25,3312,True
414,25,34521,True
415,25,67108863,False
416,25,70683,True
417,25,26411,True
418,25,67108863,False
419,25,5942,True
420,25,67108863,False
421,25,102520,True
422,25,67108863,False
423,25,67108863,False
424,25,15461,True
425,25,17897500,True
426,25,5488,True
427,25,67108863,False
428,25,1424,True
429,25,67108863,False
430,25,9987,True
431,25,3582,True
432,25,513,True
433,25,21119,True
434,25,67108863,False
435,25,67108863,False
436,25,57424,True
437,25,19049,True
438,25,67108863,False
439,25,21686,True
440,25,57693,True
441,25,657,True
442,25,465,True
443,25,67108863,False
444,25,67108863,False
445,25,67108863,False
446,25,5123,True
447,25,67108863,False
448,25,1036,True
449,25,2568,True
450,25,2242,True
451,25,67108863,False
452,25,67108863,False
453,25,67108863,False
454,25,528,True
455,25,23507,True
456,25,67108863,False
457,25,784,True
458,25,521,True
459,25,14244,True
460,25,84044,True
461,25,67108863,False
462,25,2881,True
463,25,134171,True
464,25,67108863,False
465,25,1039,True
466,25,3340,True
467,25,2571,True
468,25,67108863,False
469,25,67108863,False
470,25,67108863,False
471,25,67108863,False
472,25,992,True
473,25,3839,True
474,25,67108863,False
475,25,8458521,True
476,25,67108863,False
477,25,3178565,True
478,25,3776,True
479,25,1551,True
480,25,67108863,False
481,25,19272,True
482,25,67108863,False
483,25,12905,True
484,25,67108863,False
485,25,3918,True
486,25,136421,True
487,25,173148,True
488,25,67108863,False
489,25,14911,True
490,25,35501,True
491,25,67108863,False
492,25,67108863,False
493,25,2959,True
494,25,3061,True
495,25,67108863,False
496,25,67108863,False
497,25,3736100,True
498,25,3258,True
499,25,1258,True
500,25,67108863,False
1,27,305604,True
2,27,1808,True
3,27,2801,True
4,27,9546,True
5,27,268435455,False
6,27,7112,True
7,27,268435455,False
8,27,268435455,False
9,27,6017,True
10,27,20289,True
11,27,1003,True
12,27,19593,True
13,27,268435455,False
14,27,1806,True
15,27,268435455,False
16,27,49827,True
17,27,8530,True
18,27,268435455,False
19,27,268435455,False
20,27,4723830,True
21,27,1385002,True
22,27,268435455,False
23,27,268435455,False
24,27,268435455,False
25,27,268435455,False
26,27,268435455,False
27,27,1010,True
28,27,1808,True
29,27,1041,True
30,27,268435455,False
31,27,268435455,False
32,27,268435455,False
33,27,268435455,False
34,27,600358,True
35,27,268435455,False
36,27,84902,True
37,27,34735144,True
38,27,268435455,False
39,27,914,True
40,27,21806,True
41,27,268435455,False
42,27,899,True
43,27,268435455,False
44,27,268435455,False
45,27,268435455,False
46,27,10929,True
47,27,268435455,False
48,27,995,True
49,27,268435455,False
50,27,268435455,False
51,27,268435455,False
52,27,38313,True
53,27,4014,True
54,27,1041,True
55,27,268435455,False
56,27,268435455,False
57,27,403,True
58,27,268435455,False
59,27,268435455,False
60,27,2387,True
61,27,1010,True
62,27,268435455,False
63,27,268435455,False
64,27,268435455,False
65,27,268435455,False
66,27,3561,True
67,27,268435455,False
68,27,3073,True
69,27,268435455,False
70,27,268435455,False
71,27,17806,True
72,27,893081,True
73,27,4227973,True
74,27,268435455,False
75,27,268435455,False
76,27,530,True
77,27,268435455,False
78,27,268435455,False
79,27,1809,True
80,27,1291,True
81,27,268435455,False
82,27,17577,True
83,27,137686,True
84,27,268435455,False
85,27,268435455,False
86,27,268435455,False
87,27,268435455,False
88,27,268435455,False
89,27,268435455,False
90,27,17371,True
91,27,268435455,False
92,27,268435455,False
93,27,268435455,False
94,27,268435455,False
95,27,5834,True
96,27,2237765,True
97,27,268435455,False
98,27,103710,True
99,27,268435455,False
100,27,1041,True
101,27,3911,True
102,27,13065,True
103,27,2895,True
104,27,268435455,False
105,27,268435455,False
106,27,268435455,False
107,27,268435455,False
108,27,417880,True
109,27,1809,True
110,27,268435455,False
111,27,2459029,True
112,27,268435455,False
113,27,268435455,False
114,27,322070,True
115,27,268435455,False
116,27,268435455,False
117,27,268435455,False
118,27,29606,True
119,27,268435455,False
120,27,268435455,False
121,27,2696,True
122,27,2637859,True
123,27,268435455,False
124,27,656314,True
125,27,1295,True
126,27,268435455,False
127,27,268435455,False
128,27,268435455,False
129,27,134285,True
130,27,268435455,False
131,27,268435455,False
132,27,268435455,False
133,27,1746,True
134,27,2000,True
135,27,268435455,False
136,27,23484,True
137,27,268435455,False
138,27,5475,True
139,27,44683,True
140,27,268435455,False
141,27,2961,True
142,27,13162,True
143,27,3506,True
144,27,19269670,True
145,27,268435455,False
146,27,311997,True
147,27,268435455,False
148,27,268435455,False
149,27,268435455,False
150,27,26830,True
151,27,268435455,False
152,27,268435455,False
153,27,10176,True
154,27,7345,True
155,27,268435455,False
156,27,1053174,True
157,27,268435455,False
158,27,1010,True
159,27,74866,True
160,27,268435455,False
161,27,1050079,True
162,27,4624,True
163,27,268435455,False
164,27,268435455,False
165,27,49295,True
166,27,268435455,False
167,27,268435455,False
168,27,268435455,False
169,27,71262,True
170,27,268435455,False
171,27,268435455,False
172,27,268435455,False
173,27,268435455,False
174,27,8111,True
175,27,72580,True
176,27,268435455,False
177,27,268435455,False
178,27,268435455,False
179,27,268435455,False
180,27,268435455,False
181,27,3025,True
182,27,268435455,False
183,27,8458,True
184,27,268435455,False
185,27,176492,True
186,27,38090,True
187,27,268435455,False
188,27,268435455,False
189,27,15965,True
190,27,268435455,False
191,27,268435455,False
192,27,268435455,False
193,27,3410,True
194,27,268435455,False
195,27,268435455,False
196,27,49832,True
197,27,268435455,False
198,27,9489,True
199,27,201007,True
200,27,11253,True
201,27,1553,True
202,27,268435455,False
203,27,1675,True
204,27,268435455,False
205,27,147763,True
206,27,397480,True
207,27,268435455,False
208,27,268435455,False
209,27,268435455,False
210,27,268435455,False
211,27,659,True
212,27,5118,True
213,27,2134622,True
214,27,2450,True
215,27,268435455,False
216,27,268435455,False
217,27,268435455,False
218,27,268435455,False
219,27,268435455,False
220,27,4007,True
221,27,268435455,False
222,27,7345,True
223,27,268435455,False
224,27,3072,True
225,27,268435455,False
226,27,268435455,False
227,27,268435455,False
228,27,30137,True
229,27,16812,True
230,27,268435455,False
231,27,4575,True
232,27,467,True
233,27,268435455,False
234,27,35544,True
235,27,58713,True
236,27,268435455,False
237,27,11696,True
238,27,17925,True
239,27,268435455,False
240,27,5648,True
241,27,268435455,False
242,27,268435455,False
243,27,268435455,False
244,27,268435455,False
245,27,4818,True
246,27,268435455,False
247,27,268435455,False
248,27,268435455,False
249,27,1794,True
250,27,1040,True
251,27,268435455,False
252,27,978,True
253,27,268435455,False
254,27,268435455,False
255,27,268435455,False
256,27,268435455,False
257,27,44698,True
258,27,41973,True
259,27,403,True
260,27,268435455,False
261,27,268435455,False
262,27,268435455,False
263,27,268435455,False
264,27,268435455,False
265,27,268435455,False
266,27,268435455,False
267,27,268435455,False
268,27,5005,True
269,27,268435455,False
270,27,268435455,False
271,27,134360,True
272,27,150687,True
273,27,12512,True
274,27,1873,True
275,27,68078,True
276,27,268435455,False
277,27,19086,True
278,27,268435455,False
279,27,268435455,False
280,27,388,True
281,27,268435455,False
282,27,268435455,False
283,27,2954,True
284,27,268435455,False
285,27,91287,True
286,27,268435455,False
287,27,268435455,False
288,27,268435455,False
289,27,172458,True
290,27,268435455,False
291,27,2061,True
292,27,268435455,False
293,27,268435455,False
294,27,268435455,False
295,27,46223382,True
296,27,1930,True
297,27,1778,True
298,27,41354,True
299,27,2173495,True
300,27,137384,True
301,27,1522,True
302,27,273454,True
303,27,268435455,False
304,27,3010,True
305,27,268435455,False
306,27,197366,True
307,27,166983,True
308,27,268435455,False
309,27,1010,True
310,27,268435455,False
311,27,1331240,True
312,27,268435455,False
313,27,268435455,False
314,27,268435455,False
315,27,5578,True
316,27,5855,True
317,27,58042,True
318,27,197738,True
319,27,268435455,False
320,27,7505,True
321,27,7490,True
322,27,268435455,False
323,27,268435455,False
324,27,5976,True
325,27,268435455,False
326,27,5451,True
327,27,268435455,False
328,27,268435455,False
329,27,268435455,False
330,27,308262,True
331,27,268435455,False
332,27,29486,True
333,27,12794,True
334,27,2898,True
335,27,268435455,False
336,27,1538,True
337,27,268435455,False
338,27,4878,True
339,27,141648,True
340,27,268435455,False
341,27,11114,True
342,27,271969,True
343,27,268435455,False
344,27,21761,True
345,27,1291,True
346,27,268435455,False
347,27,82786,True
348,27,268435455,False
349,27,23713,True
350,27,13990,True
351,27,268435455,False
352,27,2045,True
353,27,3793,True
354,27,268435455,False
355,27,786,True
356,27,168035360,True
357,27,268435455,False
358,27,268435455,False
359,27,2574,True
360,27,280863,True
361,27,1682,True
362,27,268435455,False
363,27,268435455,False
364,27,5228,True
365,27,2215959,True
366,27,18880570,True
367,27,268435455,False
368,27,268435455,False
369,27,18129,True
370,27,268435455,False
371,27,268435455,False
372,27,672417,True
373,27,268435455,False
374,27,268435455,False
375,27,24157,True
376,27,527,True
377,27,17098,True
378,27,3275,True
379,27,11386,True
380,27,3154264,True
381,27,8064,True
382,27,268435455,False
383,27,268435455,False
384,27,268435455,False
385,27,268435455,False
386,27,71307562,True
387,27,203166,True
388,27,2994,True
389,27,11149,True
390,27,1298,True
391,27,38074,True
392,27,6128,True
393,27,275,True
394,27,268435455,False
395,27,268435455,False
396,27,268435455,False
397,27,4610,True
398,27,17369781,True
399,27,34438,True
400,27,268435455,False
401,27,10514966,True
402,27,268435455,False
403,27,268435455,False
404,27,591451,True
405,27,268435455,False
406,27,20297,True
407,27,35321,True
408,27,21000,True
409,27,37629,True
410,27,268435455,False
411,27,15941,True
412,27,268435455,False
413,27,1410,True
414,27,48252,True
415,27,268435455,False
416,27,5244994,True
417,27,4603,True
418,27,268435455,False
419,27,108727,True
420,27,268435455,False
421,27,29885557,True
422,27,268435455,False
423,27,268435455,False
424,27,792985,True
425,27,69288027,True
426,27,144205,True
427,27,268435455,False
428,27,117357,True
429,27,268435455,False
430,27,6556,True
431,27,515,True
432,27,786,True
433,27,18279,True
434,27,268435455,False
435,27,268435455,False
436,27,8974,True
437,27,12065,True
438,27,268435455,False
439,27,835798,True
440,27,659,True
441,27,21768,True
442,27,7041,True
443,27,268435455,False
444,27,268435455,False
445,27,268435455,False
446,27,2443,True
447,27,268435455,False
448,27,13423,True
449,27,899,True
450,27,5759,True
451,27,268435455,False
452,27,268435455,False
453,27,268435455,False
454,27,8970,True
455,27,426615,True
456,27,268435455,False
457,27,1906,True
458,27,1019,True
459,27,5073,True
460,27,1031,True
461,27,268435455,False
462,27,6148,True
463,27,82047,True
464,27,268435455,False
465,27,5362,True
466,27,4945,True
467,27,659,True
468,27,268435455,False
469,27,268435455,False
470,27,268435455,False
471,27,268435455,False
472,27,10985,True
473,27,8071,True
474,27,268435455,False
475,27,1573547,True
476,27,268435455,False
477,27,352351,True
478,27,3395,True
479,27,2954,True
480,27,268435455,False
481,27,2064,True
482,27,268435455,False
483,27,9968,True
484,27,268435455,False
485,27,13807,True
486,27,25672,True
487,27,1376838,True
488,27,268435455,False
489,27,1023,True
490,27,201033,True
491,27,268435455,False
492,27,268435455,False
493,27,6925,True
494,27,3590,True
495,27,268435455,False
496,27,268435455,False
497,27,20737,True
498,27,1034,True
499,27,3345,True
500,27,268435455,False
1,30,307655,True
2,30,5651,True
3,30,12804,True
4,30,1206377,True
5,30,2147483647,False
6,30,31618,True
7,30,2147483647,False
8,30,2147483647,False
9,30,22031,True
10,30,2948,True
11,30,39762,True
12,30,206013,True
13,30,2147483647,False
14,30,39652,True
15,30,2147483647,False
16,30,2835,True
17,30,7186,True
18,30,2147483647,False
19,30,2147483647,False
20,30,10133784,True
21,30,7312,True
22,30,2147483647,False
23,30,2147483647,False
24,30,2147483647,False
25,30,2147483647,False
26,30,2147483647,False
27,30,29201,True
28,30,20419,True
29,30,406,True
30,30,2147483647,False
31,30,2147483647,False
32,30,2147483647,False
33,30,2147483647,False
34,30,5280835,True
35,30,2147483647,False
36,30,7923,True
37,30,9964344,True
38,30,2147483647,False
39,30,2036,True
40,30,10989,True
41,30,2147483647,False
42,30,51730,True
43,30,2147483647,False
44,30,2147483647,False
45,30,2147483647,False
46,30,141988,True
47,30,2147483647,False
48,30,19971,True
49,30,2147483647,False
50,30,2147483647,False
51,30,2147483647,False
52,30,730273,True
53,30,10756,True
54,30,31487,True
55,30,2147483647,False
56,30,2147483647,False
57,30,41716,True
58,30,2147483647,False
59,30,2147483647,False
60,30,1622,True
61,30,2060,True
62,30,2147483647,False
63,30,2147483647,False
64,30,2147483647,False
65,30,2147483647,False
66,30,6146,True
67,30,2147483647,False
68,30,2836,True
69,30,2147483647,False
70,30,2147483647,False
71,30,1043,True
72,30,5381,True
73,30,11077,True
74,30,2147483647,False
75,30,2147483647,False
76,30,216172,True
77,30,2147483647,False
78,30,2147483647,False
79,30,37332,True
80,30,147294,True
81,30,2147483647,False
82,30,8630,True
83,30,7396,True
84,30,2147483647,False
85,30,2147483647,False
86,30,2147483647,False
87,30,2147483647,False
88,30,2147483647,False
89,30,2147483647,False
90,30,28083,True
91,30,2147483647,False
92,30,2147483647,False
93,30,2147483647,False
94,30,2147483647,False
95,30,1006,True
96,30,2036,True
97,30,2147483647,False
98,30,360928,True
99,30,2147483647,False
100,30,8019,True
101,30,11916,True
102,30,3475,True
103,30,43153,True
104,30,2147483647,False
105,30,2147483647,False
106,30,2147483647,False
107,30,2147483647,False
108,30,19284,True
109,30,1809,True
110,30,2147483647,False
111,30,12632636,True
112,30,2147483647,False
113,30,2147483647,False
114,30,30647,True
115,30,2147483647,False
116,30,2147483647,False
117,30,2147483647,False
118,30,4035,True
119,30,2147483647,False
120,30,2147483647,False
121,30,3060,True
122,30,13901903,True
123,30,2147483647,False
124,30,3852,True
125,30,1997,True
126,30,2147483647,False
127,30,2147483647,False
128,30,2147483647,False
129,30,100930,True
130,30,2147483647,False
131,30,2147483647,False
132,30,2147483647,False
133,30,5749,True
134,30,24132,True
135,30,2147483647,False
136,30,67726,True
137,30,2147483647,False
138,30,6965,True
139,30,81606,True
140,30,2147483647,False
141,30,5129,True
142,30,821051,True
143,30,15747,True
144,30,344746,True
145,30,2147483647,False
146,30,71037,True
147,30,2147483647,False
148,30,2147483647,False
149,30,2147483647,False
150,30,40826,True
151,30,2147483647,False
152,30,2147483647,False
153,30,5651,True
154,30,11573,True
155,30,2147483647,False
156,30,1053810,True
157,30,2147483647,False
158,30,216264,True
159,30,10255,True
160,30,2147483647,False
161,30,1092680,True
162,30,7058,True
163,30,2147483647,False
164,30,2147483647,False
165,30,21543,True
166,30,2147483647,False
167,30,2147483647,False
168,30,2147483647,False
169,30,1068250,True
170,30,2147483647,False
171,30,2147483647,False
172,30,2147483647,False
173,30,2147483647,False
174,30,9740,True
175,30,29842,True
176,30,2147483647,False
177,30,2147483647,False
178,30,2147483647,False
179,30,2147483647,False
180,30,2147483647,False
181,30,4114,True
182,30,2147483647,False
183,30,91282,True
184,30,2147483647,False
185,30,4264606,True
186,30,13029,True
187,30,2147483647,False
188,30,2147483647,False
189,30,917,True
190,30,2147483647,False
191,30,2147483647,False
192,30,2147483647,False
193,30,10900,True
194,30,2147483647,False
195,30,2147483647,False
196,30,9767200,True
197,30,2147483647,False
198,30,9101,True
199,30,3348,True
200,30,410044,True
201,30,6013,True
202,30,2147483647,False
203,30,574545,True
204,30,2147483647,False
205,30,156296,True
206,30,4287065,True
207,30,2147483647,False
208,30,2147483647,False
209,30,2147483647,False
210,30,2147483647,False
211,30,2964,True
212,30,11124,True
213,30,4241444,True
214,30,6099,True
215,30,2147483647,False
216,30,2147483647,False
217,30,2147483647,False
218,30,2147483647,False
219,30,2147483647,False
220,30,18700,True
221,30,2147483647,False
222,30,12096,True
223,30,2147483647,False
224,30,51475,True
225,30,2147483647,False
226,30,2147483647,False
227,30,2147483647,False
228,30,10257,True
229,30,205507,True
230,30,2147483647,False
231,30,16795312,True
232,30,82955,True
233,30,2147483647,False
234,30,72368,True
235,30,175783,True
236,30,2147483647,False
237,30,3177496,True
238,30,67797085,True
239,30,2147483647,False
240,30,9108,True
241,30,2147483647,False
242,30,2147483647,False
243,30,2147483647,False
244,30,2147483647,False
245,30,532,True
246,30,2147483647,False
247,30,2147483647,False
248,30,2147483647,False
249,30,11348,True
250,30,2060,True
251,30,2147483647,False
252,30,3984,True
253,30,2147483647,False
254,30,2147483647,False
255,30,2147483647,False
256,30,2147483647,False
257,30,3946,True
258,30,5374626,True
259,30,5073,True
260,30,2147483647,False
261,30,2147483647,False
262,30,2147483647,False
263,30,2147483647,False
264,30,2147483647,False
265,30,2147483647,False
266,30,2147483647,False
267,30,2147483647,False
268,30,160562,True
269,30,2147483647,False
270,30,2147483647,False
271,30,537404001,True
272,30,67718,True
273,30,541156,True
274,30,54091,True
275,30,22830,True
276,30,2147483647,False
277,30,917,True
278,30,2147483647,False
279,30,2147483647,False
280,30,21876,True
281,30,2147483647,False
282,30,2147483647,False
283,30,13251,True
284,30,2147483647,False
285,30,67668272,True
286,30,2147483647,False
287,30,2147483647,False
288,30,2147483647,False
289,30,2626408,True
290,30,2147483647,False
291,30,3859,True
292,30,2147483647,False
293,30,2147483647,False
294,30,2147483647,False
295,30,19269148,True
296,30,8004,True
297,30,23692,True
298,30,36488,True
299,30,331942,True
300,30,2188448,True
301,30,426038,True
302,30,117575722,True
303,30,2147483647,False
304,30,62564,True
305,30,2147483647,False
306,30,72370218,True
307,30,7853,True
308,30,2147483647,False
309,30,6147,True
310,30,2147483647,False
311,30,6061,True
312,30,2147483647,False
313,30,2147483647,False
314,30,2147483647,False
315,30,145091,True
316,30,223439,True
317,30,267955,True
318,30,10216,True
319,30,2147483647,False
320,30,116603,True
321,30,14593,True
322,30,2147483647,False
323,30,2147483647,False
324,30,5107,True
325,30,2147483647,False
326,30,52667,True
327,30,2147483647,False
328,30,2147483647,False
329,30,2147483647,False
330,30,8471480,True
331,30,2147483647,False
332,30,53889,True
333,30,1044,True
334,30,3091,True
335,30,2147483647,False
336,30,6140,True
337,30,2147483647,False
338,30,5957,True
339,30,57743,True
340,30,2147483647,False
341,30,136787,True
342,30,428097,True
343,30,2147483647,False
344,30,2064,True
345,30,30620,True
346,30,2147483647,False
347,30,10185,True
348,30,2147483647,False
349,30,55376,True
350,30,281786,True
351,30,2147483647,False
352,30,30979,True
353,30,1556,True
354,30,2147483647,False
355,30,1041,True
356,30,4206800,True
357,30,2147483647,False
358,30,2147483647,False
359,30,2060,True
360,30,10358,True
361,30,7380,True
362,30,2147483647,False
363,30,2147483647,False
364,30,2628200,True
365,30,2762269,True
366,30,313147,True
367,30,2147483647,False
368,30,2147483647,False
369,30,22027,True
370,30,2147483647,False
371,30,2147483647,False
372,30,15484,True
373,30,2147483647,False
374,30,2147483647,False
375,30,67470393,True
376,30,37357,True
377,30,7182,True
378,30,18284573,True
379,30,9939,True
380,30,231624,True
381,30,502,True
382,30,2147483647,False
383,30,2147483647,False
384,30,2147483647,False
385,30,2147483647,False
386,30,1672221,True
387,30,19913,True
388,30,5136,True
389,30,14307,True
390,30,15240,True
391,30,40454,True
392,30,1013,True
393,30,7436,True
394,30,2147483647,False
395,30,2147483647,False
396,30,2147483647,False
397,30,35588,True
398,30,570951321,True
399,30,25690661,True
400,30,2147483647,False
401,30,37757612,True
402,30,2147483647,False
403,30,2147483647,False
404,30,55552,True
405,30,2147483647,False
406,30,2198,True
407,30,74150,True
408,30,3859,True
409,30,1327482,True
410,30,2147483647,False
411,30,530865,True
412,30,2147483647,False
413,30,9101,True
414,30,16853,True
415,30,2147483647,False
416,30,8716650,True
417,30,100172,True
418,30,2147483647,False
419,30,4756281,True
420,30,2147483647,False
421,30,4980,True
422,30,2147483647,False
423,30,2147483647,False
424,30,4341889,True
425,30,1706652,True
426,30,10771,True
427,30,2147483647,False
428,30,57828,True
429,30,2147483647,False
430,30,5650,True
431,30,88618,True
432,30,18835,True
433,30,56496,True
434,30,2147483647,False
435,30,2147483647,False
436,30,172875,True
437,30,10194,True
438,30,2147483647,False
439,30,98570,True
440,30,689456,True
441,30,33808,True
442,30,23187,True
443,30,2147483647,False
444,30,2147483647,False
445,30,2147483647,False
446,30,10195,True
447,30,2147483647,False
448,30,3069,True
449,30,8193,True
450,30,99088,True
451,30,2147483647,False
452,30,2147483647,False
453,30,2147483647,False
454,30,28050,True
455,30,84276,True
456,30,2147483647,False
457,30,8145,True
458,30,533,True
459,30,42769,True
460,30,7632,True
461,30,2147483647,False
462,30,1029,True
463,30,3197210,True
464,30,2147483647,False
465,30,32142,True
466,30,6485,True
467,30,7908,True
468,30,2147483647,False
469,30,2147483647,False
470,30,2147483647,False
471,30,2147483647,False
472,30,1115268,True
473,30,2052,True
474,30,2147483647,False
475,30,21732,True
476,30,2147483647,False
477,30,25296,True
478,30,50741,True
479,30,40875,True
480,30,2147483647,False
481,30,2036,True
482,30,2147483647,False
483,30,142786,True
484,30,2147483647,False
485,30,14865,True
486,30,6560570,True
487,30,72359982,True
488,30,2147483647,False
489,30,1657017,True
490,30,41158,True
491,30,2147483647,False
492,30,2147483647,False
493,30,5651,True
494,30,418209,True
495,30,2147483647,False
496,30,2147483647,False
497,30,1368136,True
498,30,5907,True
499,30,7508,True
500,30,2147483647,False
1,4,13,True
2,4,9,True
3,4,12,True
4,4,20,True
5,4,31,False
6,4,6,True
7,4,31,False
8,4,31,False
9,4,15,True
10,4,20,True
11,4,23,True
12,4,9,True
13,4,31,False
14,4,20,True
15,4,31,False
16,4,8,True
17,4,20,True
18,4,31,False
19,4,31,False
20,4,8,True
21,4,20,True
22,4,31,False
23,4,31,False
24,4,31,False
25,4,31,False
26,4,31,False
27,4,6,True
28,4,13,True
29,4,20,True
30,4,31,False
31,4,31,False
32,4,31,False
33,4,31,False
34,4,21,True
35,4,31,False
36,4,9,True
37,4,21,True
38,4,31,False
39,4,15,True
40,4,8,True
41,4,31,False
42,4,13,True
43,4,31,False
44,4,31,False
45,4,31,False
46,4,6,True
47,4,31,False
48,4,23,True
49,4,31,False
50,4,31,False
51,4,31,False
52,4,6,True
53,4,21,True
54,4,15,True
55,4,31,False
56,4,31,False
57,4,6,True
58,4,31,False
59,4,31,False
60,4,9,True
61,4,9,True
62,4,31,False
63,4,31,False
64,4,31,False
65,4,31,False
66,4,13,True
67,4,31,False
68,4,8,True
69,4,31,False
70,4,31,False
71,4,6,True
72,4,23,True
73,4,8,True
74,4,31,False
75,4,31,False
76,4,9,True
77,4,31,False
78,4,31,False
79,4,20,True
80,4,6,True
81,4,31,False
82,4,20,True
83,4,8,True
84,4,31,False
85,4,31,False
86,4,31,False
87,4,31,False
88,4,31,False
89,4,31,False
90,4,28,True
91,4,31,False
92,4,31,False
93,4,31,False
94,4,31,False
95,4,6,True
96,4,6,True
97,4,31,False
98,4,12,True
99,4,31,False
100,4,8,True
101,4,21,True
102,4,13,True
103,4,20,True
104,4,31,False
105,4,31,False
106,4,31,False
107,4,31,False
108,4,9,True
109,4,20,True
110,4,31,False
111,4,27,True
112,4,31,False
113,4,31,False
114,4,23,True
115,4,31,False
116,4,31,False
117,4,31,False
118,4,20,True
119,4,31,False
120,4,31,False
121,4,13,True
122,4,27,True
123,4,31,False
124,4,28,True
125,4,12,True
126,4,31,False
127,4,31,False
128,4,31,False
129,4,8,True
130,4,31,False
131,4,31,False
132,4,31,False
133,4,9,True
134,4,8,True
135,4,31,False
136,4,23,True
137,4,31,False
138,4,6,True
139,4,9,True
140,4,31,False
141,4,15,True
142,4,12,True
143,4,13,True
144,4,9,True
145,4,31,False
146,4,21,True
147,4,31,False
148,4,31,False
149,4,31,False
150,4,12,True
151,4,31,False
152,4,31,False
153,4,21,True
154,4,13,True
155,4,31,False
156,4,13,True
157,4,31,False
158,4,9,True
159,4,12,True
160,4,31,False
161,4,6,True
162,4,9,True
163,4,31,False
164,4,12,True
165,4,20,True
166,4,31,False
167,4,31,False
168,4,31,False
169,4,27,True
170,4,31,False
171,4,31,False
172,4,31,False
173,4,31,False
174,4,9,True
175,4,13,True
176,4,31,False
177,4,31,False
178,4,31,False
179,4,31,False
180,4,31,False
181,4,15,True
182,4,31,False
183,4,12,True
184,4,31,False
185,4,13,True
186,4,12,True
187,4,31,False
188,4,31,False
189,4,12,True
190,4,31,False
191,4,31,False
192,4,31,False
193,4,13,True
194,4,31,False
195,4,31,False
196,4,23,True
197,4,31,False
198,4,20,True
199,4,6,True
200,4,27,True
201,4,13,True
202,4,31,False
203,4,8,True
204,4,31,False
205,4,9,True
206,4,12,True
207,4,31,False
208,4,31,False
209,4,31,False
210,4,31,False
211,4,21,True
212,4,12,True
213,4,21,True
214,4,21,True
215,4,31,False
216,4,31,False
217,4,31,False
218,4,31,False
219,4,31,False
220,4,6,True
221,4,31,False
222,4,9,True
223,4,31,False
224,4,8,True
225,4,31,False
226,4,31,False
227,4,31,False
228,4,23,True
229,4,8,True
230,4,31,False
231,4,15,True
232,4,21,True
233,4,31,False
234,4,20,True
235,4,20,True
236,4,31,False
237,4,8,True
238,4,8,True
239,4,31,False
240,4,20,True
241,4,31,False
242,4,31,False
243,4,31,False
244,4,31,False
245,4,27,True
246,4,31,False
247,4,31,False
248,4,31,False
249,4,9,True
250,4,6,True
251,4,31,False
252,4,12,True
253,4,31,False
254,4,31,False
255,4,31,False
256,4,31,False
257,4,12,True
258,4,27,True
259,4,13,True
260,4,31,False
261,4,23,True
262,4,31,False
263,4,31,False
264,4,31,False
265,4,31,False
266,4,31,False
267,4,31,False
268,4,12,True
269,4,31,False
270,4,31,False
271,4,23,True
272,4,15,True
273,4,6,True
274,4,6,True
275,4,12,True
276,4,31,False
277,4,13,True
278,4,31,False
279,4,31,False
280,4,8,True
281,4,31,False
282,4,31,False
283,4,8,True
284,4,31,False
285,4,8,True
286,4,15,True
287,4,31,False
288,4,31,False
289,4,12,True
290,4,31,False
291,4,15,True
292,4,31,False
293,4,31,False
294,4,31,False
295,4,21,True
296,4,21,True
297,4,21,True
298,4,6,True
299,4,21,True
300,4,12,True
301,4,6,True
302,4,21,True
303,4,31,False
304,4,27,True
305,4,31,False
306,4,23,True
307,4,20,True
308,4,31,False
309,4,21,True
310,4,31,False
311,4,12,True
312,4,31,False
313,4,31,False
314,4,31,False
315,4,12,True
316,4,6,True
317,4,6,True
318,4,12,True
319,4,31,False
320,4,9,True
321,4,27,True
322,4,31,False
323,4,31,False
324,4,8,True
325,4,31,False
326,4,23,True
327,4,31,False
328,4,31,False
329,4,31,False
330,4,20,True
331,4,31,False
332,4,8,True
333,4,12,True
334,4,8,True
335,4,31,False
336,4,6,True
337,4,31,False
338,4,27,True
339,4,12,True
340,4,31,False
341,4,21,True
342,4,20,True
343,4,31,False
344,4,12,True
345,4,6,True
346,4,31,False
347,4,12,True
348,4,31,False
349,4,24,True
350,4,12,True
351,4,31,False
352,4,15,True
353,4,6,True
354,4,31,False
355,4,13,True
356,4,23,True
357,4,31,False
358,4,31,False
359,4,20,True
360,4,20,True
361,4,8,True
362,4,31,False
363,4,31,False
364,4,6,True
365,4,27,True
366,4,8,True
367,4,31,False
368,4,31,False
369,4,6,True
370,4,31,False
371,4,31,False
372,4,21,True
373,4,31,False
374,4,31,False
375,4,6,True
376,4,8,True
377,4,15,True
378,4,8,True
379,4,15,True
380,4,20,True
381,4,21,True
382,4,31,False
383,4,31,False
384,4,31,False
385,4,31,False
386,4,27,True
387,4,6,True
388,4,6,True
389,4,6,True
390,4,20,True
391,4,13,True
392,4,20,True
393,4,21,True
394,4,31,False
395,4,31,False
396,4,31,False
397,4,12,True
398,4,15,True
399,4,12,True
400,4,31,False
401,4,13,True
402,4,31,False
403,4,31,False
404,4,8,True
405,4,31,False
406,4,20,True
407,4,27,True
408,4,23,True
409,4,6,True
410,4,31,False
411,4,13,True
412,4,31,False
413,4,20,True
414,4,8,True
415,4,31,False
416,4,20,True
417,4,21,True
418,4,31,False
419,4,9,True
420,4,31,False
421,4,9,True
422,4,31,False
423,4,31,False
424,4,20,True
425,4,8,True
426,4,15,True
427,4,31,False
428,4,23,True
429,4,31,False
430,4,12,True
431,4,9,True
432,4,12,True
433,4,8,True
434,4,31,False
435,4,31,False
436,4,15,True
437,4,12,True
438,4,31,False
439,4,12,True
440,4,12,True
441,4,9,True
442,4,23,True
443,4,31,False
444,4,31,False
445,4,31,False
446,4,8,True
447,4,31,False
448,4,8,True
449,4,12,True
450,4,6,True
451,4,31,False
452,4,31,False
453,4,31,False
454,4,15,True
455,4,28,True
456,4,31,False
457,4,8,True
458,4,23,True
459,4,6,True
460,4,6,True
461,4,31,False
462,4,9,True
463,4,9,True
464,4,31,False
465,4,20,True
466,4,13,True
467,4,27,True
468,4,31,False
469,4,31,False
470,4,31,False
471,4,31,False
472,4,23,True
473,4,8,True
474,4,31,False
475,4,21,True
476,4,31,False
477,4,9,True
478,4,13,True
479,4,20,True
480,4,31,False
481,4,13,True
482,4,31,False
483,4,9,True
484,4,31,False
485,4,15,True
486,4,23,True
487,4,13,True
488,4,31,False
489,4,15,True
490,4,8,True
491,4,31,False
492,4,31,False
493,4,21,True
494,4,8,True
495,4,31,False
496,4,31,False
497,4,6,True
498,4,6,True
499,4,9,True
500,4,31,False
