ID,n,Result vector,Average Runtime [ms],Restart count,Number of steps,Epsilon,Number of unsatisfied clauses,Best configuration found at,Result Label
102,100,"1 0 1 1 0 0 0 1 1 1 0 0 1 1 1 1 1 1 1 0 0 1 0 0 1 0 1 0 1 1 1 0 0 1 0 0 0 1 1 0 0 1 1 0 1 1 1 0 0 1 1 0 1 1 0 1 1 0 0 0 1 1 1 1 1 0 1 1 0 1 1 0 0 1 0 1 1 0 0 1 1 1 0 1 0 1 0 0 1 0 0 0 0 1 0 0 1 0 0 1 ",225.8477,-1,11000,0,0,9722,
103,100,"0 0 1 1 0 1 1 0 1 0 1 1 0 1 0 1 0 0 0 0 1 1 1 1 0 1 0 1 0 1 0 0 0 0 0 0 0 1 0 1 1 0 0 0 0 0 1 1 0 0 0 0 0 1 1 1 1 1 1 0 1 1 1 0 1 0 1 0 1 1 1 0 1 0 1 0 1 1 1 1 1 1 0 1 1 0 0 1 0 0 1 1 1 1 1 0 0 0 0 0 ",369.9615,0,19000,0,0,18889,
104,100,"0 0 0 1 0 1 0 0 0 0 1 0 1 1 1 1 1 0 1 1 1 0 1 1 1 1 0 1 0 1 1 0 1 0 0 0 0 0 1 0 0 0 0 0 1 0 0 1 1 0 1 1 0 0 1 0 0 0 0 0 1 1 0 0 1 0 1 0 0 0 1 0 0 0 1 0 1 1 0 0 0 0 0 1 0 1 0 0 0 0 1 0 1 0 1 0 1 0 1 0 ",201.8763,-1,10000,0,0,7490,
107,100,"1 1 0 0 0 0 1 1 0 1 1 0 1 1 1 0 0 1 0 1 0 1 0 1 1 1 1 0 0 1 0 1 0 1 1 0 0 1 1 0 0 0 0 1 1 1 0 0 0 0 1 1 0 1 0 0 1 1 0 1 1 1 0 0 1 1 1 0 1 1 0 0 0 0 1 0 0 1 1 1 1 0 1 0 0 0 1 1 0 1 1 0 0 1 1 1 1 1 0 0 ",1799.5008,6,94000,0,0,93594,
116,100,"1 0 1 1 1 1 1 0 1 1 0 0 1 1 0 1 1 1 0 0 1 0 1 0 0 1 0 0 0 1 0 0 1 1 1 0 0 0 1 0 0 1 1 0 1 1 1 0 0 0 1 1 1 1 1 1 1 0 1 1 1 1 1 1 1 0 1 1 1 0 0 1 0 0 1 1 1 1 1 0 0 0 1 1 0 1 0 0 1 0 0 1 0 1 0 1 0 0 1 0 ",208.3093,-1,10000,0,0,7404,
120,100,"0 0 1 0 0 1 1 0 0 1 1 1 1 0 1 1 0 1 0 1 0 1 0 1 0 1 1 1 1 0 1 1 1 1 0 1 1 0 0 0 0 0 1 1 0 0 1 0 1 1 1 0 1 0 1 1 1 1 1 0 0 0 0 1 1 1 0 1 1 0 0 1 0 0 1 0 0 0 1 1 0 1 0 0 1 1 0 0 1 1 0 1 1 1 1 0 0 1 1 1 ",400.9547,0,20000,0,0,19132,
121,100,"1 0 0 1 1 0 1 1 1 0 1 1 1 0 0 1 1 0 1 1 1 0 1 0 0 0 1 0 0 0 1 0 0 0 0 0 1 1 0 1 0 1 0 1 0 1 1 1 0 0 1 0 0 1 1 1 1 0 0 0 1 0 1 1 1 1 1 1 0 1 1 1 0 0 0 1 1 1 0 0 0 1 0 1 0 0 0 0 1 0 0 1 0 1 0 0 0 1 0 0 ",203.5303,-1,10000,0,0,9610,
125,100,"0 1 1 0 1 1 1 1 1 0 0 1 0 1 0 0 0 0 0 1 1 0 0 0 1 0 0 1 0 1 0 0 1 1 1 0 1 1 0 1 1 1 1 1 1 1 1 0 1 0 0 0 1 0 0 1 1 1 0 1 0 1 0 0 0 1 1 1 0 1 1 1 0 1 0 0 1 1 0 1 0 1 1 1 1 0 1 0 1 0 0 1 0 1 0 1 1 0 0 1 ",960.3164,2,50000,0,0,48784,
133,100,"0 0 1 0 0 0 0 1 1 1 0 0 0 0 0 0 1 1 1 0 1 1 1 0 1 1 1 0 0 1 0 0 0 1 0 0 1 0 0 0 1 0 1 1 0 0 1 1 0 1 0 1 0 1 0 0 0 0 1 1 1 1 0 1 1 0 0 0 1 1 1 1 0 1 0 1 0 1 0 0 1 0 1 0 1 0 1 1 1 1 0 0 0 0 1 0 0 1 1 0 ",204.8225,-1,10000,0,0,8241,
142,100,"0 1 1 0 1 1 1 1 1 1 0 1 1 1 0 0 0 0 0 1 0 1 1 1 1 1 1 0 1 1 0 1 1 1 0 1 1 1 0 1 1 0 1 0 0 0 1 1 0 1 0 1 1 1 0 1 1 0 1 1 1 1 1 0 0 1 1 0 0 1 1 0 1 1 0 0 1 0 1 1 0 0 0 0 0 0 1 1 1 1 1 0 0 0 0 0 0 1 1 1 ",209.5035,-1,10000,0,0,6529,
159,100,"0 1 1 0 1 0 0 1 0 1 0 1 0 1 1 0 0 1 1 0 0 0 1 1 1 1 0 0 0 0 0 0 0 1 0 0 0 1 0 1 0 1 0 0 1 0 1 1 0 1 0 0 0 0 0 0 0 0 1 0 1 1 1 0 0 0 1 0 0 1 1 0 0 0 0 0 1 1 0 1 1 0 0 1 0 1 0 0 1 0 0 0 0 1 0 0 0 1 0 1 ",434.6758,0,22000,0,0,20560,
168,100,"1 1 0 0 1 0 1 0 0 0 0 1 0 0 1 0 0 1 1 1 0 1 0 0 1 1 0 1 1 1 1 0 0 0 0 0 0 0 1 0 0 1 1 1 0 0 0 1 1 1 0 1 0 1 1 1 1 1 1 0 0 1 0 0 1 0 1 0 1 1 1 0 0 0 1 0 0 0 1 1 0 1 0 1 1 1 1 1 0 0 1 1 1 0 0 0 0 0 0 1 ",206.38,-1,10000,0,0,9952,
17,100,"1 1 1 1 0 1 0 0 0 0 1 1 0 0 0 0 0 0 0 0 0 1 0 0 1 1 1 0 1 1 0 1 1 0 1 1 0 0 1 1 1 1 1 0 0 1 1 1 0 0 1 1 1 1 1 1 1 1 0 0 0 1 1 0 0 1 1 1 1 0 0 1 0 0 1 0 0 1 0 0 1 1 1 1 1 0 0 1 0 0 1 0 1 1 0 1 1 1 0 0 ",178.7026,-1,9000,0,0,8876,
173,100,"0 1 1 0 0 1 1 1 0 1 0 0 1 0 0 1 0 1 1 1 1 0 1 1 0 0 1 1 0 1 1 0 1 0 1 1 0 1 1 0 0 0 0 1 0 1 1 1 0 0 0 1 0 1 1 1 1 1 1 0 1 1 0 1 0 1 1 0 1 0 0 1 1 1 0 1 1 1 0 0 1 1 1 1 0 0 1 1 0 1 1 1 1 1 0 1 1 0 0 1 ",182.8071,-1,9000,0,0,8452,
191,100,"1 1 1 1 1 0 1 0 0 1 1 1 0 1 0 0 0 1 1 0 1 0 0 0 1 1 0 1 0 0 0 1 0 0 0 0 0 1 0 1 0 1 1 1 1 1 0 0 0 0 0 0 0 1 1 1 0 0 0 0 1 0 0 1 0 1 1 1 1 0 1 1 0 1 0 1 0 0 0 0 1 0 1 1 0 1 0 0 1 0 1 1 0 1 0 1 0 0 1 0 ",202.2638,-1,10000,0,0,8870,
194,100,"0 0 1 0 1 1 1 0 0 1 0 1 0 0 0 0 1 0 1 1 0 1 0 1 1 0 0 1 0 1 1 0 0 1 1 0 1 1 0 0 0 0 1 1 1 1 0 1 0 1 1 1 0 0 1 1 1 0 0 0 1 1 1 0 1 1 0 0 0 0 0 0 0 0 0 1 1 0 0 0 0 0 1 1 0 0 0 0 0 0 0 1 0 0 0 1 1 1 0 1 ",186.4244,-1,9000,0,0,7480,
2,100,"1 0 0 1 0 0 1 0 0 0 1 0 1 1 0 1 0 1 0 1 1 0 0 0 0 0 0 1 0 1 1 0 1 1 0 1 0 1 0 0 0 0 1 0 0 1 0 0 0 1 0 1 0 1 0 1 0 1 0 1 1 0 0 0 1 1 1 0 1 0 0 0 0 1 1 1 1 1 0 1 1 0 1 1 0 1 0 0 0 0 0 1 1 0 0 1 0 0 0 1 ",201.7487,-1,10000,0,0,7916,
20,100,"0 1 1 0 1 1 0 0 1 0 1 1 0 1 1 1 0 1 1 0 0 0 0 1 1 1 1 0 0 1 0 1 0 0 1 0 1 1 0 1 0 1 1 1 0 0 0 1 1 0 0 0 1 1 0 1 1 0 0 1 0 0 1 1 0 0 1 1 1 1 1 1 1 1 0 1 1 1 0 1 1 0 0 0 1 1 0 1 1 1 0 1 1 0 0 1 0 1 1 1 ",208.9038,-1,10000,0,0,6368,
213,100,"1 1 1 0 0 1 1 1 0 1 1 1 0 0 1 0 0 1 0 1 1 1 0 0 0 1 0 0 0 0 1 0 0 1 0 1 1 1 1 1 0 1 1 1 0 1 0 0 1 1 0 0 1 0 0 0 1 1 0 0 0 0 0 1 0 1 1 1 0 1 0 1 0 1 0 0 1 0 1 1 1 0 1 1 1 0 1 0 1 0 0 1 0 1 0 0 0 0 1 0 ",198.5319,-1,10000,0,0,9450,
214,100,"1 1 0 1 0 1 1 1 0 1 1 0 1 1 1 1 1 1 1 0 1 0 0 0 0 1 0 0 1 0 0 0 0 0 0 1 0 1 1 1 1 0 1 1 1 1 1 1 0 1 0 1 1 0 0 0 0 1 0 0 0 0 0 0 1 1 0 0 1 0 0 0 1 0 0 0 0 1 0 0 1 0 1 1 0 1 1 0 0 0 0 1 0 0 0 0 1 0 0 1 ",979.0999,3,51000,0,0,50896,
217,100,"1 0 1 0 0 0 1 0 0 1 0 1 0 1 0 0 1 0 0 0 1 0 0 1 1 1 0 1 0 1 1 0 0 1 0 0 1 1 1 0 0 0 0 1 0 0 0 1 1 1 0 0 1 0 1 1 0 0 0 1 1 0 0 0 0 0 1 0 1 1 0 0 1 1 0 1 1 0 0 1 0 1 0 1 1 1 0 0 0 0 1 1 0 1 0 0 1 0 1 0 ",184.3682,-1,9000,0,0,7612,
219,100,"0 0 0 1 0 0 0 1 1 0 0 0 0 0 0 0 0 1 1 0 0 1 0 1 0 1 0 1 1 0 0 1 1 1 0 1 0 1 1 1 1 1 0 0 1 1 0 0 1 1 0 0 1 1 1 1 0 0 1 0 1 1 1 0 0 0 0 1 0 1 0 1 0 0 0 1 1 1 1 1 1 1 1 0 1 1 0 1 1 1 1 1 1 0 1 0 1 0 1 0 ",373.0746,0,19000,0,0,17983,
22,100,"1 0 1 1 1 0 0 1 0 1 1 0 1 0 1 1 1 0 1 0 0 0 0 1 1 0 0 0 1 1 1 1 0 1 1 0 1 0 1 1 1 1 0 0 0 1 1 0 1 1 1 0 1 1 1 0 1 1 0 1 0 1 0 0 1 1 0 0 0 1 1 0 1 0 0 0 1 1 0 0 1 1 1 0 1 1 0 0 1 0 0 0 1 0 0 1 1 0 1 1 ",182.6363,-1,9000,0,0,7959,
220,100,"0 1 0 0 0 1 1 0 1 1 1 0 1 0 1 0 0 1 0 0 0 1 1 0 1 1 1 0 0 0 0 1 1 0 0 0 1 1 1 0 1 0 1 0 0 1 1 1 0 1 1 0 0 0 1 1 1 1 0 1 1 0 0 0 0 1 1 0 1 0 0 0 1 0 0 1 1 1 1 0 0 1 1 1 1 1 1 1 0 0 1 0 1 0 1 0 0 1 1 1 ",202.4443,-1,10000,0,0,8874,
223,100,"1 0 1 1 0 0 1 1 0 1 1 0 1 1 0 1 0 1 0 0 1 1 1 0 1 1 0 1 0 0 0 0 0 1 0 0 0 1 1 1 1 1 1 1 1 0 0 1 0 0 1 0 1 1 1 1 1 0 0 1 0 1 0 0 1 1 0 1 0 0 0 0 1 0 0 0 1 1 0 0 0 1 1 0 1 0 1 0 1 1 1 1 1 1 1 1 1 1 1 1 ",186.5509,-1,9000,0,0,8704,
229,100,"0 1 1 1 0 1 1 0 1 1 0 0 0 1 0 0 0 1 1 1 1 1 1 0 0 1 1 1 1 1 1 1 1 0 1 1 0 1 1 0 1 0 1 0 1 1 0 0 1 0 1 0 1 1 0 0 1 1 1 1 1 0 1 1 1 0 1 1 1 1 0 1 0 1 1 0 1 1 1 1 0 1 1 1 0 1 1 0 1 1 1 1 0 0 0 1 0 0 1 1 ",381.398,0,19000,0,0,16550,
236,100,"0 0 1 0 0 0 1 0 0 0 1 1 1 0 1 1 0 1 0 1 1 0 0 1 1 0 0 1 1 1 0 1 1 0 1 0 1 0 0 1 0 1 0 0 0 1 0 1 1 1 0 1 0 1 0 0 1 0 0 1 1 1 0 1 1 1 1 1 1 0 0 0 1 0 1 1 0 0 1 1 1 0 1 1 0 1 0 1 0 1 0 0 1 1 1 0 1 1 1 1 ",438.2033,0,22000,0,0,20826,
238,100,"0 1 0 1 1 1 0 1 1 1 1 1 0 0 1 0 1 0 1 1 0 0 0 0 0 0 0 0 1 0 1 1 0 0 0 0 0 0 1 0 1 1 1 0 1 1 1 0 0 0 0 1 0 0 0 1 0 1 1 0 0 1 0 1 0 0 0 1 1 1 0 1 1 1 1 0 1 1 1 0 1 1 0 0 1 1 1 0 0 0 1 1 1 1 1 0 1 0 0 0 ",182.5226,-1,9000,0,0,8929,
243,100,"1 1 1 0 0 1 1 0 1 1 1 0 0 1 0 1 0 0 1 1 0 0 1 1 0 1 1 1 1 1 0 0 1 1 0 1 0 1 0 0 1 1 1 1 1 1 0 1 1 0 0 1 0 0 1 1 0 1 0 0 1 1 1 0 0 0 0 1 1 1 0 1 1 0 0 1 0 0 0 1 1 0 0 1 1 1 1 1 1 0 1 0 1 0 1 1 1 0 0 1 ",802.7628,2,41000,0,0,37751,
246,100,"1 0 0 0 0 1 1 0 0 1 1 1 0 1 0 0 0 1 0 1 0 1 0 1 0 1 1 0 1 0 0 1 1 1 0 0 0 0 1 1 1 0 1 1 1 1 1 0 1 0 0 0 1 1 1 0 0 1 1 1 0 0 1 0 0 1 1 1 0 1 1 1 1 0 1 1 0 1 0 0 0 0 0 0 0 0 0 1 1 1 0 0 0 0 0 0 0 0 0 1 ",378.1579,0,19000,0,0,17215,
247,100,"1 0 0 0 0 0 0 1 0 1 0 1 1 1 0 0 0 0 0 1 0 1 0 1 0 1 1 0 1 0 0 1 0 1 1 0 1 0 0 0 1 0 0 1 1 1 1 0 0 1 1 1 1 0 1 0 0 1 1 0 0 0 1 1 0 0 1 1 0 1 1 0 0 0 1 0 0 0 0 0 1 0 0 1 1 0 1 1 0 0 1 0 0 0 0 1 1 1 1 0 ",391.4183,0,20000,0,0,19939,
250,100,"0 0 0 0 0 0 0 0 1 0 1 1 1 1 1 0 0 1 0 0 1 1 0 1 1 1 1 0 1 1 1 0 1 0 1 0 1 0 1 1 1 0 0 1 1 1 0 0 0 0 1 1 1 1 1 0 1 1 0 1 1 0 0 1 1 1 0 0 1 0 0 0 0 1 0 1 0 0 0 0 0 0 0 1 1 0 0 1 1 0 0 0 0 0 1 0 0 1 0 0 ",233.9337,-1,12000,0,0,10776,
253,100,"0 0 0 1 0 1 0 0 1 1 1 0 0 0 1 0 1 1 0 0 1 1 0 1 1 0 0 0 0 0 1 0 0 1 0 0 1 1 1 0 1 1 1 0 0 1 0 1 0 1 1 0 1 0 1 1 1 0 1 0 0 0 1 1 0 0 0 0 0 0 1 1 1 1 1 1 1 1 1 0 1 0 1 1 0 0 1 1 1 0 1 1 0 0 0 0 1 1 0 0 ",410.3957,0,21000,0,0,19791,
255,100,"0 0 1 0 1 1 1 0 1 1 0 1 1 1 0 0 0 1 1 0 0 0 0 0 0 0 1 1 0 0 1 1 0 1 1 0 0 1 1 0 0 0 1 0 1 1 0 1 1 0 1 1 0 1 0 0 0 1 0 1 0 1 1 1 0 0 1 0 1 1 0 1 1 1 1 1 1 1 1 0 0 1 1 1 1 1 1 0 1 0 0 0 0 0 1 0 0 0 1 0 ",223.414,-1,11000,0,0,6872,
26,100,"0 1 1 1 1 0 0 0 1 1 1 1 1 0 0 0 1 0 1 0 0 1 1 0 1 1 1 1 1 0 0 0 0 0 1 0 0 1 0 1 0 1 1 1 1 1 1 0 1 0 1 1 0 1 0 0 1 0 1 1 1 1 1 1 1 1 1 0 1 1 1 0 0 0 0 1 0 1 0 0 0 0 1 0 1 1 1 0 0 0 1 1 1 1 1 1 1 0 1 1 ",421.0022,0,21000,0,0,18127,
263,100,"0 1 0 1 0 0 1 1 1 0 0 0 1 0 1 1 0 0 0 1 0 0 1 1 0 1 0 0 0 0 1 1 1 0 1 1 1 1 0 0 0 0 0 0 1 0 1 1 1 0 1 1 0 0 1 0 0 0 1 1 1 1 1 0 1 1 1 1 1 0 0 1 1 0 0 1 0 0 1 0 1 0 1 0 0 0 1 1 0 1 1 1 1 0 1 1 0 1 1 0 ",991.5688,3,51000,0,0,50531,
281,100,"1 1 0 1 1 1 1 1 1 1 0 0 1 0 1 1 1 1 1 0 0 0 1 0 1 0 1 1 1 1 1 1 0 1 0 1 0 1 0 0 0 1 0 1 1 1 1 0 0 0 1 1 1 0 0 0 0 0 1 1 0 1 0 1 1 1 0 1 0 0 0 1 1 0 1 0 1 1 1 1 1 1 0 0 0 1 1 1 0 0 1 1 1 0 0 0 1 0 0 1 ",420.8254,0,21000,0,0,20424,
302,100,"0 0 0 0 1 0 1 0 1 1 0 0 0 0 1 0 1 1 0 1 1 0 1 1 0 1 0 1 0 1 1 0 1 1 0 1 1 0 1 1 1 1 1 0 1 0 1 0 1 0 1 0 0 1 1 1 0 0 0 0 0 1 0 1 1 0 1 0 1 0 0 1 1 0 0 1 1 0 1 0 1 0 1 1 1 1 0 0 1 1 1 1 0 0 0 1 0 0 1 0 ",184.789,-1,9000,0,0,8428,
313,100,"1 1 0 0 0 1 0 1 0 0 1 1 0 1 0 1 1 1 1 1 1 1 0 0 1 0 0 1 0 1 1 1 1 0 0 1 1 0 1 0 0 1 1 1 0 1 1 0 1 1 0 1 1 1 0 0 1 1 1 1 1 1 0 0 0 1 1 1 1 1 1 1 1 1 1 0 0 1 0 1 0 1 1 0 0 1 0 0 0 0 0 0 0 1 1 1 0 0 0 0 ",456.7577,0,23000,0,0,22388,
316,100,"1 0 1 1 0 1 1 1 0 1 0 0 1 0 1 1 0 1 1 1 1 0 0 1 1 0 0 1 0 0 1 1 1 0 0 1 1 1 1 1 0 1 0 0 1 0 1 0 1 0 0 1 0 1 0 1 1 1 0 1 0 0 0 1 1 1 1 0 1 1 1 1 1 1 0 0 0 1 0 0 0 1 0 1 0 1 0 1 1 0 1 0 0 1 1 1 0 1 1 1 ",181.8332,-1,9000,0,0,8049,
317,100,"1 1 0 1 0 0 0 0 0 1 0 1 0 1 1 1 1 1 0 0 1 0 1 0 0 0 0 0 1 1 1 1 0 0 0 1 1 1 0 1 0 1 0 0 0 0 1 1 0 1 1 1 0 0 1 1 0 0 1 1 0 1 1 0 0 0 1 1 1 0 1 0 0 0 0 1 1 0 1 0 1 1 1 1 0 1 0 1 1 0 1 0 0 0 0 0 1 1 1 1 ",181.9833,-1,9000,0,0,8007,
330,100,"1 1 1 1 1 0 1 1 1 1 1 1 0 0 0 1 0 0 0 1 1 0 1 0 0 1 1 0 0 1 0 1 0 0 1 0 1 0 1 1 1 1 0 0 1 1 1 1 1 1 0 1 1 1 0 1 1 1 1 1 1 0 1 1 1 1 1 0 1 1 1 1 1 1 1 1 0 1 0 0 1 1 1 0 1 1 0 0 1 1 1 1 0 1 0 0 0 0 0 0 ",185.0265,-1,9000,0,0,7348,
331,100,"1 0 0 1 0 1 1 0 0 0 1 1 1 0 1 1 1 0 0 0 1 0 1 0 1 0 0 0 1 0 1 1 1 1 1 1 0 1 1 1 1 0 1 1 0 0 1 1 1 0 1 1 0 1 1 1 0 0 1 1 1 1 1 0 1 1 0 1 0 1 1 1 1 0 1 0 1 0 0 0 0 0 1 0 1 0 0 1 0 0 1 0 0 1 1 0 1 1 0 0 ",179.8622,-1,9000,0,0,7609,
350,100,"0 1 1 1 1 0 1 1 0 0 0 1 0 1 1 0 0 1 0 0 1 1 1 1 1 1 0 0 1 1 0 1 1 0 1 1 0 0 1 1 0 0 0 1 1 1 0 0 1 1 1 1 0 0 1 1 0 0 1 1 1 0 0 0 1 1 1 0 0 1 0 1 1 0 0 1 1 1 1 0 1 0 1 0 1 1 0 1 1 1 0 1 0 1 1 1 0 0 1 1 ",463.3497,0,24000,0,0,21930,
352,100,"1 1 0 1 1 1 1 1 0 0 0 0 0 1 1 1 0 1 0 0 1 0 0 0 1 0 0 0 0 0 0 0 0 1 1 1 1 1 0 0 1 0 0 1 0 0 0 0 1 1 0 1 1 0 1 0 0 1 1 0 0 0 1 0 1 0 0 1 0 1 0 1 1 0 0 0 0 0 1 1 0 1 0 1 1 0 0 0 1 1 0 0 0 1 1 0 1 0 0 1 ",177.4269,-1,9000,0,0,5346,
353,100,"0 0 1 1 1 1 1 0 1 1 0 1 1 0 1 1 0 0 0 0 1 0 0 1 1 0 1 1 1 1 1 0 1 0 1 0 1 1 1 1 0 1 1 1 0 0 1 0 0 1 1 1 0 0 0 1 1 0 0 0 1 1 0 1 1 0 1 1 1 0 1 1 0 0 1 1 0 0 1 0 1 0 1 1 0 0 0 0 1 1 1 0 0 1 1 0 1 0 1 1 ",204.4238,-1,10000,0,0,7696,
359,100,"1 1 0 0 0 0 0 0 0 0 1 0 0 0 1 1 0 1 1 1 0 1 1 0 1 1 0 1 0 0 0 1 1 0 1 1 0 0 1 0 1 1 0 1 1 1 1 0 0 0 1 1 1 1 0 1 1 0 1 0 0 0 1 0 0 0 0 1 1 1 1 0 0 1 1 1 1 0 1 1 1 0 1 1 0 1 1 1 1 0 0 0 1 0 0 1 1 0 1 1 ",471.2018,0,24000,0,0,23082,
367,100,"0 0 0 1 1 0 0 0 0 1 1 1 1 1 0 1 1 0 1 1 1 1 0 1 0 0 1 0 1 0 1 1 1 0 1 1 1 1 0 1 0 0 1 0 0 0 1 0 0 0 1 0 1 0 1 0 0 1 1 1 0 0 0 1 0 1 1 1 1 1 0 0 0 0 1 1 0 0 0 1 1 0 0 1 0 1 1 0 0 0 0 1 1 0 0 1 0 0 1 0 ",207.9932,-1,10000,0,0,8257,
374,100,"0 0 0 1 1 0 0 1 1 1 1 0 0 1 0 1 0 1 1 1 0 1 1 0 0 0 0 0 0 0 0 1 1 0 0 0 1 0 1 1 0 1 0 1 0 0 1 0 0 0 1 1 0 0 0 0 1 1 1 1 0 0 0 0 0 1 1 0 1 1 0 0 1 1 1 0 0 0 0 0 0 0 0 0 0 1 0 0 0 0 1 1 1 0 0 0 1 1 1 0 ",387.2225,0,20000,0,0,17940,
377,100,"1 1 0 1 1 1 1 1 1 1 0 1 0 0 1 1 1 1 1 0 0 0 0 1 0 0 1 1 1 0 0 1 0 1 0 1 0 1 1 1 0 1 1 1 0 0 1 0 1 0 1 0 0 1 0 0 1 1 0 1 0 1 1 0 0 1 0 0 1 0 0 0 1 0 1 1 0 0 0 0 0 1 0 0 0 1 1 1 1 1 1 0 1 0 1 1 0 0 1 0 ",198.9247,-1,10000,0,0,8974,
379,100,"1 0 1 1 1 1 1 0 1 0 1 1 0 0 1 0 0 0 0 0 1 1 1 1 1 1 0 1 1 1 1 0 1 0 1 1 0 1 0 1 1 1 1 1 1 1 1 1 0 0 1 0 0 0 0 1 1 0 1 1 0 1 1 1 0 0 0 0 0 1 1 1 1 0 0 1 1 1 1 1 1 1 1 1 1 0 0 1 0 1 0 0 0 1 0 1 0 0 1 1 ",184.1119,-1,9000,0,0,7390,
390,100,"1 0 1 1 1 1 1 0 1 0 1 1 1 1 1 1 0 1 1 0 1 0 0 0 0 1 0 1 0 0 1 1 1 1 0 0 0 1 1 1 0 1 1 0 0 0 1 1 0 1 0 1 1 1 1 1 1 0 0 1 0 0 0 0 0 0 1 1 1 1 1 1 0 0 1 1 0 1 1 1 1 1 0 0 0 0 0 0 0 0 1 0 1 0 1 0 1 0 1 1 ",180.7216,-1,9000,0,0,8999,
391,100,"0 1 1 1 1 0 1 1 0 1 0 1 1 1 0 1 0 1 0 0 0 0 1 1 1 0 1 0 1 0 0 0 0 1 1 0 1 1 1 0 0 0 1 0 1 0 1 0 1 0 1 1 1 1 1 0 1 1 1 1 0 0 1 0 1 0 0 0 1 0 0 1 1 0 0 0 0 0 0 0 0 0 1 0 0 1 1 1 0 0 0 0 0 1 1 0 0 0 1 1 ",1148.5271,3,60000,0,0,58443,
392,100,"0 1 1 1 0 1 0 0 0 0 0 1 0 1 0 1 1 1 1 1 0 1 1 1 0 0 1 1 1 0 0 0 1 1 0 1 1 0 1 1 1 0 1 0 0 1 0 0 0 1 1 0 1 1 1 0 0 0 1 1 0 1 0 0 0 0 0 0 0 1 0 1 1 1 0 0 0 0 1 0 0 0 0 0 0 0 1 0 1 0 1 1 0 1 1 1 0 1 0 1 ",203.0937,-1,10000,0,0,9289,
393,100,"0 1 0 1 1 1 0 1 1 1 0 0 0 1 1 1 0 1 0 1 1 1 0 0 1 1 0 1 1 0 0 1 0 1 0 1 1 1 0 0 1 1 1 1 1 0 1 0 0 0 1 1 0 1 0 1 1 0 0 0 1 0 0 1 1 1 1 1 1 1 1 1 0 1 1 1 0 1 1 0 1 0 1 1 1 0 1 0 0 1 1 0 1 0 1 0 0 1 1 0 ",228.9442,-1,11000,0,0,8197,
398,100,"1 0 0 1 1 1 1 1 0 0 0 1 0 0 0 0 0 1 0 0 1 1 0 1 1 1 1 1 1 0 1 0 1 0 1 1 1 0 0 1 0 1 1 1 0 1 0 0 0 1 0 1 1 0 1 1 1 0 0 1 0 1 0 1 1 1 0 1 0 1 0 1 1 0 1 1 1 0 0 0 1 0 0 1 1 0 0 0 1 1 0 0 1 0 1 1 0 0 0 0 ",206.3207,-1,10000,0,0,7592,
40,100,"0 1 0 1 0 0 0 1 1 1 1 1 1 0 0 0 1 0 1 0 1 0 1 1 1 1 1 1 1 0 1 1 0 1 1 1 0 0 1 0 0 0 1 1 1 0 1 1 0 0 1 0 0 1 0 1 0 1 1 0 0 1 0 1 0 1 0 0 0 1 0 0 1 0 1 0 0 1 0 0 0 0 0 1 1 0 0 1 1 0 0 0 1 0 0 1 1 0 0 1 ",1571.057,5,79000,0,0,78158,
402,100,"1 1 0 0 1 0 1 0 0 0 0 0 1 1 0 0 1 1 0 0 0 0 1 1 0 1 0 1 0 0 0 0 1 1 0 0 1 1 1 1 0 1 0 0 0 0 0 1 1 0 0 1 0 1 0 1 1 1 1 1 1 1 0 1 1 0 1 0 0 0 0 1 0 0 1 1 0 0 1 0 0 1 0 0 1 0 1 1 1 0 1 0 0 1 1 1 1 0 1 0 ",216.669,-1,10000,0,0,6693,
405,100,"1 1 0 1 0 1 1 0 0 1 0 0 0 1 0 1 0 1 0 1 1 1 1 0 1 0 1 0 1 0 0 0 1 1 1 0 0 0 1 1 0 1 0 0 1 1 1 0 1 0 1 1 0 1 0 0 1 0 0 1 0 0 1 1 0 1 1 1 0 0 1 0 0 1 1 0 0 0 0 1 1 0 0 1 1 0 0 1 1 0 1 0 1 0 1 0 1 0 0 0 ",787.1418,1,41000,0,0,40259,
407,100,"0 1 1 1 0 0 0 1 0 0 1 0 0 1 1 0 1 1 0 0 0 0 0 0 1 0 0 1 1 1 1 0 1 0 0 0 0 1 1 0 1 1 0 0 0 0 0 0 0 0 0 1 1 1 0 0 0 1 1 0 0 1 0 1 1 1 1 0 1 0 1 1 1 1 0 0 0 1 1 0 1 0 1 1 0 1 0 0 1 1 1 1 1 1 0 0 1 0 0 1 ",377.407,0,19000,0,0,18039,
409,100,"1 1 1 1 1 1 0 0 0 1 1 1 0 1 1 1 0 1 1 1 1 1 0 1 1 1 0 1 1 1 1 1 0 0 0 0 1 0 0 0 0 0 0 1 0 0 0 1 1 0 1 1 0 1 1 1 1 0 1 1 1 1 1 0 0 0 1 0 1 1 0 0 1 1 0 1 1 0 1 1 0 1 0 1 1 1 0 0 1 1 0 1 1 1 1 1 1 1 0 1 ",210.0358,-1,11000,0,0,5366,
416,100,"0 0 1 1 1 1 0 0 0 1 1 0 0 1 1 1 0 1 0 0 1 1 1 1 1 1 1 1 0 0 0 1 1 0 0 1 0 0 1 1 1 0 1 0 0 1 0 1 1 1 1 0 1 1 1 1 0 0 0 1 0 0 0 0 1 0 0 0 0 1 0 1 1 1 0 0 1 1 0 1 0 0 0 1 0 1 1 0 0 1 1 0 1 1 0 1 0 1 0 1 ",396.9696,0,20000,0,0,19210,
424,100,"0 1 0 1 1 0 1 1 0 0 1 0 1 0 1 1 1 1 0 0 1 1 1 0 1 1 0 0 1 0 0 0 1 1 1 1 1 0 1 0 1 0 0 1 1 1 0 0 0 0 1 0 0 0 1 0 1 0 1 0 0 0 1 1 0 0 1 0 0 0 1 1 1 1 1 1 1 0 1 1 1 1 1 0 1 1 0 1 0 1 1 0 1 0 1 1 0 0 0 0 ",225.4711,-1,11000,0,0,8419,
425,100,"1 0 0 0 1 1 1 1 1 0 0 1 0 1 1 0 1 1 1 0 0 0 1 1 1 1 0 0 1 1 1 1 0 1 0 0 0 0 0 0 1 1 0 1 1 1 1 0 1 1 0 1 0 1 1 0 0 0 1 1 0 1 0 1 0 1 1 0 1 1 0 1 0 0 0 0 0 0 0 1 1 1 0 0 1 0 1 1 1 1 0 1 1 1 1 1 0 0 0 0 ",185.4136,-1,9000,0,0,8688,
436,100,"0 1 1 1 1 0 1 0 1 0 1 1 1 0 0 1 1 0 1 0 0 1 0 1 0 0 1 1 1 1 1 1 0 0 1 0 1 1 0 0 1 1 1 1 0 1 0 0 1 0 1 1 1 0 1 0 0 0 0 1 0 1 1 1 0 0 0 1 0 0 0 1 0 1 0 1 0 1 0 0 1 1 1 1 1 1 0 1 0 0 1 1 1 1 0 0 1 1 1 1 ",1326.634,4,65000,0,0,64917,
439,100,"1 1 0 1 1 1 1 1 1 1 1 1 0 0 1 0 1 1 0 1 0 1 1 0 1 1 1 1 0 0 0 0 0 1 1 0 0 0 1 0 1 0 1 1 0 0 1 1 1 1 0 0 1 1 1 0 1 1 0 0 1 1 1 0 0 0 1 1 0 0 1 1 1 0 0 0 0 1 1 1 1 1 0 0 1 0 1 1 1 1 1 1 0 1 0 0 0 1 0 1 ",630.0069,1,32000,0,0,31944,
442,100,"1 1 1 1 0 1 0 0 1 1 1 1 1 0 1 0 0 0 1 1 1 0 1 0 1 1 1 1 1 1 0 0 0 0 1 1 1 1 0 0 0 1 1 1 0 0 1 1 1 0 0 0 1 0 1 0 1 1 1 1 0 0 0 1 1 1 0 1 1 0 1 1 1 0 1 0 1 0 0 0 1 1 1 1 1 1 0 0 1 1 1 1 0 0 1 0 1 1 1 1 ",695.3137,1,33000,0,0,31523,
448,100,"1 1 1 1 1 1 1 0 1 0 0 1 1 1 1 0 0 1 1 0 1 1 1 1 0 0 1 0 0 0 0 1 1 0 0 0 1 0 0 0 0 1 0 0 0 1 0 0 1 1 1 0 0 1 1 1 0 0 0 0 1 1 1 1 1 1 0 1 1 0 0 0 0 0 1 0 1 1 0 0 1 1 1 1 0 0 0 0 1 1 1 1 0 0 1 1 1 0 0 0 ",193.5262,-1,9000,0,0,7987,
462,100,"0 1 1 1 1 1 0 1 1 0 1 0 1 0 0 0 0 1 1 0 0 0 0 1 0 0 1 0 0 1 1 1 0 0 0 1 0 1 0 0 0 0 0 1 1 1 0 0 1 1 1 1 0 1 1 1 1 1 0 0 1 0 1 0 1 0 1 0 1 0 0 1 1 1 0 0 0 1 0 0 0 0 0 1 0 1 1 0 1 1 1 1 1 0 0 0 1 0 0 1 ",1581.5829,5,81000,0,0,78313,
463,100,"1 0 1 0 0 1 0 1 1 1 1 0 0 0 1 0 1 1 0 0 1 0 0 1 0 1 1 1 1 1 1 0 0 1 0 0 1 1 0 0 0 0 1 1 0 1 0 1 0 0 1 1 1 1 0 0 0 1 1 0 0 0 0 1 1 0 1 1 0 1 0 0 0 1 1 0 0 0 1 0 1 0 0 0 1 1 0 0 0 1 1 1 0 1 1 0 1 0 1 1 ",362.6879,0,18000,0,0,16067,
468,100,"0 1 1 0 1 1 1 1 1 1 1 0 1 0 1 0 1 1 1 0 1 0 0 1 0 0 0 0 1 1 0 0 1 0 0 0 1 0 0 0 1 0 0 0 1 1 0 0 0 0 1 0 1 1 1 1 0 0 1 0 1 1 1 1 0 0 0 0 1 1 0 0 0 0 0 1 1 1 0 1 0 1 0 1 0 1 0 1 0 1 1 0 1 1 0 1 0 0 1 1 ",1446.8817,5,74000,0,0,73475,
471,100,"0 0 1 0 1 0 0 1 1 0 0 0 1 0 0 1 1 0 0 1 0 1 0 1 0 1 0 1 0 0 1 1 1 0 1 1 1 1 1 0 0 1 1 1 0 0 0 1 0 0 0 1 0 0 1 1 0 0 1 0 1 0 1 0 1 1 0 0 1 1 1 0 1 1 0 0 0 0 1 1 0 1 0 0 0 1 1 1 1 1 1 1 0 0 0 0 0 1 0 1 ",410.2094,0,20000,0,0,18530,
474,100,"0 0 0 0 0 0 0 0 0 0 0 0 0 0 0 0 0 0 0 0 0 0 0 0 0 0 0 0 0 0 0 0 0 0 0 0 0 0 0 0 0 0 0 0 0 0 0 0 0 0 0 0 0 0 0 0 0 0 0 0 0 0 0 0 0 0 0 0 0 0 0 0 0 0 0 0 0 0 0 0 0 0 0 0 0 0 0 0 0 0 0 0 0 0 0 0 0 0 0 0 ",2996.082,13,151000,0.14651162790697675,63,0,
476,100,"0 1 0 1 1 0 0 1 0 0 0 0 0 1 1 0 1 1 0 0 1 1 0 0 1 1 1 1 0 0 0 0 1 1 0 1 0 1 1 1 1 1 1 0 1 1 1 0 0 0 0 1 0 1 0 0 0 0 1 1 1 1 0 1 1 0 0 0 0 0 1 1 1 1 0 1 0 1 0 0 1 0 0 0 0 0 1 1 1 1 1 0 0 0 1 1 1 0 0 0 ",181.6764,-1,9000,0,0,7864,
478,100,"0 1 1 1 0 1 1 0 0 1 0 1 0 1 1 1 1 0 0 0 1 1 0 1 1 0 0 1 1 1 0 1 1 0 0 0 1 0 0 1 1 0 0 0 0 1 0 1 1 1 0 1 1 0 1 1 0 0 0 0 0 1 1 1 1 0 1 0 0 0 0 1 1 0 0 0 0 0 0 1 1 1 0 0 1 0 1 1 0 1 1 1 0 0 1 1 1 0 1 0 ",183.7914,-1,9000,0,0,7481,
48,100,"0 1 1 1 0 0 0 0 1 0 1 0 0 1 0 0 0 1 0 0 1 1 1 1 1 1 0 0 0 0 1 0 1 1 1 1 0 1 0 1 1 0 0 1 0 0 0 1 1 1 1 0 1 1 0 0 1 1 0 1 1 1 1 1 1 0 0 0 0 0 0 1 1 1 0 0 0 1 0 1 1 0 1 0 0 0 1 0 1 1 0 1 1 1 0 1 1 1 0 1 ",385.7933,0,19000,0,0,15799,
49,100,"1 1 1 0 0 1 0 0 0 1 0 1 1 0 1 1 1 1 1 0 0 0 1 0 1 0 1 1 1 1 1 0 0 1 0 1 0 0 0 0 1 0 1 0 1 0 1 0 1 1 0 0 1 1 0 1 1 0 1 1 1 0 0 0 0 1 1 1 0 0 1 0 1 1 1 1 1 0 0 0 1 1 1 1 1 0 0 0 1 0 1 0 1 1 1 0 0 1 0 0 ",183.309,-1,9000,0,0,7540,
490,100,"0 0 0 0 0 0 1 1 0 1 0 0 1 0 0 1 1 1 0 1 0 1 0 1 0 0 1 1 0 1 1 1 0 0 1 0 0 1 1 0 1 0 1 0 0 0 1 1 1 1 0 0 1 0 1 0 1 1 1 1 0 0 0 0 0 0 1 1 0 1 1 0 0 0 1 0 1 1 1 1 1 0 1 1 0 0 1 0 1 1 1 0 1 0 1 1 0 0 0 1 ",211.9795,-1,10000,0,0,9479,
492,100,"1 1 0 1 0 1 1 0 1 0 1 0 0 0 1 0 1 1 0 1 0 0 0 0 1 0 0 0 1 1 1 1 1 0 0 1 1 0 0 1 1 1 1 1 1 0 0 0 1 0 1 1 0 0 0 1 0 1 0 0 0 1 1 1 1 0 0 1 1 0 0 1 0 1 1 0 1 1 0 1 1 1 0 1 1 0 1 1 0 0 1 1 0 1 1 0 0 0 0 1 ",211.2909,-1,10000,0,0,7540,
495,100,"0 0 1 0 1 1 0 1 1 1 0 1 1 0 1 0 0 1 0 1 0 1 0 1 1 0 1 1 1 1 0 1 1 0 0 1 0 0 1 0 0 1 0 0 1 0 1 0 1 1 1 1 1 0 0 1 0 1 0 1 0 0 1 1 1 0 1 0 0 1 0 0 0 1 0 1 0 1 0 0 1 1 0 0 0 0 0 0 0 0 1 1 0 1 1 0 0 0 1 0 ",640.458,1,33000,0,0,31353,
5,100,"0 1 0 1 0 0 0 1 0 0 1 1 0 1 0 0 0 0 0 1 0 1 1 1 1 0 1 1 1 0 1 0 1 0 1 0 0 1 1 1 1 1 1 1 1 1 1 1 1 1 1 0 1 1 1 0 1 1 1 1 0 0 1 0 0 0 0 0 0 1 1 1 0 0 0 1 1 1 1 0 0 0 1 0 0 0 0 1 0 1 0 1 1 0 0 1 1 0 1 0 ",809.5616,2,41000,0,0,40868,
501,100,"0 1 0 0 0 1 0 1 1 0 0 1 0 0 0 0 0 0 0 0 1 0 1 1 1 1 1 0 1 1 1 0 0 1 0 0 0 1 1 0 0 1 1 1 1 0 1 1 1 1 1 0 1 0 0 1 0 0 1 0 0 1 0 0 1 1 0 0 0 1 0 1 0 1 1 0 1 1 0 0 0 1 1 1 0 0 0 0 0 1 1 0 1 1 0 0 0 1 0 1 ",183.5775,-1,9000,0,0,6496,
512,100,"1 1 1 1 0 1 1 0 1 0 1 1 1 1 1 1 0 1 0 0 0 0 1 0 1 1 1 1 0 1 0 1 0 0 1 0 0 1 0 0 1 1 0 1 1 0 1 1 0 0 1 0 0 1 1 0 1 1 0 0 0 0 0 1 1 0 0 0 1 0 1 0 1 1 1 0 0 1 1 1 1 1 0 1 1 0 1 0 1 1 1 1 1 0 1 1 0 0 1 0 ",1577.3318,4,80000,0,0,74170,
52,100,"1 0 0 0 0 0 0 1 1 1 0 1 1 1 0 1 1 1 1 0 1 0 1 1 1 1 0 1 0 0 0 0 0 1 1 0 0 0 1 0 1 1 0 0 0 0 0 0 1 0 1 0 1 1 1 1 0 0 0 0 0 1 1 0 1 0 0 0 0 1 1 1 1 0 0 1 0 0 1 0 1 1 1 0 1 0 1 1 1 1 1 1 1 0 0 1 1 0 1 1 ",210.2613,-1,9000,0,0,8607,
524,100,"0 0 0 0 1 0 1 1 1 1 0 1 0 1 1 0 1 0 0 0 1 1 0 1 0 1 1 0 1 1 0 0 1 1 0 0 1 1 1 1 0 1 1 1 0 1 1 1 0 1 1 0 1 1 1 1 1 1 1 1 1 1 0 0 1 0 1 1 0 1 0 1 0 0 0 1 1 0 0 1 0 1 0 1 1 1 0 1 1 1 0 1 1 1 0 0 0 0 1 1 ",434.0339,0,21000,0,0,19780,
528,100,"1 1 1 1 0 0 0 0 1 0 1 0 0 1 1 0 0 0 0 0 1 1 0 1 1 0 0 0 1 0 0 1 0 1 1 1 0 1 1 1 1 0 0 0 1 0 0 0 0 0 0 0 1 1 0 0 0 1 0 0 0 0 0 1 1 1 0 0 1 0 1 0 1 1 0 0 0 1 0 1 1 0 0 1 0 1 0 1 1 0 1 1 1 1 0 1 0 1 1 1 ",190.2287,-1,9000,0,0,7354,
531,100,"0 1 0 1 1 1 1 1 1 0 0 0 0 1 1 0 1 1 1 1 0 1 0 0 1 1 1 1 1 0 0 0 0 1 0 0 1 1 1 1 0 1 0 1 0 1 1 1 0 1 1 1 1 0 1 0 1 0 1 0 0 0 1 0 0 0 0 1 0 1 0 1 1 0 1 1 1 0 1 1 0 1 1 0 1 1 1 1 1 1 1 1 0 1 1 1 1 1 1 1 ",186.508,-1,9000,0,0,8932,
533,100,"1 1 1 1 1 1 1 1 1 1 0 0 1 0 0 1 1 1 0 0 1 0 1 1 1 1 1 0 0 1 1 0 1 0 0 0 0 1 0 0 1 0 0 1 1 0 0 1 1 1 1 1 0 0 0 1 0 1 1 1 1 0 0 1 1 1 1 0 0 0 0 0 0 0 1 0 0 0 1 1 1 0 1 0 1 1 0 0 1 1 0 1 0 1 0 1 0 0 0 1 ",188.3187,-1,9000,0,0,8460,
539,100,"0 0 1 0 1 1 0 1 0 0 1 1 0 1 1 1 1 1 0 0 1 1 1 1 0 1 1 1 1 1 1 0 0 1 1 1 0 0 1 1 1 1 1 1 0 1 0 0 1 1 0 1 1 1 1 1 0 0 1 1 0 0 0 1 0 0 1 1 1 0 1 1 1 0 1 0 1 0 1 1 1 1 1 1 0 0 0 1 0 0 0 1 0 0 1 0 0 0 0 1 ",441.6897,0,20000,0,0,18414,
542,100,"0 1 1 0 1 0 1 1 1 1 0 1 1 1 0 0 1 1 1 0 0 0 0 0 0 1 1 1 1 0 0 1 1 0 0 1 0 0 1 0 0 0 0 0 1 1 1 0 1 1 1 1 0 0 1 1 1 1 1 0 0 0 0 0 0 1 1 0 1 0 1 0 1 1 0 1 1 1 1 0 1 1 0 1 1 0 0 0 1 0 0 1 0 1 0 1 1 1 0 0 ",225.6836,-1,11000,0,0,10130,
546,100,"1 1 0 1 1 1 0 0 0 1 1 0 1 0 0 0 0 0 1 1 0 1 1 1 1 0 1 0 1 0 0 1 0 1 1 1 1 0 1 0 0 1 1 1 0 1 0 0 0 1 1 0 1 0 0 0 0 1 0 1 1 1 0 0 0 1 1 1 1 0 0 0 0 0 0 0 1 1 1 0 1 1 0 0 0 0 0 1 0 1 1 1 0 0 0 1 0 0 1 0 ",204.1102,-1,10000,0,0,8879,
55,100,"1 0 0 0 0 0 1 1 1 0 1 0 0 0 1 1 1 1 1 1 0 1 1 1 0 0 0 1 0 0 1 0 1 0 0 0 1 0 1 1 1 0 1 0 0 1 1 1 0 1 0 0 1 0 0 1 1 0 1 0 1 1 1 0 0 0 0 0 0 0 0 1 0 1 0 1 1 1 0 1 1 1 1 1 1 1 1 0 1 0 0 1 1 0 0 1 1 1 0 1 ",850.3477,2,44000,0,0,43346,
56,100,"0 0 1 1 1 0 1 0 0 1 1 1 1 1 1 0 1 0 0 1 1 0 0 0 1 0 1 0 0 0 0 0 1 0 1 0 1 1 1 0 0 0 0 1 1 1 0 0 0 1 1 0 1 1 1 0 0 1 0 0 0 1 1 1 0 0 0 0 1 1 1 0 0 1 1 0 0 1 1 1 1 1 1 1 1 0 1 0 0 0 0 0 1 1 1 0 1 1 1 1 ",449.4654,0,23000,0,0,21291,
561,100,"1 0 1 0 0 1 0 0 0 1 1 1 1 1 0 0 1 0 1 0 0 1 0 0 1 1 0 0 0 1 1 1 1 1 1 1 1 1 1 1 0 1 1 0 0 0 1 1 0 1 1 1 1 1 1 1 1 0 1 0 1 1 0 1 0 0 1 1 1 1 0 0 1 1 1 1 1 1 1 1 1 0 0 1 0 1 1 0 0 0 1 1 1 0 0 0 1 1 0 0 ",634.4841,1,32000,0,0,31113,
564,100,"0 1 0 1 1 0 0 0 1 0 1 1 1 1 0 1 0 0 0 1 1 0 1 1 1 0 0 0 1 1 0 1 1 1 1 0 1 0 1 0 1 1 0 0 1 0 1 0 1 1 0 1 0 1 0 0 1 0 1 0 0 0 1 1 1 0 0 0 1 0 0 1 0 1 1 0 0 1 1 1 1 1 1 0 1 1 1 0 1 0 1 0 0 1 1 0 0 1 0 0 ",177.7112,-1,9000,0,0,6761,
575,100,"1 0 0 0 1 1 0 1 1 1 0 0 0 0 0 0 0 0 1 0 1 0 1 1 0 0 0 0 0 1 1 0 0 1 0 1 0 0 0 1 0 0 1 0 1 0 1 1 0 0 1 0 0 0 0 1 1 1 1 1 0 0 1 1 0 0 0 1 0 0 1 1 1 1 1 0 0 1 1 0 1 1 0 0 1 0 0 1 1 0 0 1 0 1 1 1 1 0 0 1 ",580.89,1,30000,0,0,28653,
58,100,"1 1 1 1 0 0 1 1 1 0 1 0 1 0 1 0 1 1 1 0 0 1 1 0 0 1 0 0 0 0 0 1 0 1 1 0 0 1 0 0 0 1 1 0 0 0 1 1 0 1 0 1 1 0 1 0 0 0 0 0 1 1 1 1 0 1 0 1 0 0 0 1 1 0 0 0 0 1 0 0 0 1 1 1 0 1 1 1 1 0 1 1 0 1 1 0 1 0 1 0 ",175.6676,-1,9000,0,0,6615,
585,100,"1 1 1 0 0 1 1 1 0 1 0 1 0 1 0 1 0 1 1 1 0 1 0 1 0 1 1 1 1 0 1 0 0 0 1 0 1 1 0 1 0 1 0 1 0 1 1 1 0 0 1 1 0 0 1 0 1 0 0 0 0 1 1 1 1 1 0 1 0 0 1 0 1 1 1 1 0 1 1 0 1 0 0 1 0 0 1 1 0 0 1 0 1 1 1 0 0 0 0 1 ",180.9545,-1,9000,0,0,6617,
600,100,"1 1 1 1 1 1 0 1 1 0 1 0 0 0 0 1 0 0 0 0 1 0 1 0 1 1 0 1 1 1 0 1 1 0 1 1 0 1 1 0 1 0 0 0 0 1 0 1 0 1 1 1 1 1 0 0 1 0 0 1 0 0 1 0 0 1 0 1 1 1 0 0 0 0 1 1 0 0 0 1 0 0 1 1 1 1 0 0 1 0 1 1 0 0 1 1 1 1 1 0 ",186.74,-1,9000,0,0,7192,
606,100,"1 1 1 1 0 1 0 0 1 0 1 1 0 0 0 0 1 0 1 1 0 1 1 0 0 0 1 0 0 1 0 1 1 0 1 1 1 1 1 0 0 1 0 0 1 0 1 1 0 1 1 1 0 1 1 0 1 0 0 1 0 1 0 0 1 1 0 1 0 0 1 0 1 0 0 1 0 1 1 1 0 1 1 0 0 0 0 1 1 1 1 1 1 1 0 1 0 0 1 0 ",206.139,-1,10000,0,0,9047,
