ID,n,Result vector,Average Runtime [ms],Epsilon,Watched Parameter
1,30,"0 1 0 1 1 1 0 0 1 0 1 0 0 1 1 0 0 0 0 1 0 0 0 0 1 0 0 0 1 0 ",40.59424,0.04929004982113838,
2,30,"1 1 1 1 0 0 1 1 0 1 0 0 0 1 1 0 0 1 1 1 1 1 0 0 0 1 1 0 1 0 ",33.69616,0.028561575338244438,
3,30,"0 1 1 1 0 0 0 0 1 1 1 0 0 0 0 1 0 0 1 0 0 1 0 1 1 0 1 0 0 1 ",38.42176,0.004359197802841663,
4,30,"1 1 1 1 0 1 1 1 1 1 1 1 1 0 1 1 1 1 1 1 1 1 1 1 1 1 1 1 1 1 ",25.533160000000002,0,
5,30,"1 1 0 0 1 1 1 1 1 1 1 1 1 1 1 1 1 0 1 1 1 1 1 1 1 0 0 1 1 0 ",26.70532,0,
6,30,"1 0 0 1 0 1 1 1 0 1 1 1 1 0 1 1 1 0 1 1 0 0 1 0 0 1 0 0 1 1 ",33.08144,0,
7,30,"1 1 0 1 0 1 1 1 1 1 0 1 0 1 1 1 1 1 0 0 0 1 1 1 0 1 1 1 1 0 ",39.52046,0,
8,30,"1 1 1 1 1 1 0 1 1 1 1 1 1 1 0 1 1 1 0 1 1 1 0 1 1 1 0 1 0 1 ",31.281799999999997,0,
9,30,"0 0 1 0 0 1 0 0 0 0 1 0 0 0 0 0 0 0 0 1 0 0 1 0 0 0 1 1 0 0 ",39.3129,0,
10,30,"0 0 0 0 0 0 0 0 0 0 0 0 0 0 0 0 0 0 0 0 0 0 0 0 0 0 0 0 0 0 ",39.28664,0,
11,30,"0 0 0 0 1 1 0 0 1 1 1 0 0 0 0 1 1 0 1 0 0 0 0 0 1 0 0 0 0 1 ",31.134719999999998,0.030120830982923508,
12,30,"1 1 1 0 1 1 1 0 0 1 1 0 1 0 1 1 1 0 0 1 1 1 1 0 1 0 0 1 1 1 ",31.774919999999998,0,
13,30,"1 1 1 1 1 1 0 1 0 0 0 0 1 1 1 0 1 0 0 0 1 0 1 0 1 0 1 1 0 1 ",39.56352,0,
14,30,"1 1 1 1 1 1 1 1 1 1 0 1 1 0 0 1 1 1 0 1 1 0 1 0 0 1 1 0 1 1 ",39.5008,0,
15,30,"1 1 1 1 1 1 1 1 0 1 1 1 1 1 1 1 1 1 1 1 1 1 0 1 1 1 1 0 1 0 ",23.3429,0,
16,30,"0 1 1 1 0 0 1 1 0 1 1 1 1 1 1 1 1 1 0 1 1 1 1 1 1 1 1 1 0 1 ",26.610899999999997,0,
17,30,"1 0 0 1 1 0 0 0 1 1 1 1 1 0 0 0 0 1 1 1 1 1 0 1 1 1 1 1 0 0 ",39.693599999999996,0,
18,30,"0 1 1 1 1 1 1 0 1 1 0 1 1 0 1 0 0 0 1 1 0 1 1 0 1 1 1 0 1 0 ",39.5475,0,
19,30,"1 1 1 1 0 1 1 1 1 1 1 1 1 1 1 1 1 1 1 1 0 1 1 1 1 1 0 1 1 1 ",29.23838,0,
20,30,"1 1 1 1 1 1 1 0 1 1 1 0 1 1 1 1 1 1 1 1 1 1 1 1 1 1 1 1 1 0 ",26.1475,0,
21,30,"0 0 0 0 0 0 0 0 0 0 0 0 0 0 0 0 0 0 0 0 0 0 0 0 0 0 0 0 0 0 ",37.003519999999995,0,
22,30,"1 1 1 1 1 1 1 1 1 1 0 0 0 1 1 1 1 1 1 0 1 1 1 1 1 1 0 1 1 1 ",30.09378,0,
23,30,"1 1 1 1 1 0 1 1 0 1 0 0 0 0 0 1 0 1 0 1 1 0 1 1 1 0 0 1 1 1 ",35.57844,0.0014369881246238947,
24,30,"0 0 0 0 0 1 0 0 1 0 1 0 1 0 0 1 0 0 0 1 1 0 0 0 0 1 0 1 0 1 ",41.671839999999996,0.08499830961227417,
25,30,"1 0 1 0 0 0 1 1 0 0 1 0 0 0 0 1 0 1 0 1 0 0 0 1 1 1 0 0 0 1 ",38.3076,0.08645129948854446,
26,30,"1 0 0 1 0 0 0 0 1 0 0 0 0 1 0 0 0 0 1 0 1 0 0 1 1 0 1 1 0 0 ",38.03082,0.04289749264717102,
27,30,"1 0 0 1 0 0 0 0 0 1 0 0 0 0 1 0 0 0 0 0 0 0 0 0 0 1 0 0 0 0 ",39.866640000000004,0.1937478929758072,
28,30,"0 0 0 0 0 0 0 1 1 1 0 0 0 1 0 0 0 0 0 0 0 0 0 1 0 1 0 0 1 0 ",32.630700000000004,0.043153662234544754,
29,30,"1 0 1 1 1 1 0 0 0 0 0 1 0 1 0 1 1 0 0 1 1 0 0 0 1 0 0 0 0 1 ",39.34886,0.06087122857570648,
30,30,"1 1 0 1 1 0 1 1 1 1 1 1 0 1 1 1 1 1 1 1 1 1 1 1 1 1 1 1 1 0 ",31.72486,0,
31,30,"1 1 0 1 0 1 1 1 1 1 1 1 1 1 1 1 1 1 1 1 1 1 1 0 1 1 1 1 0 0 ",26.5567,0,
32,30,"0 1 1 1 1 1 1 0 1 0 1 1 0 1 0 1 1 1 1 1 0 1 0 1 1 0 1 1 1 1 ",36.86414,0,
33,30,"1 0 1 0 0 0 0 1 0 0 1 0 1 0 1 0 0 0 0 0 0 0 0 1 1 0 0 0 0 0 ",43.42998,0.00225877040065825,
34,30,"0 1 0 0 0 0 1 1 1 1 0 1 0 1 0 1 1 1 0 0 0 1 1 0 1 0 1 1 0 0 ",41.88926,0.022016221657395363,
35,30,"1 1 1 1 0 1 1 1 1 1 0 0 0 1 1 1 1 1 0 1 1 0 1 1 0 1 1 0 1 1 ",36.3258,0,
36,30,"0 0 1 0 0 0 0 0 0 0 1 0 1 0 0 0 0 0 1 0 0 0 1 1 1 0 0 1 1 0 ",32.7513,0.02532551996409893,
37,30,"1 1 1 0 1 0 0 0 0 1 1 0 1 0 0 0 0 1 0 0 0 1 0 0 0 1 0 0 1 1 ",40.867360000000005,0.058397118002176285,
38,30,"0 0 0 0 0 0 0 0 0 0 0 0 0 0 0 0 0 0 0 0 0 0 0 0 0 0 0 0 0 0 ",42.39848,0,
39,30,"0 0 1 1 0 0 0 1 1 0 0 0 0 1 1 0 0 0 0 0 0 0 1 0 1 0 0 0 1 0 ",39.75004,0.06506306678056717,
40,30,"1 1 1 1 1 1 1 1 1 1 1 1 0 1 0 1 1 0 1 1 1 1 1 1 1 1 1 1 1 1 ",29.543680000000002,0,
41,30,"1 1 1 1 0 1 1 1 1 1 1 1 1 0 0 1 1 1 1 0 1 1 1 1 0 1 1 1 1 1 ",29.540159999999997,0,
42,30,"1 1 0 0 1 0 0 1 0 0 1 0 1 0 1 1 1 1 0 0 0 0 1 0 1 0 0 1 0 0 ",34.07834,0,
43,30,"0 0 0 1 0 0 0 0 0 0 0 0 0 0 0 0 1 1 0 0 0 1 1 0 0 0 0 1 1 0 ",39.65256,0.060335107147693634,
44,30,"1 1 1 1 1 0 1 1 1 1 1 1 1 0 1 1 1 1 0 1 1 1 0 1 1 1 1 1 1 1 ",28.47634,0,
45,30,"1 1 1 1 1 1 1 0 0 1 1 0 1 1 1 1 1 0 1 1 1 1 0 1 0 1 1 1 0 1 ",26.98952,0,
46,30,"1 0 0 0 0 0 1 1 0 1 0 1 0 1 0 0 0 0 1 1 0 0 0 0 1 0 0 1 0 0 ",32.81796,0.05348868668079376,
47,30,"1 1 0 1 1 0 1 1 1 1 1 1 1 1 0 1 1 1 0 1 1 1 1 1 1 1 1 1 1 1 ",29.21594,0,
48,30,"1 1 0 0 0 0 0 0 0 0 0 1 1 1 1 1 0 1 1 1 1 1 1 1 0 0 0 0 1 1 ",32.88156,0.01162889413535595,
49,30,"0 0 1 1 0 0 0 1 0 0 0 0 0 0 0 0 1 0 0 0 0 0 0 0 0 0 0 0 0 0 ",36.11464,0.15373578667640686,
50,30,"1 1 1 1 1 0 1 1 1 1 1 1 1 1 1 1 1 1 1 1 1 1 0 1 1 1 1 1 1 1 ",31.589260000000003,0,
51,30,"1 1 1 1 1 0 1 1 1 1 1 0 1 1 1 1 0 1 1 1 1 1 1 1 1 1 1 1 1 1 ",29.200740000000003,0,
52,30,"0 0 0 1 0 0 0 0 0 0 1 0 0 0 1 0 0 0 1 0 0 1 0 1 0 0 0 0 0 0 ",31.493419999999997,0,
53,30,"0 0 1 0 1 1 0 1 0 1 0 0 0 1 1 1 1 1 0 1 1 1 1 1 1 1 1 0 1 1 ",40.29246,0,
54,30,"1 1 1 1 1 1 1 0 0 0 1 1 1 1 1 1 1 0 1 1 1 1 1 0 1 1 1 1 0 1 ",33.96174,0,
55,30,"1 1 0 1 0 0 1 1 0 0 0 1 0 0 0 1 1 0 0 0 0 1 0 0 0 0 1 0 1 1 ",37.70976,0,
56,30,"1 0 0 1 1 0 1 1 1 0 1 0 1 1 0 1 1 0 0 0 1 0 0 0 0 1 1 0 0 1 ",38.30798,0.0051774452440440655,
57,30,"1 1 1 1 1 0 1 1 1 1 1 1 1 1 1 1 0 1 1 1 1 1 0 1 1 1 0 1 1 1 ",29.440379999999998,0,
58,30,"0 1 0 1 0 0 1 0 0 0 0 0 1 1 0 0 0 0 1 0 0 0 0 0 0 0 1 0 0 1 ",41.7065,0.018261825665831566,
59,30,"1 1 0 1 1 1 1 0 1 0 0 1 0 1 1 1 0 1 1 0 1 0 0 1 0 1 0 1 1 1 ",34.7644,0,
60,30,"1 0 0 1 0 0 1 1 0 1 0 1 1 1 1 0 0 1 0 1 1 0 0 1 0 0 0 1 1 0 ",33.29034,0.0022470992989838123,
61,30,"1 1 1 1 1 1 1 0 1 1 1 1 1 1 1 1 1 1 1 1 1 1 1 1 1 1 1 1 0 1 ",30.09586,0,
62,30,"0 0 0 0 0 0 0 0 0 0 0 0 0 0 0 0 0 0 0 0 0 0 0 0 0 0 0 0 0 0 ",36.224779999999996,0,
63,30,"0 1 1 0 1 1 1 1 1 1 1 1 0 1 0 1 0 1 0 1 0 1 1 1 1 0 0 0 0 1 ",32.02212,0,
64,30,"1 0 1 1 1 1 1 1 1 1 1 1 1 1 1 1 1 1 1 1 1 1 1 1 1 1 1 1 1 1 ",23.24716,0,
65,30,"0 0 0 0 1 0 1 1 0 1 0 1 0 0 0 0 0 0 1 1 1 0 1 1 0 1 0 1 0 1 ",37.970780000000005,0,
66,30,"0 1 1 1 1 1 1 1 1 0 1 1 1 1 1 1 1 1 1 1 1 0 1 1 1 1 1 1 1 1 ",23.4814,0,
67,30,"1 1 0 0 0 1 1 0 0 1 0 0 0 0 1 0 0 1 0 0 0 0 0 0 0 1 0 0 0 1 ",36.700959999999995,0.02102893963456154,
68,30,"0 1 0 0 0 0 1 0 0 0 1 1 1 0 1 1 0 0 0 0 0 1 0 0 1 1 0 0 0 0 ",37.91892,0.04649031534790993,
69,30,"1 1 0 1 1 1 1 0 1 1 1 1 1 1 1 1 1 1 1 1 1 0 1 1 1 1 0 1 1 1 ",29.213299999999997,0,
70,30,"1 0 0 0 1 1 1 0 0 0 1 1 1 1 1 1 1 0 0 1 1 0 1 0 0 1 1 1 0 1 ",40.1762,0,
71,30,"1 1 1 1 1 1 0 1 1 1 1 1 1 1 1 1 0 1 1 1 1 1 1 1 1 1 1 1 1 1 ",24.86966,0,
72,30,"1 1 1 1 1 1 1 1 1 1 1 1 1 1 1 1 1 1 1 1 1 1 1 1 1 1 1 0 1 1 ",30.872539999999997,0,
73,30,"0 0 0 1 1 1 0 1 1 1 1 1 1 0 0 1 0 1 1 1 1 1 1 1 1 1 1 0 1 0 ",35.56288,0,
74,30,"1 0 0 1 1 0 1 0 1 1 0 0 1 1 1 0 1 1 0 1 1 1 0 0 1 1 1 0 1 0 ",33.60908,0.009310757741332054,
75,30,"0 0 1 0 1 0 0 0 0 0 1 0 1 0 0 0 1 1 1 0 1 1 1 0 1 0 0 1 0 0 ",35.501780000000004,0,
76,30,"0 1 0 1 1 0 1 1 0 1 1 0 1 0 1 1 1 1 1 1 0 1 1 1 1 1 1 1 1 0 ",31.75674,0,
77,30,"1 1 1 1 0 1 1 0 1 1 0 1 1 1 0 1 0 0 0 0 1 1 1 1 1 1 0 1 1 1 ",34.6803,0.0017089988104999065,
78,30,"1 1 0 0 1 1 1 1 0 0 0 0 1 1 1 1 1 0 1 1 1 1 1 1 0 0 1 1 1 0 ",42.1543,0,
79,30,"0 1 0 1 1 0 0 0 1 0 0 1 1 1 0 0 1 0 0 1 1 1 1 1 1 0 1 1 0 0 ",36.541180000000004,0.03133778274059296,
80,30,"1 1 1 0 1 1 0 1 1 1 1 1 1 0 0 1 0 0 0 1 0 1 0 1 0 1 0 1 1 0 ",28.809500000000003,0.006814192980527878,
81,30,"1 1 1 1 0 1 1 1 1 0 1 1 1 1 0 1 0 1 1 1 1 1 1 0 1 1 1 0 1 1 ",29.6633,0,
82,30,"1 1 1 0 1 1 1 0 1 0 0 1 0 0 1 1 1 1 1 1 0 1 1 0 0 1 1 1 1 0 ",33.969,0,
83,30,"1 1 0 0 1 1 1 0 1 0 1 1 1 0 0 1 0 1 1 1 1 0 0 0 1 1 1 0 1 1 ",38.49652,0,
84,30,"1 0 0 0 0 1 0 0 0 1 1 0 0 1 1 0 0 0 0 1 1 1 1 0 0 0 1 1 0 0 ",37.8937,0.020979685708880424,
85,30,"1 0 1 0 1 1 1 0 0 0 1 1 0 1 1 0 1 1 1 0 0 0 1 1 0 0 1 0 1 1 ",36.59516,0.01213767472654581,
86,30,"1 0 0 1 1 1 1 1 1 0 1 1 1 1 1 1 1 1 1 1 1 1 0 1 1 1 1 1 0 1 ",28.44028,0,
87,30,"0 0 0 1 0 1 0 1 1 0 0 1 1 0 1 0 1 1 0 1 1 1 1 0 1 0 0 1 1 1 ",36.25678,0,
88,30,"1 1 1 1 1 1 1 1 1 1 1 1 1 1 1 1 1 1 1 1 1 1 1 1 0 1 1 1 1 1 ",28.312720000000002,0,
89,30,"1 0 0 1 1 0 0 1 1 0 1 1 1 1 1 1 1 1 1 1 0 0 1 1 1 0 1 0 0 0 ",37.81326,0,
90,30,"1 1 0 1 1 0 1 0 0 1 0 1 0 0 0 1 0 0 1 0 1 0 0 1 1 0 1 0 1 0 ",39.93244,0.014219813048839569,
91,30,"0 0 0 0 1 0 1 0 0 0 0 0 1 0 0 0 0 1 0 0 0 0 0 0 0 0 0 0 0 0 ",38.70862,0,
92,30,"0 0 0 1 0 0 0 1 0 1 0 0 1 0 1 1 1 0 0 0 0 0 0 0 1 1 0 0 0 0 ",35.6459,0.09140148758888245,
93,30,"0 1 0 1 0 0 0 0 0 0 1 1 0 0 0 0 0 1 0 1 0 0 1 1 0 0 0 0 0 0 ",40.40296,0.03407713770866394,
94,30,"1 1 1 0 0 0 1 0 1 1 1 0 1 0 1 1 1 0 1 1 0 0 1 0 1 1 0 1 1 0 ",36.81136,0,
95,30,"1 1 1 0 1 0 1 1 1 1 1 1 1 0 0 1 1 1 0 1 1 0 1 1 1 0 1 1 1 0 ",33.73456,0.0015819950494915247,
96,30,"0 1 1 1 0 1 1 0 1 1 1 1 0 0 1 1 0 1 0 0 0 1 0 0 1 1 1 1 1 0 ",31.739240000000002,0.009574176743626595,
97,30,"1 1 1 1 1 1 1 0 1 1 1 1 1 1 1 1 1 1 1 1 1 1 1 1 0 1 1 1 1 1 ",28.1606,0,
98,30,"1 1 0 0 0 1 1 1 1 1 1 1 1 1 1 1 1 1 1 1 0 1 1 1 1 1 1 1 1 0 ",26.46832,0,
99,30,"1 1 1 1 1 1 1 1 1 1 1 1 0 0 1 1 1 1 1 1 1 1 1 0 1 0 1 1 1 1 ",31.036040000000003,0,
100,30,"0 0 1 0 1 0 1 1 0 1 1 1 1 1 1 1 1 1 1 1 1 1 1 1 1 1 1 1 1 1 ",28.891840000000002,0,
101,30,"0 1 0 1 0 0 0 0 0 1 1 1 1 0 0 0 0 1 0 0 0 0 0 1 0 0 0 0 1 0 ",43.05562,0.06028169021010399,
102,30,"1 1 1 1 1 0 0 1 1 1 1 1 1 1 1 0 1 1 1 0 0 1 0 0 0 0 0 0 0 1 ",34.38288,0.019729940220713615,
103,30,"0 0 0 1 0 1 0 1 1 0 1 1 0 0 1 0 0 1 1 0 0 1 0 0 1 0 1 0 0 0 ",40.275240000000004,0.031547557562589645,
104,30,"0 0 0 0 0 0 1 0 0 1 0 0 0 0 0 0 1 0 0 0 0 0 0 0 1 0 0 0 0 1 ",41.60658,0,
105,30,"1 0 0 0 0 0 0 0 0 0 1 1 0 1 1 0 0 0 0 0 0 1 0 1 0 1 1 0 0 0 ",35.242419999999996,0.040555719286203384,
106,30,"0 1 1 1 1 0 0 0 1 1 0 1 0 0 1 0 0 0 1 0 0 0 0 0 0 0 0 0 1 0 ",37.365359999999995,0,
107,30,"1 0 1 0 1 1 0 1 1 1 1 1 0 0 0 0 0 1 1 1 0 0 0 0 0 1 0 0 0 0 ",33.41724,0,
108,30,"0 1 1 1 1 1 1 1 1 1 1 1 0 0 0 1 0 0 1 1 0 1 1 1 1 1 1 1 1 1 ",30.679039999999997,0,
109,30,"0 0 1 0 0 0 0 1 0 0 1 0 0 1 1 0 0 1 0 0 1 1 0 1 0 1 0 1 1 1 ",41.364940000000004,0.01788756437599659,
110,30,"0 0 1 0 0 0 0 0 0 0 0 1 0 0 0 0 0 1 0 0 0 0 0 0 0 0 0 0 0 1 ",37.34804,0,
111,30,"1 1 1 1 1 1 1 1 0 1 1 1 1 1 1 1 1 1 1 1 1 1 1 1 1 1 1 1 1 1 ",29.11396,0,
112,30,"1 1 1 1 1 1 1 1 1 1 1 1 1 1 1 1 1 1 1 1 1 0 1 1 0 1 1 1 1 1 ",27.10626,0,
113,30,"0 0 0 0 0 1 0 1 0 0 1 0 0 0 0 1 0 0 1 0 0 0 0 0 1 1 0 0 0 0 ",36.36616,0,
114,30,"1 1 1 1 1 0 0 1 1 1 1 0 1 0 1 1 1 0 1 1 1 1 1 1 1 1 1 1 1 1 ",28.988979999999998,0,
115,30,"1 0 1 1 1 0 1 1 0 1 0 1 1 1 0 0 1 1 1 1 1 0 1 1 1 1 1 1 0 0 ",30.37392,0.0011733482824638486,
116,30,"1 1 1 0 1 0 1 1 1 1 1 1 0 0 1 0 0 0 0 0 1 1 1 1 0 1 0 0 1 1 ",36.45372,0,
117,30,"0 0 0 1 0 0 1 0 1 1 1 1 1 1 1 1 1 1 1 1 1 1 1 1 1 1 1 0 1 0 ",30.236520000000002,0.01030898466706276,
118,30,"1 0 0 0 0 1 1 0 0 0 0 0 0 1 0 0 0 0 1 1 0 1 1 0 0 1 0 0 1 1 ",42.121300000000005,0.003047293983399868,
119,30,"0 1 0 0 0 0 0 1 0 0 1 0 0 1 0 0 1 1 0 1 1 0 0 0 0 0 1 0 1 1 ",38.29586,0,
120,30,"0 0 0 0 0 0 0 0 0 0 0 0 0 0 0 0 0 0 0 1 0 0 0 0 0 0 1 0 0 1 ",37.02422,0,
121,30,"0 0 1 0 1 0 0 1 0 0 0 0 0 1 0 0 0 0 0 0 0 1 1 1 0 1 0 0 0 0 ",37.841680000000004,0.06848317384719849,
122,30,"1 1 1 1 1 1 1 1 1 1 1 1 1 1 1 1 1 1 1 1 0 1 1 1 1 1 1 1 1 1 ",24.748759999999997,0,
123,30,"0 0 0 1 0 0 1 1 0 0 0 1 0 1 1 1 0 1 0 0 1 1 1 0 0 0 0 0 0 0 ",37.479820000000004,0.017128027975559235,
124,30,"1 1 1 0 1 0 0 1 1 0 1 1 0 1 0 0 0 0 0 0 0 1 0 0 1 1 0 1 1 0 ",42.13396,0.021605707705020905,
125,30,"1 1 1 1 1 1 1 1 0 1 0 0 1 0 1 0 1 1 1 1 0 1 0 1 1 1 0 1 1 0 ",31.719479999999997,0,
126,30,"1 0 0 1 0 0 1 1 1 0 1 1 1 0 0 1 0 1 0 0 0 1 0 1 0 0 1 1 1 1 ",38.4281,0.024705784395337105,
127,30,"1 1 1 1 1 1 0 0 1 0 1 0 1 0 1 1 1 0 1 1 1 0 1 1 1 0 1 1 1 0 ",31.35852,0,
128,30,"1 1 1 1 0 1 0 1 0 1 0 1 1 0 1 1 1 0 1 0 1 1 0 1 1 1 1 0 0 1 ",32.92796,0,
129,30,"1 1 1 1 1 1 1 1 1 0 1 1 1 0 1 1 1 1 0 1 0 1 1 1 1 1 1 1 1 1 ",31.118380000000002,0,
130,30,"0 0 0 0 0 0 0 0 0 0 0 0 0 0 0 0 0 0 1 0 0 1 0 0 0 1 1 0 0 0 ",34.3731,0,
131,30,"0 1 1 1 1 1 1 1 1 1 1 1 1 1 0 1 1 1 1 1 1 1 1 1 1 1 1 0 1 1 ",28.151159999999997,0,
132,30,"1 0 1 0 1 1 1 1 1 0 0 1 0 1 0 1 0 0 1 1 1 0 1 1 1 1 1 0 0 1 ",39.464240000000004,0,
133,30,"0 1 1 0 1 1 1 1 1 1 1 1 1 1 1 1 1 0 1 0 1 1 1 1 1 0 1 0 1 1 ",26.27522,0,
134,30,"0 0 1 1 1 0 0 1 1 1 0 0 1 1 0 1 1 1 1 0 1 1 0 0 1 0 0 1 1 0 ",32.62946,0.008687731809914112,
135,30,"0 1 1 1 0 0 0 0 0 0 1 1 1 0 1 0 0 0 0 0 1 1 1 1 0 0 1 0 1 0 ",37.36486,0.03967584669589996,
136,30,"1 1 1 1 1 0 0 1 1 1 1 1 1 0 1 0 1 1 1 0 0 1 1 1 1 0 1 1 0 1 ",33.40092,0,
137,30,"1 1 1 1 1 1 1 1 1 1 1 1 1 1 1 1 1 0 1 0 1 1 1 1 1 1 1 1 0 0 ",26.208999999999996,0,
138,30,"1 1 1 1 1 0 0 1 0 1 1 1 1 0 1 1 1 1 1 1 1 1 1 0 1 1 1 1 1 1 ",26.38992,0,
139,30,"0 0 0 1 0 1 0 1 0 1 0 0 0 1 0 0 0 0 0 0 1 0 0 0 0 1 0 1 0 0 ",37.3103,0.1450386792421341,
140,30,"1 1 1 1 1 1 1 1 1 1 1 0 1 1 1 1 1 1 1 1 1 1 1 1 1 1 1 1 1 0 ",21.46422,0,
141,30,"0 1 0 0 0 0 0 1 0 0 0 1 0 1 0 1 0 1 1 0 1 0 0 0 1 0 0 0 0 0 ",35.14832,0,
142,30,"0 0 0 0 0 0 0 1 0 0 1 1 0 0 1 0 0 0 0 0 0 0 0 1 0 0 1 0 1 1 ",33.33204,0.018108390271663666,
143,30,"1 1 1 1 1 1 1 1 1 0 1 1 1 1 1 1 1 1 1 1 1 1 1 1 1 1 1 1 1 1 ",24.33392,0,
144,30,"1 0 0 0 1 1 0 1 0 0 0 1 1 0 0 0 0 0 0 1 0 1 1 0 0 0 0 0 1 1 ",41.0193,0,
145,30,"1 0 0 0 0 1 0 1 1 1 1 0 0 1 1 0 0 1 0 0 1 0 1 1 0 0 0 0 1 1 ",39.83734,0.019583268091082573,
146,30,"1 1 0 1 1 1 1 1 1 1 1 1 1 1 0 0 0 1 0 1 1 1 0 1 0 1 1 1 1 1 ",31.28874,0,
147,30,"0 1 0 1 1 1 0 0 0 0 1 1 0 1 0 0 1 1 0 1 0 0 1 0 0 0 0 0 0 0 ",33.25532,0.055447615683078766,
148,30,"0 1 1 1 0 1 1 1 1 0 0 0 0 1 0 1 0 1 0 1 0 0 0 1 0 0 0 1 0 1 ",31.780759999999997,0.024955209344625473,
149,30,"1 1 0 1 0 1 1 0 0 1 1 1 0 1 0 1 1 0 1 0 1 1 1 0 1 1 1 0 1 1 ",29.485300000000002,0,
150,30,"1 1 1 1 1 1 1 1 1 1 1 0 1 0 1 1 1 0 1 0 1 1 1 1 1 1 1 1 1 0 ",25.24144,0.005481272470206022,
151,30,"1 1 1 0 1 0 1 1 0 1 1 1 0 1 1 0 1 1 1 1 1 1 1 0 1 0 1 1 0 0 ",32.60514,0.008240638300776482,
152,30,"1 1 1 1 1 1 1 1 1 0 1 0 1 1 1 1 1 1 1 0 1 1 1 1 1 1 1 1 1 1 ",28.151220000000002,0,
153,30,"0 1 0 1 1 0 1 1 1 1 1 0 0 1 1 1 1 1 0 1 0 0 1 0 0 1 0 1 0 1 ",38.1736,0,
154,30,"1 0 1 1 1 1 1 1 0 1 1 1 1 1 1 1 1 1 1 1 1 1 1 1 1 1 1 1 0 0 ",29.358719999999998,0,
155,30,"1 1 1 1 1 1 1 1 1 1 1 1 0 1 1 1 1 1 1 1 1 0 1 1 1 1 1 1 1 1 ",26.14316,0,
156,30,"1 1 0 0 0 0 1 1 1 1 1 1 1 1 0 0 0 0 1 1 1 0 1 0 0 1 1 1 0 0 ",36.41372,0,
157,30,"1 1 1 1 0 1 0 0 1 1 0 1 1 0 1 1 1 0 1 1 1 0 1 0 1 0 1 1 0 1 ",32.774919999999995,0,
158,30,"1 0 1 1 1 1 1 1 1 1 1 1 1 1 1 1 1 0 1 1 1 1 1 1 1 0 1 1 0 1 ",26.31834,0,
159,30,"0 1 0 0 1 0 0 1 1 1 1 1 1 1 0 0 0 1 1 0 0 0 0 1 0 0 0 1 1 0 ",36.64996,0.027182435616850853,
160,30,"1 0 0 0 1 1 1 1 1 1 1 1 1 0 0 1 0 1 1 1 1 1 0 1 0 1 0 1 0 1 ",34.57806,0,
161,30,"0 1 1 1 1 1 1 1 1 0 1 1 0 1 1 1 1 0 1 1 0 1 1 1 1 1 1 1 1 1 ",29.73,0,
162,30,"1 0 1 0 1 1 1 1 1 1 1 1 1 1 1 1 1 1 1 1 1 1 1 1 1 1 1 1 1 0 ",23.25002,0,
163,30,"1 1 1 1 1 1 1 1 1 1 1 1 1 1 1 1 1 1 1 0 1 1 1 1 1 1 1 1 1 1 ",34.04588,0,
164,30,"0 1 0 0 0 1 0 1 0 0 1 1 1 1 1 1 0 1 1 0 1 1 1 0 0 0 0 1 1 0 ",38.67946,0.0069741373881697655,
165,30,"0 0 1 1 0 0 0 0 0 1 0 0 0 1 1 0 0 0 0 1 0 0 0 0 0 0 0 1 1 0 ",33.13138,0,
166,30,"0 1 0 0 1 0 1 0 1 1 0 1 0 1 1 1 1 0 1 1 1 0 1 1 0 1 1 0 0 0 ",39.77852,0,
167,30,"0 0 0 0 0 0 0 1 1 0 0 0 0 0 0 0 0 0 0 0 0 0 0 0 0 0 1 0 0 0 ",25.626459999999998,0.09228535741567612,
168,30,"1 1 0 1 1 1 0 0 0 0 0 0 1 1 1 0 1 0 1 1 1 1 0 1 1 0 1 0 0 0 ",38.81678,0.0279832873493433,
169,30,"0 1 1 1 0 0 0 1 1 0 1 1 1 0 1 1 1 1 0 0 1 1 0 0 1 1 0 0 1 1 ",30.59162,0.021525487303733826,
170,30,"1 1 0 1 0 1 1 0 1 1 1 1 0 0 1 1 0 1 0 0 1 0 1 1 0 1 1 0 0 1 ",34.86418,0.014812078326940536,
171,30,"0 0 1 0 1 0 0 0 0 1 0 0 0 0 0 1 1 0 0 0 0 0 0 1 0 0 1 0 1 0 ",33.14572,0.01092055719345808,
172,30,"1 1 1 1 0 1 1 1 1 1 0 1 1 1 0 1 1 0 1 0 1 1 1 0 1 1 1 0 0 1 ",30.66076,0,
173,30,"1 1 1 0 0 0 0 0 0 0 1 0 0 0 0 1 0 1 1 1 0 0 0 0 1 1 0 1 0 0 ",38.30048,0.010177812539041042,
174,30,"1 1 0 1 1 1 0 1 0 1 0 0 0 0 0 0 0 1 0 0 1 1 1 0 0 0 0 0 0 0 ",47.9058,0,
175,30,"1 1 1 1 0 0 1 0 1 0 1 1 1 1 0 1 1 0 0 0 1 1 0 1 0 1 0 1 1 0 ",37.36062,0.004568092990666628,
176,30,"1 1 1 1 1 1 1 1 1 1 1 1 1 0 1 1 1 1 1 1 1 1 1 1 1 1 1 1 1 1 ",34.39896,0,
177,30,"1 1 0 1 0 0 0 0 1 0 0 1 0 0 1 0 1 0 0 1 0 1 1 1 0 1 1 0 0 0 ",39.601119999999995,0,
178,30,"1 0 0 0 0 1 1 1 1 0 1 0 1 1 0 1 1 1 0 1 0 0 1 1 1 1 1 1 1 1 ",33.26918,0,
179,30,"1 1 1 0 0 0 1 0 1 1 1 0 1 1 0 0 1 0 1 0 0 1 1 0 0 0 0 1 1 1 ",36.1464,3.715538332471624E-05,
180,30,"1 0 1 1 1 0 0 1 0 1 0 1 0 1 1 1 1 1 1 1 1 0 1 1 1 1 1 1 1 0 ",36.4757,0,
181,30,"1 1 1 0 1 0 0 1 1 1 1 1 1 1 1 1 0 1 1 0 1 0 1 1 1 0 1 1 0 1 ",33.36226,0,
182,30,"1 0 1 1 1 1 1 0 0 0 1 1 0 1 0 0 1 0 1 1 0 1 0 1 0 1 1 1 1 0 ",33.12822,0,
183,30,"1 1 1 0 1 0 1 0 1 0 0 1 1 1 1 0 0 0 1 1 1 1 1 1 1 0 0 1 1 0 ",38.36296,0.0004909632261842489,
184,30,"0 1 1 0 0 1 1 1 1 0 1 1 0 0 0 0 0 1 0 0 1 1 1 0 1 0 1 0 1 1 ",31.508940000000003,0,
185,30,"0 1 1 1 1 1 1 1 1 1 1 1 1 1 1 1 1 0 1 1 1 1 1 1 1 0 0 1 1 0 ",27.7805,0,
186,30,"0 0 0 1 0 1 1 0 1 1 0 0 0 0 0 1 1 0 1 0 1 1 0 1 0 1 0 0 0 1 ",35.43984,0.05916518718004227,
187,30,"0 0 0 0 1 0 1 0 0 0 0 1 0 0 0 0 0 0 1 1 0 0 0 0 0 1 1 0 1 0 ",37.625479999999996,0.06162194162607193,
188,30,"0 0 0 0 1 0 0 0 0 1 0 0 0 0 0 0 0 1 0 0 1 0 1 1 1 0 1 0 0 0 ",38.204539999999994,0.0627785325050354,
189,30,"0 0 1 1 0 1 1 1 0 0 1 1 0 0 1 0 1 0 1 0 1 1 0 0 1 1 0 1 1 1 ",38.12826,0,
190,30,"0 1 0 1 1 1 0 0 0 0 0 0 0 1 0 1 0 0 1 0 0 1 1 1 1 1 0 1 0 0 ",37.92918,0.02140253223478794,
191,30,"0 0 1 0 0 1 1 0 1 0 1 0 1 0 1 1 0 0 0 0 0 0 0 0 0 1 0 0 1 0 ",42.3101,0.02339908480644226,
192,30,"1 0 0 1 1 0 0 1 0 0 0 1 0 1 1 0 1 0 1 0 1 1 0 1 0 1 1 1 0 1 ",37.77082,0.0034522886853665113,
193,30,"1 0 1 1 0 0 0 0 1 0 1 0 1 1 1 1 1 0 0 1 1 1 1 1 1 1 1 0 1 0 ",29.573919999999998,0.005011504516005516,
194,30,"1 1 1 1 1 1 1 1 1 1 1 1 1 1 1 1 1 1 1 1 1 1 1 1 1 1 1 0 1 1 ",29.04668,0,
195,30,"0 1 1 1 0 1 1 0 1 0 1 1 0 1 0 0 1 0 1 1 1 1 1 1 1 1 1 1 0 1 ",36.85024,0,
196,30,"0 0 0 0 0 0 0 1 0 1 0 0 0 0 0 0 1 0 0 0 1 0 0 0 1 0 0 0 1 0 ",35.400459999999995,0.05127952620387077,
197,30,"0 1 1 1 0 0 1 0 0 1 0 1 0 1 0 0 0 0 1 0 0 1 0 0 0 0 0 1 0 0 ",43.634660000000004,0.03345295414328575,
198,30,"1 0 1 0 1 1 1 1 0 0 0 1 1 1 1 0 0 0 0 0 0 0 1 1 1 0 0 0 1 1 ",35.781580000000005,0.0033837731461972,
199,30,"0 1 0 0 0 0 0 1 0 0 1 0 1 0 0 1 1 0 0 0 0 1 1 0 0 0 1 1 0 0 ",35.20582,0,
200,30,"1 0 1 1 0 0 0 0 0 1 1 0 0 1 0 0 0 0 0 0 1 1 1 0 1 1 1 0 0 0 ",30.897660000000002,0,
201,30,"0 0 1 1 1 1 1 1 1 1 1 1 1 1 1 1 1 1 0 1 0 1 1 1 1 1 1 1 1 1 ",32.14242,0,
202,30,"1 0 0 1 1 1 1 1 1 1 1 1 1 1 1 1 1 0 1 1 1 1 0 0 1 0 0 1 0 0 ",37.1736,0,
203,30,"1 0 0 1 1 1 1 1 1 0 0 0 0 0 0 1 1 0 0 0 1 0 0 0 0 0 0 0 0 0 ",35.449059999999996,0,
204,30,"1 0 0 1 0 1 0 1 0 0 0 1 1 1 0 0 0 0 0 0 1 1 1 0 1 1 0 1 1 0 ",36.1237,0.058788809925317764,
205,30,"1 1 1 1 0 1 1 1 1 0 1 1 1 1 0 1 0 1 1 1 0 1 0 0 1 1 1 0 0 1 ",36.3564,0,
206,30,"1 1 1 1 0 1 1 1 1 1 1 1 1 1 1 1 1 1 1 1 1 1 1 1 1 1 1 1 1 1 ",26.4583,0,
207,30,"1 1 1 0 1 1 1 1 1 1 1 1 1 1 1 1 1 1 1 0 1 1 0 1 1 1 1 1 1 1 ",31.34566,0,
208,30,"1 1 1 1 1 1 1 1 1 1 1 1 1 1 1 1 1 0 1 1 0 0 1 0 1 1 1 1 1 1 ",29.51274,0,
209,30,"1 0 0 1 0 1 1 1 1 0 1 1 0 0 1 0 0 1 0 0 0 0 1 0 1 0 1 0 0 0 ",38.3163,0.0016352798556908965,
210,30,"1 0 0 1 0 0 1 1 1 1 1 0 0 0 0 1 0 1 0 1 1 0 0 0 0 1 1 1 0 0 ",41.271519999999995,0.02385038323700428,
211,30,"1 1 1 1 0 1 1 1 0 1 0 1 1 1 1 1 1 1 1 1 1 0 1 1 1 0 1 1 1 0 ",30.59026,0,
212,30,"1 1 1 1 1 1 1 1 1 1 1 0 1 1 1 1 1 0 1 1 1 1 1 1 1 1 0 1 1 0 ",25.62156,0,
213,30,"1 1 0 0 1 0 1 1 1 1 1 0 1 0 0 1 1 1 1 0 1 0 1 1 1 1 1 1 1 1 ",30.15582,0,
214,30,"0 0 0 0 0 0 1 1 0 0 0 1 0 0 1 0 0 0 1 0 1 1 0 1 1 1 1 0 1 0 ",37.06764,0,
215,30,"1 0 1 0 1 0 0 0 0 1 1 1 0 0 1 1 1 1 1 1 1 1 0 1 0 0 0 0 1 0 ",34.32922,0.02956356666982174,
216,30,"1 1 1 1 1 1 1 1 1 1 1 1 1 1 1 0 1 1 1 1 1 1 1 1 1 1 1 1 1 1 ",27.113279999999996,0,
217,30,"1 0 0 1 1 1 1 1 1 0 1 0 0 1 1 1 1 1 1 1 1 1 1 1 1 1 1 0 1 0 ",26.620240000000003,0,
218,30,"0 1 1 0 1 1 1 1 0 1 1 1 1 1 1 1 1 1 0 0 1 1 1 1 1 1 1 1 1 1 ",31.841,0,
219,30,"0 0 0 0 0 0 0 0 0 0 1 0 0 0 0 0 0 1 0 0 0 0 1 1 0 0 0 0 0 0 ",47.47672,0.00602546613663435,
220,30,"1 1 1 1 1 1 1 1 1 0 0 0 1 0 1 1 1 1 1 1 1 1 0 1 0 1 0 1 0 0 ",33.49286,0,
221,30,"1 1 1 1 1 1 1 1 1 0 1 1 1 1 1 1 1 0 1 1 1 1 1 0 1 0 1 1 1 1 ",29.48406,0,
222,30,"0 0 1 1 0 1 0 0 0 0 1 1 0 1 1 0 0 1 1 0 1 1 0 1 1 1 1 1 1 0 ",35.92002,0,
223,30,"1 1 0 0 0 1 1 1 1 1 1 0 1 0 1 1 1 1 0 1 1 0 1 1 1 1 1 1 1 1 ",31.30158,0,
224,30,"1 0 1 1 1 1 1 1 1 1 1 1 1 1 1 1 0 1 1 1 1 1 1 0 0 1 1 0 1 1 ",30.67974,0,
225,30,"0 0 1 0 0 0 0 1 1 0 1 1 1 0 1 1 0 1 1 0 1 1 0 0 1 1 0 0 0 0 ",33.62894,0.05850525572896004,
226,30,"0 0 0 1 0 0 0 1 0 0 0 0 0 0 0 0 0 0 0 0 0 0 0 0 0 0 1 1 0 0 ",34.68454,0.051312778145074844,
227,30,"0 0 0 1 0 0 0 0 0 0 0 1 0 1 0 0 0 0 1 0 0 0 0 0 0 0 0 0 0 0 ",32.00788,0.015274463221430779,
228,30,"0 1 1 0 0 1 0 1 1 0 0 1 0 1 1 1 0 0 0 1 0 1 1 0 1 1 0 1 1 1 ",39.52104,0.010433788411319256,
229,30,"0 1 0 0 1 1 0 0 0 0 1 1 0 0 0 0 0 0 0 0 0 0 1 0 0 0 1 0 0 0 ",33.728719999999996,0,
230,30,"1 0 1 1 1 1 1 1 1 1 1 0 0 0 1 1 0 0 1 1 0 1 1 1 1 1 1 0 1 1 ",27.31248,0,
231,30,"1 1 1 1 1 1 0 1 1 0 0 1 1 1 1 0 1 1 1 0 1 0 1 1 1 1 1 1 1 1 ",34.86608,0,
232,30,"1 0 1 0 0 0 1 1 0 1 1 0 1 1 0 1 1 1 1 0 1 1 0 0 0 1 1 0 0 0 ",50.41738,0,
233,30,"1 1 1 1 1 1 1 1 1 1 1 1 0 1 1 0 1 0 1 0 0 1 0 1 1 1 1 1 1 0 ",32.48852,0,
234,30,"1 1 1 1 1 1 1 0 0 0 0 1 1 1 0 1 0 1 1 1 1 1 0 0 0 0 0 0 0 0 ",36.06536,0.0002542034490033984,
235,30,"0 1 1 1 1 1 1 0 1 1 1 0 0 1 0 0 0 1 0 1 0 0 1 1 0 0 1 1 0 0 ",45.66916,0.004090995993465185,
236,30,"0 1 1 0 0 0 0 1 0 0 0 0 1 0 0 1 1 1 0 0 1 1 1 1 0 1 0 0 0 0 ",41.80552,0,
237,30,"1 0 0 0 1 1 0 1 1 1 1 1 1 0 1 0 1 1 1 1 0 0 1 1 0 1 0 1 0 0 ",33.027699999999996,0.016356607899069786,
238,30,"1 0 0 1 1 1 1 0 0 0 0 1 1 0 0 0 0 1 0 1 0 0 0 0 1 1 1 0 0 0 ",36.41872,0.012277044355869293,
239,30,"1 0 1 0 1 1 0 0 1 1 1 0 1 1 0 1 1 0 1 0 1 1 1 1 1 1 0 0 0 1 ",40.4743,0,
240,30,"1 0 0 1 1 1 0 1 1 1 1 1 0 1 1 1 1 0 1 1 1 1 1 0 1 1 1 1 1 1 ",29.485860000000002,0,
241,30,"1 0 1 0 0 0 1 1 1 1 1 0 1 1 1 0 1 1 0 1 1 1 0 1 1 1 1 1 0 1 ",29.70442,0,
242,30,"0 0 0 0 0 0 0 1 1 0 0 0 0 0 0 1 0 1 1 0 1 0 1 0 1 0 0 0 1 0 ",50.36588,0.09125396609306335,
243,30,"0 0 1 0 0 0 0 0 0 0 1 0 1 0 0 1 1 0 1 0 0 0 1 1 0 1 0 0 0 1 ",34.24856,0,
244,30,"1 1 1 0 1 0 1 0 0 0 1 1 0 1 1 1 1 1 0 1 0 0 0 1 0 1 1 0 1 0 ",34.424400000000006,0,
245,30,"1 1 1 1 1 1 1 1 1 1 1 1 1 1 1 1 1 1 1 1 0 1 1 1 1 1 1 1 1 1 ",22.803819999999998,0,
246,30,"1 1 0 1 1 1 1 1 0 1 1 1 1 1 1 1 1 1 1 1 0 1 1 0 1 1 1 0 1 0 ",25.2458,0,
247,30,"0 0 1 1 1 1 1 1 1 0 0 1 1 1 0 0 1 0 1 1 1 1 0 1 1 1 1 0 1 0 ",36.806380000000004,0.005112507846206427,
248,30,"0 1 1 0 0 1 0 0 0 0 0 1 1 1 1 0 1 1 1 1 0 1 1 0 1 0 1 0 1 0 ",48.82296,0,
249,30,"0 0 1 0 0 0 1 1 1 1 0 1 1 1 0 1 1 1 1 1 0 1 1 1 1 0 1 1 1 0 ",38.426100000000005,0,
250,30,"0 0 1 0 0 1 1 0 1 0 1 1 0 0 0 1 1 1 1 1 0 0 0 1 1 1 1 0 1 1 ",40.5952,0.025873439386487007,
251,30,"0 1 0 1 0 1 1 1 0 1 0 1 0 0 1 1 0 1 0 1 1 0 1 0 0 0 0 0 0 0 ",45.57042,0,
252,30,"1 1 1 1 1 0 1 1 1 1 1 1 0 1 1 0 1 1 1 1 1 1 1 1 0 1 0 0 1 1 ",30.42024,0,
253,30,"0 0 0 1 0 1 0 0 0 0 0 0 1 0 0 0 1 0 0 0 0 1 0 0 0 1 0 1 0 0 ",36.3403,0.0281282477080822,
254,30,"1 0 1 1 0 0 0 1 0 1 0 1 0 0 0 0 0 0 1 0 1 0 0 1 1 1 0 1 1 1 ",34.90928,0,
255,30,"1 0 1 1 0 1 1 0 1 1 1 1 1 1 1 1 1 1 1 1 1 1 1 1 0 1 1 1 1 1 ",30.82304,0,
256,30,"0 0 0 0 0 0 0 0 0 0 0 0 1 0 0 0 0 0 0 0 1 0 0 0 1 1 0 0 1 0 ",38.49756,0.015850765630602837,
257,30,"1 1 1 1 1 0 1 1 0 0 1 1 0 1 1 1 1 1 1 1 0 0 1 1 1 0 1 1 1 1 ",36.914139999999996,0,
258,30,"1 1 1 1 1 1 1 1 1 1 1 1 1 1 1 1 0 1 1 1 1 1 1 1 1 1 1 1 1 1 ",26.14712,0,
259,30,"0 1 1 1 1 0 0 1 1 0 0 1 0 0 1 1 1 1 1 1 1 0 1 0 1 1 1 0 1 1 ",38.29418,0,
260,30,"1 1 1 0 1 1 1 1 1 1 1 1 1 1 1 1 1 1 1 1 1 1 1 1 1 0 1 1 1 0 ",24.58776,0,
261,30,"1 1 1 1 1 1 1 1 1 0 1 1 1 1 1 1 1 1 1 1 1 0 1 1 1 1 0 1 0 1 ",28.947179999999996,0,
262,30,"1 0 1 1 1 1 1 1 1 1 1 1 1 0 1 1 1 1 1 1 0 1 1 1 1 1 0 1 1 1 ",26.51068,0,
263,30,"1 0 0 0 1 0 1 1 0 0 0 0 1 0 0 1 1 0 1 0 0 0 0 1 1 0 1 1 0 1 ",41.9717,0.02147124707698822,
264,30,"1 1 0 1 1 1 1 1 0 0 0 1 1 0 0 0 0 1 0 0 0 0 0 1 0 0 1 0 1 0 ",33.13752,0.010769414715468884,
265,30,"0 0 0 0 0 0 0 0 0 0 0 0 0 0 0 0 0 0 0 0 0 0 0 0 0 0 0 0 1 0 ",32.75496,0.42048516869544983,
266,30,"0 1 1 1 1 1 0 1 1 1 1 1 1 1 1 1 1 1 1 1 1 1 1 1 1 1 1 1 1 0 ",22.0671,0.009971577674150467,
267,30,"0 1 0 0 1 0 0 1 0 0 0 0 0 0 0 1 1 1 0 0 0 0 0 0 0 0 1 1 0 0 ",37.07996,0.0488087497651577,
268,30,"1 0 0 0 1 1 1 1 1 0 1 0 0 1 0 0 0 0 0 0 0 0 0 0 0 0 0 0 1 0 ",33.21804,0.013291429728269577,
269,30,"0 1 1 0 1 0 0 0 1 0 1 1 0 1 0 1 0 0 1 0 0 1 0 0 1 1 1 1 1 1 ",34.23308,0.022430652752518654,
270,30,"1 0 1 1 0 0 0 1 1 1 1 0 1 0 1 1 0 1 0 1 0 1 0 1 1 1 1 1 0 0 ",31.65034,0,
271,30,"0 1 1 1 1 1 1 0 1 1 1 1 1 1 1 1 0 1 1 1 1 1 1 1 1 1 1 1 1 1 ",23.53396,0,
272,30,"1 1 0 1 1 1 1 1 1 1 1 1 0 1 1 0 1 1 1 1 0 0 1 1 0 1 1 1 1 0 ",30.21626,0,
273,30,"0 0 1 1 1 0 1 1 1 0 1 0 0 1 0 1 1 1 1 1 0 0 0 0 1 1 0 0 0 1 ",42.58052,0,
274,30,"1 1 0 0 0 0 0 0 1 1 1 1 1 1 0 1 1 0 1 1 0 0 0 1 1 0 0 0 1 0 ",32.48784,0.017691658809781075,
275,30,"1 0 1 1 0 1 1 1 0 1 0 0 1 0 1 0 1 1 1 1 0 0 0 1 1 1 0 1 1 1 ",39.273399999999995,0,
276,30,"1 0 0 0 1 1 0 0 0 0 1 0 0 0 0 0 0 0 0 0 0 1 1 0 0 0 0 0 1 0 ",36.55712,0.12987886369228363,
277,30,"1 1 0 1 1 1 1 1 0 1 1 0 0 1 1 0 1 0 0 0 0 0 0 0 1 1 1 0 1 0 ",38.0576,0.03324455767869949,
278,30,"1 0 1 1 0 0 0 0 0 0 0 0 0 0 1 0 1 0 0 0 0 1 0 0 0 0 0 0 1 1 ",29.50382,0.06362387537956238,
279,30,"1 0 0 1 1 1 0 1 0 0 0 1 1 0 0 0 1 1 0 0 0 0 1 1 0 0 1 0 0 1 ",35.686,0.008827654644846916,
280,30,"1 1 1 0 0 1 0 0 1 1 0 0 0 1 1 1 1 1 0 0 0 1 0 1 1 1 1 0 1 1 ",36.273360000000004,0,
281,30,"1 1 1 0 1 1 1 1 0 1 0 0 1 1 1 1 1 1 1 1 1 1 1 1 1 1 1 1 1 0 ",30.928179999999998,0.005342042539268732,
282,30,"0 1 0 0 0 1 0 0 0 1 0 1 1 0 1 1 0 0 1 0 0 1 0 0 0 1 0 0 0 1 ",37.02172,0,
283,30,"0 0 0 0 0 0 0 0 0 0 1 0 1 1 1 0 0 0 0 0 0 0 0 0 0 0 0 0 0 0 ",35.99572,0,
284,30,"1 0 1 1 1 1 1 1 1 1 1 1 1 1 1 1 1 1 1 0 1 1 1 1 0 0 1 1 1 1 ",32.037220000000005,0,
285,30,"0 1 0 0 0 0 0 0 0 0 0 0 0 0 1 0 0 0 1 0 0 1 0 1 0 1 0 0 1 0 ",37.8094,0.016207585111260414,
286,30,"1 1 1 0 1 1 1 1 1 1 1 1 1 1 1 1 1 1 1 1 1 1 1 1 1 1 1 1 1 1 ",31.19486,0,
287,30,"0 0 0 0 1 0 0 1 1 1 1 0 0 1 1 0 1 1 1 1 0 1 1 0 1 0 0 0 1 1 ",36.226960000000005,0,
288,30,"1 1 0 1 0 1 0 1 1 0 1 0 0 0 0 1 0 0 0 1 0 1 1 1 1 1 1 1 0 0 ",30.884059999999998,0,
289,30,"1 1 1 1 1 1 1 1 1 1 1 1 1 1 1 0 1 1 1 1 1 1 1 1 1 1 1 1 1 1 ",27.4489,0,
290,30,"0 0 0 0 1 1 1 0 1 0 1 1 0 1 0 1 0 1 1 0 0 0 0 1 1 0 1 1 0 1 ",36.83878,0,
291,30,"0 0 0 0 0 0 0 1 0 1 1 0 1 0 0 0 0 0 0 0 0 0 1 0 0 0 1 1 1 0 ",31.03382,0.02974843978881836,
292,30,"0 0 0 1 0 0 0 0 0 0 0 0 0 0 1 0 0 0 0 0 0 0 0 0 0 0 0 0 0 0 ",41.22396,0.26182904839515686,
293,30,"0 1 1 0 0 0 0 1 0 0 1 0 1 0 0 1 1 0 1 0 0 0 0 0 0 0 0 0 0 0 ",35.14496,0.052659615874290466,
294,30,"0 1 1 0 1 1 1 1 1 0 0 0 1 1 0 0 1 0 1 1 0 1 1 1 0 1 1 1 0 0 ",36.9245,0.007900182157754898,
295,30,"0 1 1 1 0 0 0 0 0 0 0 0 1 0 1 0 0 1 1 0 0 0 1 1 0 1 0 0 1 0 ",40.007780000000004,0.002907136222347617,
296,30,"0 0 0 1 1 1 1 0 0 0 0 0 0 0 0 0 1 0 0 1 0 0 0 0 1 0 0 0 0 0 ",34.72534,0.0928298830986023,
297,30,"0 0 0 0 1 0 1 0 1 1 0 0 1 1 0 0 1 1 0 1 0 0 1 0 1 1 1 0 0 1 ",35.98852,0.05412330478429794,
298,30,"1 1 1 1 1 1 1 0 1 1 1 1 1 1 1 1 1 1 1 1 1 1 1 1 1 1 1 1 1 1 ",28.69706,0,
299,30,"1 1 1 0 0 1 0 1 1 1 1 1 1 1 0 1 0 0 0 1 0 0 0 0 1 1 1 1 0 0 ",37.1209,0.01670260541141033,
300,30,"0 0 0 1 1 1 1 0 0 1 1 1 1 1 0 0 0 0 0 0 0 0 0 0 1 0 0 0 0 0 ",35.22758,0,
301,30,"0 0 1 1 1 1 1 1 1 1 1 0 1 0 1 0 0 1 0 1 1 1 1 1 1 0 1 0 0 1 ",34.58308,0.0014220552984625101,
302,30,"1 1 1 0 1 0 0 1 0 0 0 0 0 0 1 1 1 0 1 0 1 1 1 1 0 0 0 0 0 0 ",32.09804,0.024210158735513687,
303,30,"1 1 1 0 1 0 1 1 1 1 0 1 0 1 1 0 0 1 1 1 1 0 1 1 1 0 1 1 1 1 ",38.7863,0,
304,30,"1 0 0 0 0 0 1 0 0 0 1 0 1 0 0 0 1 0 0 0 0 0 1 0 1 0 0 0 0 1 ",36.28464,0,
305,30,"0 0 0 0 0 0 0 0 0 0 0 0 1 0 0 0 0 0 0 1 0 0 0 0 0 0 1 0 0 0 ",37.44898,0.019115889444947243,
306,30,"0 1 1 1 1 1 1 1 0 1 1 1 0 1 0 1 1 1 1 0 1 1 1 1 1 1 1 1 1 1 ",33.78532,0,
307,30,"0 1 0 0 1 1 0 1 0 0 0 1 0 0 0 0 0 1 1 1 1 1 0 0 0 1 0 1 1 1 ",37.78294,0.042416349053382874,
308,30,"1 1 1 1 1 1 1 1 1 1 1 1 1 1 1 1 1 1 1 1 1 0 1 1 0 1 1 1 1 1 ",30.12874,0,
309,30,"0 0 0 1 0 1 1 1 1 1 0 1 1 0 1 0 1 1 1 1 1 0 1 0 0 1 1 0 0 0 ",45.06338,0,
310,30,"1 1 1 1 1 1 1 1 1 1 1 1 1 1 1 0 0 1 0 1 0 1 1 0 0 1 1 0 0 0 ",34.53268,0,
311,30,"0 1 0 0 1 0 1 1 0 1 0 0 0 0 0 0 1 0 0 1 0 1 1 1 0 1 0 1 0 0 ",36.350139999999996,0,
312,30,"0 0 1 1 0 1 1 1 1 1 1 1 0 0 0 0 0 1 1 1 1 1 1 1 1 1 1 1 0 1 ",33.99534,0,
313,30,"1 1 0 1 1 1 1 1 1 1 1 0 1 1 0 1 1 0 0 0 0 0 0 0 1 1 0 1 0 1 ",31.18798,0,
314,30,"1 1 0 0 0 0 1 1 1 0 1 1 1 0 0 1 1 0 0 1 1 1 1 1 1 1 1 1 1 1 ",31.311919999999997,0,
315,30,"1 1 0 1 0 0 1 1 1 1 0 0 1 1 0 0 1 0 0 1 0 0 0 1 1 0 1 1 0 0 ",33.48142,0,
316,30,"1 1 1 1 1 1 1 1 1 0 1 0 1 1 1 1 1 1 1 1 1 1 1 1 1 1 1 1 1 1 ",27.94234,0,
317,30,"0 1 0 0 1 1 0 0 0 0 0 1 0 1 0 0 0 0 0 0 1 1 1 1 0 0 1 0 0 0 ",30.51214,0.00040032024844549596,
318,30,"1 1 1 0 0 0 0 1 1 1 1 1 1 1 0 0 1 0 1 1 0 0 0 1 1 1 1 0 1 1 ",35.64108,0.007003806997090578,
319,30,"0 1 0 0 0 0 0 1 0 0 0 0 0 0 1 0 1 0 0 0 0 1 0 0 0 1 0 1 0 0 ",49.61784,0,
320,30,"0 1 0 1 0 0 0 1 0 0 0 0 1 1 0 1 0 0 1 0 0 0 1 1 0 0 0 0 0 0 ",37.75302,0.0712771788239479,
321,30,"0 0 0 0 0 0 0 0 0 0 0 0 0 0 0 0 0 0 1 0 0 0 0 0 0 0 0 0 0 0 ",42.00458,0.008142117410898209,
322,30,"0 0 1 1 1 1 1 1 1 1 1 0 1 1 0 1 1 0 1 1 1 1 1 1 1 1 1 1 1 1 ",26.377580000000002,0,
323,30,"1 0 0 1 1 1 1 0 1 1 1 1 0 1 1 1 1 1 1 0 1 1 1 0 1 0 1 0 1 0 ",35.976,0,
324,30,"0 0 0 0 0 0 0 0 0 0 1 0 1 0 0 0 0 0 0 0 0 0 0 0 0 0 0 0 0 0 ",38.802839999999996,0.13025663793087006,
325,30,"0 0 1 1 1 1 0 0 1 1 0 1 1 1 0 1 0 1 0 0 0 1 1 1 0 1 0 0 1 0 ",36.41854,0.004715047311037779,
326,30,"1 1 1 1 1 1 1 1 1 1 1 0 1 1 1 1 1 1 1 0 1 0 0 0 1 1 1 0 1 1 ",31.4125,0,
327,30,"0 1 0 1 0 1 1 0 0 0 0 0 1 0 0 1 0 1 0 1 0 0 0 1 0 0 1 1 0 0 ",38.07956,0.030153760686516762,
328,30,"1 0 1 1 0 1 1 1 1 1 1 0 0 1 1 1 1 1 0 1 0 0 0 1 0 1 1 1 1 1 ",31.08092,0,
329,30,"1 0 0 0 0 1 1 0 1 0 0 0 0 1 0 1 0 0 0 0 1 0 0 1 0 0 0 0 1 0 ",32.51542,0,
330,30,"0 0 1 1 0 0 0 0 1 1 1 1 0 0 0 0 0 1 1 0 1 0 1 1 0 1 0 0 0 1 ",37.12454,0.08225209265947342,
331,30,"1 1 1 1 1 1 1 1 1 1 1 1 1 1 1 1 1 1 1 1 1 1 0 0 1 1 1 1 1 1 ",28.8953,0,
332,30,"0 1 1 1 0 0 1 1 0 1 1 1 1 1 1 1 1 1 1 1 1 1 0 1 0 0 0 1 1 1 ",35.70012,0,
333,30,"0 1 1 1 1 1 0 0 1 1 0 1 1 0 1 1 0 0 1 1 0 1 1 0 1 1 0 1 0 1 ",38.537400000000005,0,
334,30,"0 1 1 1 1 1 1 0 1 0 1 1 1 0 0 1 1 1 1 0 1 0 0 1 1 0 0 0 0 0 ",34.01056,0.04296204447746277,
335,30,"0 1 0 1 1 1 0 0 0 1 0 1 1 1 1 0 0 1 0 0 1 0 0 0 0 1 1 0 1 1 ",30.87386,0,
336,30,"1 1 1 1 1 1 1 1 0 0 1 1 1 1 1 1 1 1 0 0 0 0 1 0 1 0 1 0 1 0 ",33.40384,0.0015624143416061997,
337,30,"1 1 1 0 0 1 0 1 1 0 1 0 0 1 0 0 1 0 1 0 0 1 1 1 0 0 1 1 0 1 ",32.5695,0.0073410035111010075,
338,30,"1 0 1 1 0 1 1 1 1 1 1 1 1 1 1 1 0 1 1 1 1 1 0 0 1 1 1 1 0 1 ",31.29782,0,
339,30,"0 1 0 0 1 1 0 1 1 0 1 1 1 0 1 1 1 1 0 1 1 0 1 1 1 0 0 1 0 0 ",30.153019999999998,0,
340,30,"1 0 0 1 1 1 0 1 1 0 0 0 0 0 0 0 0 1 1 1 1 0 0 1 0 0 1 1 1 1 ",39.27694,0.012343762442469597,
341,30,"1 1 1 1 1 1 1 1 1 1 1 1 1 1 1 1 0 1 1 1 1 1 1 1 1 1 1 1 1 1 ",25.72552,0,
342,30,"0 0 0 1 1 1 1 1 1 1 1 1 0 0 1 1 1 0 1 1 1 1 1 1 0 0 1 1 0 0 ",40.59516,0,
343,30,"1 1 1 1 1 1 1 1 1 1 1 0 0 1 1 1 1 0 0 1 1 1 0 1 1 1 1 1 1 0 ",38.554199999999994,0,
344,30,"0 0 0 0 1 1 0 1 1 0 0 0 0 0 1 0 1 1 0 0 0 0 0 1 0 0 1 0 0 1 ",33.6471,0.0040603638626635075,
345,30,"1 1 1 0 1 1 0 1 0 1 0 0 1 1 1 1 1 0 1 0 0 1 0 0 1 1 1 1 1 1 ",33.2824,0,
346,30,"0 0 0 0 0 0 0 0 0 0 0 0 0 0 0 0 0 0 0 0 0 0 0 0 1 0 0 0 1 0 ",32.516239999999996,0,
347,30,"1 1 1 1 1 1 1 0 1 1 1 1 1 1 1 1 1 1 1 1 1 1 1 1 1 1 1 1 1 1 ",23.38592,0,
348,30,"1 1 1 0 1 1 1 1 1 0 1 1 1 0 1 1 1 1 1 1 1 1 1 1 1 1 1 0 1 1 ",26.972879999999996,0,
349,30,"0 1 1 1 0 1 1 0 1 1 0 0 0 1 1 1 0 0 1 1 1 1 1 1 1 1 1 1 1 1 ",35.961259999999996,0,
350,30,"1 1 0 0 0 1 1 1 1 1 1 1 1 1 1 1 1 1 1 1 1 1 0 1 1 1 1 1 1 1 ",29.852960000000003,0,
351,30,"1 1 1 1 1 1 0 1 1 1 1 1 0 1 1 0 1 1 1 1 1 0 1 1 1 1 1 1 0 1 ",33.23764,0,
352,30,"0 0 0 0 0 0 1 0 0 0 0 0 0 0 0 0 0 0 1 0 0 0 0 0 0 0 0 1 0 0 ",36.2312,0.12958508729934692,
353,30,"1 1 1 1 1 1 1 1 1 1 0 1 1 1 1 1 1 0 1 1 1 1 1 1 1 1 1 0 1 1 ",26.487659999999998,0,
354,30,"1 0 1 0 0 1 0 1 1 1 0 1 0 1 0 1 0 0 0 0 0 1 1 1 0 0 0 1 0 1 ",46.68784,0.04386482387781143,
355,30,"1 1 1 1 1 1 1 1 0 1 1 1 1 1 0 1 1 1 1 1 1 1 1 1 1 1 1 1 1 1 ",26.8876,0,
356,30,"0 1 1 0 0 1 1 1 0 0 1 0 1 0 0 0 1 0 0 0 1 1 1 1 0 1 0 1 0 1 ",40.42074,0.03686979413032532,
357,30,"0 0 0 0 0 0 0 1 0 0 0 0 1 1 0 0 0 1 0 0 1 1 0 0 0 0 1 0 1 0 ",33.97676,0.10312645882368088,
358,30,"1 1 0 1 1 1 1 1 1 1 1 1 1 1 1 0 1 0 0 1 1 1 1 1 1 1 1 1 1 1 ",25.60064,0,
359,30,"1 1 0 0 1 1 1 0 0 0 0 1 1 1 0 1 1 1 0 0 0 0 1 0 0 0 1 0 0 1 ",42.62796,0,
360,30,"0 0 1 1 1 0 1 1 1 1 1 1 1 1 0 1 1 1 0 1 1 1 1 1 1 1 0 1 1 1 ",31.400560000000002,0,
361,30,"1 0 0 1 1 1 0 1 1 1 1 0 0 1 0 1 0 1 1 1 0 0 1 1 0 0 0 0 1 1 ",39.30256,0,
362,30,"0 0 0 1 1 0 1 0 1 0 0 1 1 0 0 0 1 1 0 0 1 1 1 0 0 0 1 1 0 1 ",44.65412,0.024794019758701324,
363,30,"1 1 1 1 1 1 1 1 1 1 1 1 1 1 1 1 1 1 1 1 1 1 1 1 1 0 1 1 1 1 ",26.008819999999996,0,
364,30,"1 1 0 1 1 0 1 1 1 1 1 1 1 0 1 1 1 1 1 0 1 1 0 1 0 0 1 0 1 1 ",31.00732,0,
365,30,"1 0 1 1 1 1 1 1 1 0 1 1 1 1 1 1 1 1 1 1 1 1 1 1 1 1 1 1 1 1 ",25.53282,0,
366,30,"0 1 1 1 1 1 1 1 1 1 1 1 1 1 1 1 1 1 1 1 1 1 1 1 1 1 1 1 1 1 ",29.570240000000002,0,
367,30,"1 0 0 1 1 1 1 1 0 0 1 0 1 1 1 1 1 1 1 1 1 1 0 1 0 0 1 1 0 1 ",50.739,0,
368,30,"1 0 1 1 0 1 0 1 1 1 0 1 1 1 0 0 1 1 1 1 1 0 1 1 0 0 1 1 1 1 ",33.97034,0,
369,30,"0 1 0 1 0 1 0 0 0 1 0 0 0 0 1 0 1 0 0 0 0 0 1 1 1 0 1 0 0 1 ",49.5446,0,
370,30,"1 0 0 1 0 0 0 1 0 1 1 1 0 0 0 1 0 0 0 0 0 1 0 1 0 1 1 1 1 0 ",25.44276,0.04024960845708847,
371,30,"1 1 0 1 1 1 1 1 1 0 1 1 1 1 1 1 1 1 1 1 1 1 1 1 1 1 1 1 1 1 ",23.60312,0,
372,30,"1 1 1 1 1 1 1 1 1 1 1 1 1 1 0 1 1 1 1 1 1 1 1 1 1 1 1 1 1 1 ",21.21866,0,
373,30,"0 1 1 1 1 1 1 1 1 1 1 0 1 0 1 0 1 1 1 1 0 1 1 1 1 1 1 1 1 0 ",28.97982,0,
374,30,"1 1 1 1 1 1 1 1 1 1 1 1 1 1 1 1 1 1 1 1 1 1 0 1 1 1 1 1 1 1 ",23.4429,0,
375,30,"1 1 1 1 1 1 1 1 1 1 1 1 1 1 1 1 1 1 1 1 1 0 1 1 1 1 1 1 1 1 ",34.52848,0,
376,30,"1 1 0 1 1 0 1 0 0 0 1 1 1 1 1 0 1 0 0 0 1 1 1 0 0 1 1 1 1 1 ",34.767739999999996,0,
377,30,"1 0 1 1 1 1 1 1 0 1 0 1 1 1 0 1 0 0 1 1 0 1 0 0 1 1 0 1 0 1 ",41.31742,0.0019280656706541777,
378,30,"1 1 1 1 0 1 0 1 1 0 1 0 1 1 0 0 1 1 1 0 0 1 0 0 0 1 1 0 1 0 ",38.0809,0,
379,30,"1 1 1 1 0 1 1 1 1 1 1 1 0 1 1 1 1 1 1 1 1 1 1 1 1 1 1 1 0 1 ",28.034460000000003,0,
380,30,"1 1 0 1 1 1 1 1 1 1 1 1 1 1 1 1 1 1 1 1 1 1 1 1 1 1 1 1 1 1 ",28.4284,0,
381,30,"1 0 1 0 1 1 0 0 1 0 1 0 1 1 1 1 0 1 0 1 1 1 0 0 1 0 0 1 1 0 ",38.34348,0,
382,30,"0 0 0 0 0 0 0 1 1 0 0 1 1 1 1 0 1 0 0 1 0 1 0 1 1 1 0 0 1 1 ",39.98016,0,
383,30,"0 0 1 1 1 0 1 1 0 0 1 0 1 1 1 0 0 0 0 1 0 0 0 1 1 1 0 0 1 0 ",35.23692,0.005807058420032263,
384,30,"1 0 1 0 0 0 0 0 1 0 0 1 0 1 1 1 0 1 0 1 0 1 0 1 0 0 0 1 1 0 ",36.26396,0,
385,30,"0 1 1 1 1 1 1 0 1 0 0 1 0 1 1 1 1 1 0 1 0 0 1 0 0 1 1 1 1 1 ",34.17622,0,
386,30,"0 0 1 0 0 1 0 0 0 0 0 0 0 0 0 0 1 0 0 0 0 1 0 0 0 0 0 1 0 0 ",41.72806,0.07514730095863342,
387,30,"0 0 0 0 0 1 0 1 0 1 0 0 0 0 0 1 0 0 1 0 1 1 1 1 0 0 0 0 0 0 ",37.98102,0.08054719120264053,
388,30,"0 0 1 0 0 0 0 0 0 0 0 0 0 0 0 0 0 0 0 0 0 0 0 0 0 0 0 0 0 0 ",42.29416,0.1304347813129425,
389,30,"1 0 1 1 0 1 1 0 1 1 1 0 1 1 0 0 1 1 0 1 1 0 0 1 1 0 1 1 0 0 ",36.20978,0.002517462708055973,
390,30,"1 1 1 1 1 1 1 1 0 1 1 1 1 1 1 1 1 1 1 1 1 0 1 1 1 1 1 1 1 0 ",21.41468,0,
391,30,"1 1 1 1 1 1 1 1 1 0 1 1 1 1 1 1 1 1 1 1 0 1 1 1 1 1 1 1 1 1 ",30.684320000000003,0,
392,30,"0 1 0 0 0 1 1 0 1 0 0 0 0 0 0 1 1 0 1 0 0 1 1 0 1 1 1 1 0 0 ",37.52396,0.008567100390791893,
393,30,"1 1 0 1 0 1 0 1 1 1 0 1 1 1 1 1 0 1 1 1 0 0 1 1 1 1 1 0 1 1 ",30.902499999999996,0,
394,30,"0 0 1 1 1 0 1 0 0 1 1 1 0 0 1 0 0 1 1 1 1 1 0 0 1 1 0 1 0 0 ",38.3555,0.02236284129321575,
395,30,"0 1 1 1 0 0 1 0 1 0 0 0 0 0 0 0 0 1 1 0 1 1 1 0 1 0 0 0 0 0 ",42.15818,0.0414094515144825,
396,30,"0 0 1 0 1 0 0 1 0 1 1 1 1 1 1 1 1 1 1 1 1 0 0 0 1 1 0 0 0 0 ",34.01058,0,
397,30,"0 0 0 0 0 0 0 0 0 0 0 0 0 0 0 1 0 0 1 0 0 0 1 1 1 0 0 0 0 0 ",35.94978,0.08199789375066757,
398,30,"1 0 0 0 0 1 1 1 0 1 1 1 1 1 1 1 0 1 0 0 1 1 0 1 0 0 1 1 1 0 ",34.74112,0,
399,30,"1 1 0 0 1 0 0 0 1 1 0 1 1 1 0 1 1 0 0 1 0 1 1 0 1 0 1 0 0 0 ",34.802260000000004,0.01070528943091631,
400,30,"0 1 0 0 0 0 0 0 1 0 0 0 0 0 0 0 0 1 0 1 0 0 0 0 0 1 0 0 0 0 ",35.25126,0,
401,30,"0 1 1 0 1 1 1 1 1 1 0 0 0 0 1 1 1 1 1 1 0 1 1 1 1 1 1 1 1 1 ",32.82094,0,
402,30,"1 0 0 1 1 0 0 0 1 0 0 1 1 1 1 0 0 0 1 1 0 0 1 0 1 0 1 0 1 1 ",41.798739999999995,0.03642554581165314,
403,30,"1 1 0 1 1 1 1 1 0 1 0 1 1 1 1 0 1 1 1 1 1 1 1 1 1 1 1 1 0 1 ",25.73376,0,
404,30,"0 0 0 0 1 1 0 0 1 1 0 0 1 0 0 1 1 0 1 0 1 1 1 0 1 0 1 1 0 1 ",37.95998,0.020671745762228966,
405,30,"1 1 1 1 1 1 1 1 1 1 1 1 1 1 1 1 1 1 1 1 1 1 1 1 0 1 1 1 1 1 ",21.74702,0,
406,30,"0 1 0 1 1 0 0 0 0 1 0 1 1 0 1 1 0 1 0 1 1 0 1 0 1 0 1 0 0 1 ",35.77082,0.02279364876449108,
407,30,"1 1 0 1 0 1 1 1 1 0 1 1 1 1 1 1 1 0 1 0 1 1 0 1 1 1 1 1 1 1 ",29.1346,0,
408,30,"1 1 1 1 0 0 1 1 1 1 0 1 1 1 1 1 1 1 0 1 1 1 1 1 1 1 1 1 1 1 ",24.861240000000002,0,
409,30,"1 0 0 0 0 1 1 0 0 1 1 1 1 0 1 1 1 1 1 1 1 1 1 0 0 1 1 1 1 0 ",32.42358,0,
410,30,"0 0 0 0 0 0 0 0 0 1 0 0 0 0 0 0 0 0 0 0 0 0 0 0 0 0 0 0 0 0 ",39.83598,0,
411,30,"0 1 0 0 1 1 0 0 1 1 1 1 1 1 0 1 0 0 0 1 1 0 1 0 1 0 0 0 0 1 ",45.75276,0,
412,30,"0 0 0 0 1 1 0 0 1 0 0 1 1 0 0 0 1 0 0 1 1 0 0 0 1 0 0 0 0 0 ",27.580579999999998,0.0014544492587447166,
413,30,"1 0 1 1 1 1 0 1 1 1 0 0 0 0 1 0 0 0 1 0 1 1 1 1 0 1 1 1 1 0 ",35.42934,0.0002707092498894781,
414,30,"0 1 1 1 1 0 0 0 1 0 1 0 0 0 0 1 1 1 1 0 0 0 0 1 1 0 0 0 1 0 ",37.37588,0,
415,30,"0 0 0 0 0 0 0 0 0 0 0 0 0 0 0 0 0 0 0 1 0 0 0 0 0 0 1 0 0 0 ",37.21962,0.27727076411247253,
416,30,"1 0 1 1 0 1 1 1 1 1 1 1 1 1 0 1 1 1 0 0 1 1 1 0 1 1 1 0 0 1 ",30.880119999999998,0,
417,30,"0 0 1 1 1 1 0 0 0 1 1 0 0 0 1 1 1 1 1 0 1 1 0 1 1 0 0 0 0 1 ",39.8236,0,
418,30,"1 0 1 0 1 1 0 0 1 0 0 1 0 0 0 0 0 0 0 0 0 0 0 1 1 0 1 0 0 0 ",38.393060000000006,0.003992547281086445,
419,30,"1 0 1 1 1 0 1 1 1 1 1 0 0 0 0 0 0 0 0 1 1 1 0 1 1 0 1 1 1 1 ",39.57946,0,
420,30,"0 1 1 1 0 1 0 0 0 0 1 0 0 0 0 1 1 1 1 0 1 1 0 1 0 0 1 0 1 1 ",31.877100000000002,0.029653916135430336,
421,30,"1 1 1 1 1 1 0 1 1 1 1 1 1 1 1 1 0 0 0 1 1 1 0 0 1 1 1 1 0 1 ",32.3414,0,
422,30,"1 1 0 1 0 0 0 1 1 0 1 0 1 1 1 1 1 1 1 1 1 0 0 0 1 1 1 1 1 0 ",30.80298,0,
423,30,"0 0 0 0 0 0 0 0 0 0 0 0 0 0 0 0 0 0 1 0 0 0 0 0 0 0 1 0 1 0 ",33.491640000000004,0,
424,30,"1 1 0 1 1 0 1 1 1 0 1 1 0 1 1 0 0 1 1 1 0 0 1 0 1 1 0 1 1 1 ",37.86126,0,
425,30,"0 0 0 1 1 1 1 1 0 1 0 0 1 0 0 1 1 0 1 0 1 0 1 0 0 1 0 0 0 1 ",40.4779,0.014202325604856014,
426,30,"1 1 0 1 0 0 1 0 0 1 1 1 1 1 1 0 0 1 0 0 1 1 0 1 1 0 0 1 1 0 ",41.129059999999996,0,
427,30,"0 0 0 0 0 1 1 1 1 0 0 1 1 1 0 0 1 0 0 0 0 0 1 1 1 0 0 0 1 0 ",31.42176,0.022922484204173088,
428,30,"1 0 0 1 0 1 0 0 1 1 1 1 1 1 0 1 0 0 1 1 1 1 1 1 1 1 1 1 1 1 ",40.91818,0,
429,30,"1 1 1 1 1 1 1 1 1 1 0 0 0 1 1 0 1 0 1 1 1 1 1 0 1 0 1 1 1 1 ",30.924799999999998,0,
430,30,"0 0 0 0 0 0 0 0 1 0 0 0 0 0 0 0 0 0 0 0 0 0 1 0 1 0 0 0 0 1 ",32.65872,0.024465302005410194,
431,30,"0 1 1 0 0 0 1 1 1 0 1 1 1 1 1 1 0 1 1 0 1 0 1 1 0 1 1 0 1 0 ",30.77308,0,
432,30,"0 0 0 0 0 0 0 0 0 0 0 0 0 0 0 0 0 0 0 0 0 1 0 0 0 0 0 0 0 0 ",36.18546,0,
433,30,"1 0 1 1 1 0 0 1 1 1 1 1 1 0 1 1 1 0 1 1 1 0 1 1 0 1 1 1 0 1 ",33.158319999999996,0,
434,30,"0 0 0 0 1 0 1 1 0 0 1 0 0 1 0 0 0 1 0 0 0 0 0 0 0 0 0 0 0 0 ",36.8495,0,
435,30,"0 1 0 1 0 1 1 1 1 1 1 1 0 0 0 0 0 1 1 0 0 0 0 1 1 0 1 0 1 0 ",33.75492,0.034914951771497726,
436,30,"1 1 1 1 0 1 0 1 1 1 1 0 1 1 1 1 1 0 1 0 1 0 1 1 1 1 0 0 0 1 ",38.74332,0,
437,30,"0 0 1 1 0 1 0 1 1 1 1 1 1 0 1 1 0 1 0 0 0 1 1 1 1 1 0 1 0 1 ",37.49284,0,
438,30,"1 1 1 1 1 1 1 1 1 1 1 1 1 1 1 1 1 1 1 1 1 1 1 1 0 1 1 1 1 1 ",25.35194,0,
439,30,"1 1 1 1 1 1 1 1 0 1 1 1 1 1 1 1 0 1 0 1 1 1 1 1 1 1 1 1 1 1 ",30.658499999999997,0,
440,30,"1 1 0 0 0 0 0 0 0 1 0 0 0 1 0 0 1 0 1 1 1 1 0 1 0 0 1 0 1 1 ",40.00786,0,
441,30,"0 0 0 0 0 0 0 0 0 1 0 0 0 0 0 0 0 0 0 0 0 0 0 0 1 0 0 0 0 0 ",43.92892,0,
442,30,"1 1 0 1 0 1 1 0 0 0 1 1 1 1 0 1 0 1 1 1 1 0 1 1 1 0 1 1 1 1 ",33.2981,0,
443,30,"1 0 0 1 1 1 0 1 1 0 1 1 1 0 1 1 1 1 0 1 1 0 1 0 0 1 1 1 1 0 ",34.72004,0.001997973071411252,
444,30,"0 1 1 1 1 1 1 1 1 1 1 1 1 1 1 1 1 1 1 1 1 0 1 1 1 1 1 1 1 1 ",23.82432,0,
445,30,"0 0 1 0 1 0 1 1 1 1 1 0 1 1 1 0 1 0 1 0 1 0 0 1 0 1 0 1 0 1 ",42.437200000000004,8.057368540903553E-05,
446,30,"1 1 1 1 1 0 1 1 1 1 1 1 1 1 1 1 0 1 1 1 1 1 1 1 0 1 1 1 1 0 ",29.24044,0,
447,30,"1 0 0 0 0 1 0 0 0 0 0 0 0 0 0 0 0 0 0 0 1 0 1 0 0 0 0 0 0 1 ",40.62416,0.055019304156303406,
448,30,"0 0 0 1 0 0 0 1 0 1 1 1 0 1 1 0 0 0 1 0 0 0 0 0 0 1 1 1 1 1 ",38.154160000000005,0.030163874849677086,
449,30,"1 1 0 0 0 0 0 0 1 0 1 0 0 1 0 1 0 0 1 0 0 1 0 0 0 0 0 1 0 0 ",31.68854,0.06067550182342529,
450,30,"1 0 0 1 0 0 1 1 1 0 0 0 0 0 0 1 0 0 0 0 1 0 1 0 0 0 0 0 0 0 ",40.87974,0.0844317302107811,
451,30,"0 1 1 1 0 1 1 0 1 0 0 1 0 1 0 1 0 0 0 0 1 0 0 0 0 0 1 0 0 0 ",34.71172,0.04059266299009323,
452,30,"0 0 1 0 0 1 1 1 0 1 1 1 0 0 0 0 1 1 1 0 1 0 0 1 0 1 1 1 1 1 ",40.50318,0.003207254922017455,
453,30,"1 1 0 1 1 1 0 1 0 0 1 1 0 0 1 0 0 0 1 1 1 0 0 1 1 0 1 0 1 0 ",30.33548,0.014419164508581161,
454,30,"0 0 1 1 0 0 1 0 1 1 1 1 0 0 0 1 1 0 0 1 1 0 0 0 0 0 1 1 1 0 ",35.60216,0.03508920967578888,
455,30,"1 0 0 0 0 0 0 0 0 0 0 1 0 0 1 0 0 0 0 0 0 0 0 0 0 0 1 0 0 0 ",36.253859999999996,0.10063113272190094,
456,30,"0 0 1 0 0 1 1 0 0 1 0 1 0 0 0 0 0 0 0 0 0 0 0 0 0 0 0 0 0 0 ",30.3551,0.061962615698575974,
457,30,"0 1 1 1 1 0 1 1 1 1 1 0 0 1 0 1 1 0 0 1 0 0 1 0 0 1 1 0 1 1 ",49.63174,0,
458,30,"0 1 1 0 0 0 0 0 0 0 0 0 0 0 0 1 0 1 1 0 0 1 0 0 1 0 0 0 0 0 ",39.7826,0,
459,30,"1 0 1 0 0 1 1 1 1 0 0 1 1 1 1 1 1 1 1 1 1 1 0 0 1 1 1 0 1 1 ",37.42138,0,
460,30,"1 1 1 1 1 1 1 1 1 1 1 1 1 0 1 1 1 1 1 1 1 1 0 1 1 1 1 1 1 1 ",24.737360000000002,0,
461,30,"1 0 0 1 0 1 0 1 1 0 0 0 0 1 1 0 0 1 1 0 0 1 1 0 1 1 1 0 0 1 ",31.40428,0.07318752259016037,
462,30,"0 1 1 0 1 1 0 1 0 1 1 1 0 1 1 1 0 0 1 1 1 1 0 0 1 1 1 0 1 1 ",35.07358,0.007733763661235571,
463,30,"0 1 0 1 1 1 1 1 1 1 0 1 1 0 1 1 0 1 0 1 0 0 1 0 1 0 0 0 1 1 ",38.05616,0.011495491489768028,
464,30,"1 1 0 1 0 1 1 1 1 1 0 1 1 1 0 1 0 1 1 1 0 0 0 0 0 1 0 0 1 1 ",39.017039999999994,0.009151611477136612,
465,30,"1 0 1 1 1 1 0 1 1 1 1 1 1 1 1 1 1 1 0 1 1 0 0 0 1 1 0 0 1 0 ",42.08862,0,
466,30,"1 1 1 1 1 1 1 1 1 1 1 1 1 1 1 1 1 1 1 1 1 1 1 1 1 1 1 1 0 1 ",24.19858,0,
467,30,"0 1 0 1 1 1 1 1 1 1 1 1 1 1 1 1 1 1 1 1 1 0 1 1 1 1 1 0 0 0 ",31.50108,0,
468,30,"1 1 1 0 0 0 0 1 0 1 1 1 0 0 1 0 1 0 0 1 1 0 0 0 0 1 0 0 1 0 ",32.22608,0.0030696680769324303,
469,30,"1 1 1 1 1 1 1 0 0 1 1 1 0 0 1 0 1 1 1 1 1 0 0 1 1 1 0 1 1 1 ",37.84382,0,
470,30,"1 1 1 0 0 1 0 0 1 1 0 0 1 0 1 0 1 1 1 0 0 1 1 1 1 0 0 1 0 0 ",34.949560000000005,0,
471,30,"0 1 1 1 0 1 0 1 0 0 0 0 1 1 1 0 0 0 0 0 1 0 0 0 1 1 0 0 0 0 ",34.221140000000005,0.02435380220413208,
472,30,"1 1 1 0 1 1 1 1 1 1 1 0 1 1 1 1 1 1 1 1 1 1 1 1 1 1 1 1 1 1 ",29.810359999999996,0,
473,30,"0 0 0 1 1 1 0 1 1 0 0 0 0 1 0 1 0 1 0 1 0 1 0 1 1 0 0 1 0 0 ",47.206779999999995,0.08623798191547394,
474,30,"1 1 0 0 1 0 0 1 1 0 1 1 0 0 1 1 1 0 1 1 0 0 1 1 0 1 0 1 1 0 ",39.119600000000005,0.012602084316313267,
475,30,"1 0 0 1 1 1 0 0 1 1 0 1 1 0 0 0 1 0 1 1 1 1 1 0 1 1 1 1 1 0 ",41.26604,0,
476,30,"1 1 1 1 1 1 1 0 1 1 1 1 1 1 1 1 1 1 0 1 1 0 1 0 1 1 1 1 1 1 ",25.95926,0,
477,30,"0 1 0 0 1 1 0 1 1 0 0 0 1 0 0 0 0 1 0 1 0 1 1 1 0 1 1 0 1 0 ",31.882299999999997,0,
478,30,"1 0 1 1 1 1 0 0 0 1 1 1 0 0 0 0 0 0 0 1 0 0 1 1 0 0 1 0 0 1 ",31.454500000000003,0.022613761946558952,
479,30,"0 1 1 0 1 1 0 1 0 1 1 0 1 1 1 1 1 1 0 1 1 0 1 1 1 1 1 1 1 1 ",33.19246,0,
480,30,"1 1 1 1 1 0 1 0 1 1 1 0 1 1 1 1 1 1 1 0 1 1 1 0 0 0 0 0 1 1 ",36.86744,0,
481,30,"0 0 0 0 0 0 1 0 0 0 0 0 1 0 0 1 0 1 0 0 0 1 0 0 0 1 0 0 1 0 ",34.7932,0,
482,30,"1 1 0 1 1 1 1 1 0 0 1 1 0 1 1 1 1 0 0 1 0 1 0 1 1 1 1 1 1 1 ",30.829379999999997,0,
483,30,"1 1 1 1 1 0 0 0 1 1 0 1 1 1 1 1 0 1 0 1 1 0 0 1 1 1 1 1 1 1 ",35.29982,0,
484,30,"1 0 0 1 0 0 1 0 1 0 1 0 0 1 0 1 0 0 1 1 1 1 0 0 1 1 1 1 0 1 ",40.48736,0.002478314796462655,
485,30,"1 1 1 1 1 1 1 1 1 1 0 1 1 1 1 1 1 1 0 1 1 1 1 0 1 1 1 1 1 0 ",30.90802,0.0022174352779984474,
486,30,"0 1 1 1 1 1 1 1 1 1 1 1 1 1 1 1 1 1 1 1 1 1 0 0 1 1 1 1 0 0 ",30.443959999999997,0,
487,30,"1 1 1 1 1 1 1 1 1 1 1 0 1 1 1 1 1 1 1 1 1 1 1 0 1 1 1 1 1 1 ",26.83544,0,
488,30,"1 1 0 1 0 1 1 0 1 0 1 1 1 1 1 1 1 1 1 1 1 1 1 1 1 1 1 1 1 0 ",25.854480000000002,0,
489,30,"1 1 1 1 1 1 1 1 1 0 1 0 0 0 1 1 1 0 1 0 1 0 0 0 0 1 1 0 0 0 ",35.7207,0.0025250730104744434,
490,30,"0 1 0 0 1 0 1 0 0 0 0 1 0 0 0 0 0 0 0 0 0 0 0 0 0 0 0 0 1 0 ",37.31738,0,
491,30,"1 1 1 0 0 1 1 1 1 1 0 0 1 1 1 1 1 1 1 1 0 1 0 0 0 0 1 0 1 0 ",37.72226,0.0006054185214452446,
492,30,"1 1 1 1 1 0 1 1 1 1 1 1 1 1 1 1 1 1 1 1 1 1 1 1 1 1 1 1 0 1 ",25.246019999999998,0,
493,30,"0 1 1 1 1 1 1 1 1 0 1 0 1 1 1 0 0 0 1 0 0 1 0 1 0 0 1 1 1 1 ",33.96454,0,
494,30,"0 0 0 1 0 1 1 0 0 0 0 1 0 0 1 0 1 0 0 0 0 1 1 0 0 1 0 0 1 1 ",29.357100000000003,0,
495,30,"1 0 1 1 1 1 1 1 1 1 1 1 1 1 0 0 1 0 1 0 0 1 0 1 0 1 0 1 1 1 ",33.8677,0.010649350471794605,
496,30,"1 1 1 0 0 0 0 0 0 1 0 0 1 0 0 1 0 1 0 0 0 0 1 0 0 0 0 0 1 0 ",41.1398,0.05712374672293663,
497,30,"1 0 1 0 0 0 0 0 1 0 0 0 0 0 0 1 0 0 1 1 0 0 0 0 0 1 0 0 0 0 ",36.46948,0.0847432017326355,
498,30,"1 1 1 1 1 1 1 1 1 1 1 1 1 1 1 1 0 0 0 1 1 1 0 1 0 1 1 1 0 1 ",28.22312,0,
499,30,"0 0 0 0 0 0 1 1 0 0 0 1 0 1 0 0 1 0 1 1 0 0 0 0 0 1 0 1 0 0 ",34.11474,0.07387624680995941,
500,30,"1 0 1 0 0 0 0 0 0 0 0 0 0 0 0 1 0 1 0 0 0 0 1 0 1 0 0 0 1 0 ",34.41312,0.08512130379676819,
1,30,"0 1 0 1 1 0 0 0 1 0 1 0 0 0 1 0 0 0 1 1 0 0 0 0 1 0 0 0 1 0 ",10.59676,0.013823731802403927,
2,30,"1 1 1 1 0 0 1 1 0 1 1 0 0 1 1 0 0 1 1 1 1 0 1 0 0 1 1 0 1 0 ",9.72672,0,
3,30,"0 1 1 1 0 0 0 0 1 1 1 0 0 0 0 1 0 0 1 0 0 1 0 1 1 0 1 0 0 1 ",6.81434,0.004359197802841663,
4,30,"1 1 1 1 0 1 1 1 1 1 1 1 1 0 1 1 1 1 1 1 1 1 1 1 1 1 1 1 1 1 ",18.23074,0,
5,30,"1 1 0 0 1 1 1 1 1 1 1 1 1 1 1 1 1 0 1 1 1 1 1 1 1 0 0 1 1 0 ",14.408959999999999,0,
6,30,"1 0 0 1 0 1 1 0 0 1 1 1 1 0 1 1 1 0 1 1 0 0 1 1 0 1 0 0 1 1 ",12.6186,0.00537149840965867,
7,30,"1 1 0 1 0 1 1 1 1 1 0 1 0 1 1 1 1 1 0 0 0 1 1 1 0 1 1 1 1 0 ",12.938399999999998,0,
8,30,"1 1 1 1 1 1 0 1 1 1 1 1 1 1 0 1 1 1 0 1 1 1 0 1 1 1 0 1 0 1 ",21.85694,0,
9,30,"0 0 1 0 0 1 0 0 0 0 1 0 0 0 0 0 0 0 0 1 0 0 1 0 0 0 1 1 0 0 ",1.33024,0,
10,30,"0 0 0 0 0 0 0 0 0 0 0 0 0 0 0 0 0 0 0 0 0 0 0 0 0 0 0 0 0 0 ",1.35944,0,
11,30,"0 1 0 0 1 1 0 0 1 1 0 0 0 0 0 1 1 0 1 0 0 0 0 0 1 0 0 0 0 1 ",2.97432,0.004509452730417252,
12,30,"1 1 1 0 1 1 1 0 0 1 1 0 1 0 1 1 0 1 0 1 1 1 1 1 1 0 0 1 1 1 ",12.27416,0.0017933130729943514,
13,30,"1 1 1 1 1 1 0 1 0 0 0 0 1 1 1 0 1 0 0 0 1 0 1 0 1 0 1 1 0 1 ",9.68372,0,
14,30,"1 1 1 1 1 1 1 1 1 1 0 1 1 0 0 1 1 1 1 0 1 0 1 0 0 1 1 0 1 1 ",15.70202,0.002966654719784856,
15,30,"1 1 1 1 1 1 1 1 0 1 1 1 1 1 1 1 1 1 1 1 1 1 0 1 1 1 1 0 1 0 ",13.316759999999999,0,
16,30,"0 1 1 1 0 0 1 1 0 1 1 1 1 1 1 1 1 1 0 1 1 1 1 1 1 1 1 1 0 1 ",16.4787,0,
17,30,"1 0 0 1 1 0 0 0 1 1 1 1 1 0 0 0 0 1 1 1 1 1 0 1 1 1 1 1 0 0 ",13.522300000000001,0,
18,30,"1 1 1 1 1 1 1 0 1 1 0 1 1 0 1 0 0 0 1 1 0 1 0 0 1 1 1 0 1 0 ",11.38098,0.003784920321777463,
19,30,"1 1 1 1 0 1 1 1 1 1 1 1 1 1 1 1 1 1 1 1 0 1 1 1 1 1 0 1 1 1 ",20.8485,0,
20,30,"1 1 1 1 1 1 1 0 1 1 1 0 1 1 1 1 1 1 1 1 1 1 1 1 1 1 1 1 1 0 ",20.949019999999997,0,
21,30,"0 0 0 0 0 0 0 0 0 0 0 0 0 0 0 0 0 0 0 0 0 0 0 0 0 0 0 0 0 0 ",1.4284000000000001,0,
22,30,"1 1 1 1 1 1 1 1 1 1 0 0 0 1 1 1 1 1 1 0 1 1 1 1 1 1 0 1 1 1 ",19.734280000000002,0,
23,30,"1 1 1 1 1 0 0 0 0 1 1 0 0 1 0 1 0 1 0 1 1 0 1 1 1 0 0 1 1 1 ",14.030019999999999,0.025722086429595947,
24,30,"0 1 0 0 0 1 0 0 1 0 1 0 1 0 0 1 0 0 0 1 1 0 0 0 0 1 0 1 0 1 ",7.49932,0.02255333587527275,
25,30,"1 1 1 0 0 0 1 1 0 0 1 0 0 0 0 0 0 1 0 0 0 0 0 1 1 1 0 0 0 1 ",6.489400000000001,0.014418689534068108,
26,30,"0 0 0 1 0 0 0 0 1 0 0 1 0 1 0 0 0 0 1 0 1 0 0 1 1 0 0 1 1 0 ",8.6203,0.0290690828114748,
27,30,"1 0 0 1 0 0 1 0 0 1 0 0 0 0 0 0 0 0 0 0 0 0 0 0 0 1 0 0 0 0 ",1.35722,0,
28,30,"0 0 0 0 0 0 0 1 1 1 0 0 0 1 0 1 0 0 0 0 0 0 0 1 0 1 0 0 1 0 ",1.62194,0,
29,30,"1 0 1 1 1 1 0 0 0 0 0 1 0 1 0 1 1 0 0 1 1 0 1 0 1 0 0 0 0 1 ",9.774519999999999,0.007220389321446419,
30,30,"1 1 0 1 1 0 1 1 1 1 1 1 0 1 1 1 1 1 1 1 1 1 1 1 1 1 1 1 1 0 ",23.43146,0,
31,30,"1 1 0 1 0 1 1 1 1 1 1 1 1 1 1 1 1 1 1 1 1 1 1 0 1 1 1 1 0 0 ",18.00548,0,
32,30,"0 1 1 1 1 1 1 0 1 0 1 1 0 1 0 1 1 1 1 1 0 1 0 1 1 0 1 1 1 1 ",11.63604,0,
33,30,"1 1 1 0 0 0 0 1 0 0 1 0 1 0 1 0 0 0 0 0 0 0 0 1 0 0 0 0 0 0 ",3.45404,0,
34,30,"0 1 0 0 0 0 1 1 1 1 1 1 0 1 0 1 1 1 0 1 0 1 0 0 1 0 1 1 0 0 ",10.64622,0.006179992109537125,
35,30,"1 1 1 1 0 1 1 1 1 1 0 0 0 1 1 1 1 1 0 1 1 0 1 1 0 1 1 0 1 1 ",13.7156,0,
36,30,"1 0 0 0 0 0 0 0 0 1 1 0 1 0 0 0 0 0 0 0 0 0 1 1 1 0 0 1 1 0 ",3.47854,0.01712239533662796,
37,30,"1 1 1 0 1 0 0 0 0 1 1 0 1 0 0 0 0 1 1 0 0 1 0 0 0 0 0 0 1 1 ",5.841620000000001,0,
38,30,"0 0 0 0 0 0 0 0 0 0 0 0 0 0 0 0 0 0 0 0 0 0 0 0 0 0 0 0 0 0 ",1.34132,0,
39,30,"0 0 1 1 0 0 0 1 1 0 0 0 0 1 1 0 0 0 0 1 0 1 1 0 0 0 0 0 1 0 ",6.11422,0.024054035544395447,
40,30,"1 1 1 1 1 1 1 1 1 1 1 1 0 1 0 1 1 0 1 1 1 1 1 1 1 1 1 1 1 1 ",18.1706,0,
41,30,"1 1 1 1 0 1 1 1 1 1 1 1 1 0 0 1 1 1 1 0 1 1 1 1 0 1 1 1 1 1 ",19.2242,0,
42,30,"1 1 0 0 1 0 0 1 0 0 1 0 1 0 1 1 1 1 0 0 0 0 1 0 1 0 0 1 0 0 ",10.4702,0,
43,30,"0 0 0 1 0 0 0 0 0 0 0 0 0 0 0 1 1 1 0 0 0 1 1 0 0 0 0 0 1 0 ",4.03814,0.049540840089321136,
44,30,"1 1 1 1 1 0 1 1 1 1 1 1 1 0 1 1 1 1 0 1 1 1 0 1 1 1 1 1 1 1 ",20.50636,0,
45,30,"1 1 1 1 1 1 1 0 0 1 1 0 1 1 1 1 1 0 1 1 1 1 0 1 0 1 1 1 0 1 ",17.563,0,
46,30,"1 0 0 0 0 0 1 1 0 1 0 1 0 1 0 0 1 0 1 1 0 0 0 0 1 0 0 1 0 0 ",5.1550199999999995,0.00949210487306118,
47,30,"1 1 0 1 1 0 1 1 1 1 1 1 1 1 0 1 1 1 0 1 1 1 1 1 1 1 1 1 1 1 ",19.13064,0,
48,30,"1 1 0 0 0 1 0 0 0 0 0 0 1 1 1 1 0 1 1 1 1 1 1 1 0 0 0 0 1 1 ",9.72312,0,
49,30,"0 0 1 1 0 0 0 1 0 0 0 1 0 0 0 0 1 0 0 0 0 0 0 0 0 0 0 0 0 0 ",1.37348,0,
50,30,"1 1 1 1 1 0 1 1 1 1 1 1 1 1 1 1 1 1 1 1 1 1 0 1 1 1 1 1 1 1 ",23.60526,0,
51,30,"1 1 1 1 1 0 1 1 1 1 1 0 1 1 1 1 0 1 1 1 1 1 1 1 1 1 1 1 1 1 ",18.03694,0,
52,30,"0 0 0 1 0 0 0 0 0 0 1 0 0 0 1 0 0 0 1 0 0 1 0 1 0 0 0 0 0 0 ",1.34704,0,
53,30,"0 0 1 0 1 1 0 1 0 1 0 0 0 1 1 1 1 1 0 1 1 1 1 1 1 1 1 0 1 1 ",17.24956,0,
54,30,"1 1 1 1 1 1 1 0 0 0 1 1 1 1 1 1 1 0 1 1 1 1 1 0 1 1 1 1 0 1 ",17.8626,0,
55,30,"1 1 0 1 0 0 1 1 0 0 0 1 0 0 0 1 1 0 0 0 0 1 0 0 0 0 1 0 1 1 ",7.70714,0,
56,30,"1 0 0 1 1 0 1 1 1 0 1 0 1 1 0 1 1 0 0 0 1 0 1 0 0 1 1 0 0 1 ",14.954640000000001,0,
57,30,"1 1 1 1 1 0 1 1 1 1 1 1 1 1 1 1 0 1 1 1 1 1 0 1 1 1 0 1 1 1 ",17.41846,0,
58,30,"0 1 0 1 0 0 1 0 0 0 0 0 1 0 0 0 0 0 1 0 1 0 0 0 0 0 1 0 0 1 ",1.46478,0,
59,30,"1 1 0 1 1 1 1 0 1 0 0 1 0 1 1 1 0 1 1 0 1 0 1 1 0 1 0 1 0 1 ",11.54278,0.007234838791191578,
60,30,"1 0 0 1 0 0 1 1 0 1 0 1 1 1 1 0 0 1 0 1 0 0 0 1 0 1 0 1 1 0 ",13.003380000000002,0.00653701601549983,
61,30,"1 1 1 1 1 1 1 0 1 1 1 1 1 1 1 1 1 1 1 1 1 1 1 1 1 1 1 1 0 1 ",22.80346,0,
62,30,"0 0 0 0 0 0 0 0 0 0 0 0 0 0 0 0 0 0 0 0 0 0 0 0 0 0 0 0 0 0 ",1.5552,0,
63,30,"0 1 1 0 1 1 1 1 1 1 1 1 0 1 0 1 0 1 0 1 0 1 1 1 1 0 0 0 0 1 ",9.840959999999999,0,
64,30,"1 0 1 1 1 1 1 1 1 1 1 1 1 1 1 1 1 1 1 1 1 1 1 1 1 1 1 1 1 1 ",18.8675,0,
65,30,"0 0 0 0 1 0 1 1 0 1 0 1 0 0 0 0 0 0 1 1 1 0 1 1 0 1 0 1 0 1 ",7.1261600000000005,0,
66,30,"0 1 1 1 1 1 1 1 1 0 1 1 1 1 1 1 1 1 1 1 1 0 1 1 1 1 1 1 1 1 ",14.550419999999999,0,
67,30,"1 1 0 0 0 1 1 0 0 1 0 1 0 0 1 0 0 1 0 0 0 0 0 1 0 0 0 0 0 1 ",2.40124,0.004437298979610205,
68,30,"0 1 0 0 0 0 1 0 0 0 0 1 1 0 1 1 0 0 0 0 0 0 0 0 1 1 0 0 1 0 ",6.460559999999999,0.019793512299656868,
69,30,"1 1 0 1 1 1 1 0 1 1 1 1 1 1 1 1 1 1 1 1 1 0 1 1 1 1 0 1 1 1 ",21.60992,0,
70,30,"1 0 0 0 1 1 1 0 0 0 1 1 1 1 0 1 1 0 1 1 1 0 1 0 0 1 1 1 0 1 ",13.314060000000001,0.022969618439674377,
71,30,"1 1 1 1 1 1 0 1 1 1 1 1 1 1 1 1 0 1 1 1 1 1 1 1 1 1 1 1 1 1 ",19.65138,0,
72,30,"1 1 1 1 1 1 1 1 1 1 1 1 1 1 1 1 1 1 1 1 1 1 1 1 1 1 1 0 1 1 ",28.414319999999996,0,
73,30,"0 0 0 1 1 1 0 1 1 1 1 1 1 0 0 1 0 1 1 1 1 1 1 1 1 1 1 0 1 0 ",18.0154,0,
74,30,"1 0 0 1 1 0 1 0 1 1 0 0 1 1 1 0 1 1 0 1 1 1 0 0 1 1 1 0 1 0 ",14.582980000000001,0.009310757741332054,
75,30,"0 0 1 0 1 0 0 0 0 0 1 0 1 0 0 0 1 1 1 0 1 1 1 0 1 0 0 1 0 0 ",6.26952,0,
76,30,"0 1 0 1 1 0 1 1 1 1 1 0 1 0 1 1 1 1 1 1 0 1 1 1 1 0 1 1 1 0 ",19.21692,0.002566324546933174,
77,30,"1 1 1 1 0 1 1 0 0 1 0 1 1 1 0 0 0 0 0 0 1 1 1 1 1 1 1 1 1 1 ",11.800799999999999,0.014673816971480846,
78,30,"1 1 1 0 1 1 0 1 0 1 0 0 0 0 1 1 1 0 1 1 1 1 1 1 1 0 1 1 1 0 ",15.311340000000001,0.0021367522422224283,
79,30,"0 1 0 1 0 0 0 0 1 0 0 1 1 1 0 1 1 1 0 1 0 0 1 1 1 0 1 1 0 0 ",12.57116,0,
80,30,"1 1 1 0 1 1 0 0 1 1 1 1 1 0 0 1 1 1 0 1 0 0 0 1 0 1 0 0 1 0 ",11.6817,0.012458271346986294,
81,30,"1 1 1 1 0 1 1 1 1 0 1 1 1 1 0 1 0 1 1 1 1 1 1 0 1 1 1 0 1 1 ",18.7184,0,
82,30,"0 1 1 0 1 1 1 0 1 0 1 1 1 0 1 1 1 1 1 1 0 1 1 0 0 1 1 1 1 0 ",13.64204,0.012954788282513618,
83,30,"1 1 0 0 1 1 1 0 1 0 1 1 1 0 0 1 0 1 1 1 1 0 0 0 1 1 1 0 1 1 ",11.21336,0,
84,30,"1 0 0 0 0 1 0 0 0 1 1 0 0 1 1 0 0 0 0 1 1 0 1 1 1 0 1 1 0 0 ",10.15864,0.018131764605641365,
85,30,"1 0 1 0 1 1 1 0 0 0 1 1 0 1 1 0 1 1 1 0 0 0 1 1 0 0 1 0 1 1 ",11.5718,0.01213767472654581,
86,30,"1 0 0 1 1 1 1 1 1 0 1 1 1 1 1 1 1 1 1 1 1 1 0 1 1 1 1 1 0 1 ",17.16914,0,
87,30,"0 0 0 1 0 1 0 1 1 0 0 1 1 0 1 0 1 1 1 1 1 1 0 0 1 0 0 1 1 1 ",12.7151,0.0165024995803833,
88,30,"1 1 1 1 1 1 1 1 1 1 1 1 1 1 1 1 1 1 1 1 1 1 1 1 0 1 1 1 1 1 ",22.06524,0,
89,30,"1 0 0 1 1 0 0 1 1 0 1 1 1 1 1 1 1 1 1 1 0 0 1 1 1 0 1 0 0 0 ",12.37416,0,
90,30,"1 0 0 1 1 1 0 0 0 1 0 0 0 1 0 1 0 0 1 1 1 0 0 1 1 0 1 0 0 0 ",11.65128,0.01122366450726986,
91,30,"0 0 0 0 1 0 1 0 0 0 0 0 1 0 0 0 0 1 0 0 0 0 0 0 0 0 0 0 0 0 ",1.38082,0,
92,30,"0 0 0 1 0 0 0 1 0 1 0 0 1 0 1 1 1 0 0 0 0 1 0 0 1 1 0 0 0 0 ",6.32128,0,
93,30,"0 1 1 1 0 0 0 0 0 0 1 1 0 0 0 0 0 1 0 1 0 0 0 1 0 0 0 0 0 0 ",4.41212,0.031082911416888237,
94,30,"1 1 1 0 0 0 0 0 1 1 1 0 1 0 0 1 1 1 1 1 1 0 1 0 1 1 0 1 1 0 ",13.747919999999999,0.010117296129465103,
95,30,"1 1 1 0 1 0 1 1 1 1 1 1 0 0 0 1 1 1 0 1 1 0 1 1 1 1 1 1 1 0 ",13.723840000000001,0.0022983702365309,
96,30,"0 1 1 1 0 1 1 0 1 1 1 1 0 0 0 1 0 1 0 0 0 1 0 0 1 1 1 1 1 0 ",9.341899999999999,0.023646697402000427,
97,30,"1 1 1 1 1 1 1 0 1 1 1 1 1 1 1 1 1 1 1 1 1 1 1 1 0 1 1 1 1 1 ",22.14432,0,
98,30,"1 1 0 0 0 1 1 1 1 1 1 1 1 1 1 1 1 1 1 1 0 1 1 1 1 1 1 1 1 0 ",17.1354,0,
99,30,"1 1 1 1 1 1 1 1 1 1 1 1 0 0 1 1 1 1 1 1 1 1 1 0 1 0 1 1 1 1 ",19.12342,0,
100,30,"0 0 1 0 1 0 1 1 0 1 1 1 1 1 1 1 1 1 1 1 1 1 1 1 1 1 1 1 1 1 ",18.596,0,
101,30,"0 1 0 1 0 0 0 0 0 1 1 1 1 0 0 0 0 1 0 0 0 0 0 1 0 0 1 0 1 0 ",6.08476,0,
102,30,"1 1 0 1 1 0 0 1 1 1 1 1 1 1 1 0 1 1 0 0 0 1 0 0 1 0 1 0 0 1 ",10.16112,0.01580425724387169,
103,30,"0 0 1 1 0 0 1 1 1 0 1 1 0 0 1 0 0 1 0 0 0 1 0 0 1 1 1 0 0 0 ",11.391960000000001,0.008894004859030247,
104,30,"0 0 0 0 0 0 1 0 0 1 0 0 0 0 0 0 1 0 0 0 0 0 0 0 1 0 0 0 0 1 ",1.3269199999999999,0,
105,30,"0 0 0 0 0 0 0 0 0 1 1 1 1 1 1 0 0 0 0 0 0 0 0 1 1 0 1 0 0 0 ",6.758920000000001,0.03428909182548523,
106,30,"0 1 1 1 1 0 0 0 1 1 0 1 0 0 1 0 0 0 1 0 0 0 0 0 0 0 0 0 1 0 ",5.42624,0,
107,30,"1 0 1 0 1 1 0 1 1 1 1 1 0 0 0 0 0 1 1 1 0 0 0 0 0 1 0 0 0 0 ",7.46674,0,
108,30,"0 1 1 1 1 1 1 1 1 1 1 0 0 1 0 1 0 0 1 1 0 1 1 1 1 1 1 1 1 1 ",14.173660000000002,0.0019989735446870327,
109,30,"0 0 1 0 0 0 0 1 0 0 1 0 0 1 1 0 0 1 0 0 1 1 0 1 0 1 0 1 1 1 ",9.57544,0.01788756437599659,
110,30,"0 0 1 0 0 0 0 0 0 0 0 1 0 0 0 0 0 1 0 0 0 0 0 0 0 0 0 0 0 1 ",1.37162,0,
111,30,"1 1 1 1 1 1 1 1 0 1 1 1 1 1 1 1 1 1 1 1 1 1 1 1 1 1 1 1 1 1 ",22.78848,0,
112,30,"1 1 1 1 1 1 1 1 1 1 1 1 1 1 1 1 1 1 1 1 1 0 1 1 0 1 1 1 1 1 ",21.25766,0,
113,30,"0 0 0 0 0 1 0 1 0 0 1 0 0 0 0 1 0 0 1 0 0 0 0 0 1 1 0 0 0 0 ",1.49512,0,
114,30,"1 1 1 1 1 0 0 1 1 1 1 0 1 0 1 1 1 0 1 1 1 1 1 1 1 1 1 1 1 1 ",19.35462,0,
115,30,"1 0 1 1 1 0 1 1 0 1 0 1 1 1 0 1 1 1 1 1 1 0 1 1 1 1 1 0 0 0 ",11.67582,0.00145271688234061,
116,30,"1 1 1 0 1 0 1 1 1 1 1 1 0 0 1 0 0 0 0 0 1 1 1 1 0 1 0 0 1 1 ",15.149959999999998,0,
117,30,"0 0 0 1 0 0 1 0 1 1 1 1 1 1 1 1 1 1 1 1 1 1 1 1 1 1 1 0 1 0 ",16.90356,0.01030898466706276,
118,30,"1 0 0 0 0 1 1 0 0 0 0 0 0 1 0 0 0 0 1 1 0 1 1 0 0 1 0 0 1 1 ",8.98142,0.003047293983399868,
119,30,"0 1 0 0 0 0 0 1 0 0 1 0 0 1 0 0 1 1 0 1 1 0 0 0 0 0 1 0 1 1 ",8.80236,0,
120,30,"0 0 0 0 0 0 0 0 0 0 0 0 0 0 0 0 0 0 0 1 0 0 0 0 0 0 1 0 0 1 ",1.39402,0,
121,30,"0 0 1 0 1 0 0 1 0 0 0 0 0 1 0 0 0 0 0 1 0 1 1 1 0 1 0 0 0 0 ",8.16318,0,
122,30,"1 1 1 1 1 1 1 1 1 1 1 1 1 1 1 1 1 1 1 1 0 1 1 1 1 1 1 1 1 1 ",19.50646,0,
123,30,"0 0 0 1 0 0 1 1 0 0 0 1 0 1 1 1 0 1 0 0 1 1 1 0 0 0 0 0 0 0 ",8.84088,0.017128027975559235,
124,30,"1 1 1 0 1 0 0 1 1 0 1 1 0 1 0 0 0 0 0 1 0 1 0 0 0 1 0 1 1 0 ",13.4894,0,
125,30,"1 1 1 1 1 1 1 1 0 1 0 0 1 0 1 0 1 1 1 1 0 1 0 1 1 1 0 1 1 0 ",22.88374,0,
126,30,"0 0 1 1 0 1 1 1 1 0 1 1 1 0 0 1 0 1 0 0 0 1 0 0 1 0 1 1 1 1 ",11.26056,0.006134713068604469,
127,30,"1 1 1 1 1 1 0 0 1 0 1 0 1 0 1 1 1 0 1 1 1 0 1 1 1 0 1 1 1 0 ",16.57318,0,
128,30,"1 1 1 1 0 1 0 1 0 1 0 1 1 0 1 1 1 0 1 1 1 1 0 1 1 0 1 0 0 1 ",13.598159999999998,0.006307498086243868,
129,30,"1 1 1 1 1 1 1 1 1 0 1 1 1 0 1 1 1 1 0 1 0 1 1 1 1 1 1 1 1 1 ",23.148580000000003,0,
130,30,"0 0 0 0 0 0 0 0 0 0 0 0 0 0 0 0 0 0 1 0 0 1 0 0 0 1 1 0 0 0 ",1.4271,0,
131,30,"0 1 1 1 1 1 1 1 1 1 1 1 1 1 0 1 1 1 1 1 1 1 1 1 1 1 1 0 1 1 ",19.964940000000002,0,
132,30,"1 0 1 0 1 1 1 1 1 0 0 1 0 0 0 1 0 0 1 1 1 0 1 1 1 1 1 0 0 1 ",13.02088,0.004251822363585234,
133,30,"0 1 1 0 1 1 1 1 1 1 1 1 1 1 1 1 1 0 1 0 1 1 1 1 1 0 1 0 1 1 ",15.281960000000002,0,
134,30,"0 0 1 1 1 0 0 1 1 1 0 0 1 1 0 1 1 1 1 0 1 1 0 0 1 0 0 1 1 0 ",11.6297,0.008687731809914112,
135,30,"1 1 1 0 0 0 0 0 0 0 1 1 1 1 1 0 1 0 0 0 1 1 1 1 0 0 1 0 1 0 ",10.50976,0.03681843727827072,
136,30,"1 1 1 1 1 0 0 1 1 1 1 0 1 0 1 0 1 1 1 0 0 1 1 1 1 0 1 1 1 1 ",14.71172,0.0018408383475616574,
137,30,"1 1 1 1 1 1 1 1 1 1 1 1 1 1 1 1 1 0 1 0 1 1 1 1 1 1 1 1 0 0 ",20.66044,0,
138,30,"1 1 1 1 1 0 0 1 0 1 1 1 1 0 1 1 1 1 1 1 1 1 1 0 1 1 1 1 1 1 ",16.88732,0,
139,30,"0 0 0 1 0 1 0 1 0 1 0 0 0 1 0 0 0 0 0 0 1 0 0 0 1 1 0 1 0 0 ",4.34464,0,
140,30,"1 1 1 1 1 1 1 1 1 1 1 0 1 1 1 1 1 1 1 1 1 1 1 1 1 1 1 1 1 0 ",16.67964,0,
141,30,"0 1 0 0 0 0 0 1 0 0 0 1 0 1 0 1 0 1 1 0 1 0 0 0 1 0 0 0 0 0 ",2.93012,0,
142,30,"1 1 0 0 0 0 0 1 0 0 1 1 0 0 0 0 0 0 0 0 0 0 0 1 0 0 1 0 1 1 ",3.8105200000000004,0.004103699699044228,
143,30,"1 1 1 1 1 1 1 1 1 0 1 1 1 1 1 1 1 1 1 1 1 1 1 1 1 1 1 1 1 1 ",18.65478,0,
144,30,"1 0 0 0 1 1 0 1 0 0 0 1 1 0 0 0 0 0 0 1 0 1 1 0 0 0 0 0 1 1 ",3.7821599999999997,0,
145,30,"1 0 0 1 1 1 0 1 1 1 1 0 0 1 1 0 0 0 0 0 1 0 1 1 0 0 0 0 1 1 ",11.49614,0,
146,30,"1 1 0 1 1 1 1 1 1 1 1 1 1 1 0 0 0 1 0 1 1 1 0 1 0 1 1 1 1 1 ",15.07862,0,
147,30,"0 0 0 1 1 1 0 0 0 1 1 1 1 1 0 0 1 1 0 1 0 0 1 0 0 0 0 0 0 0 ",5.54294,0.007871270179748535,
148,30,"0 1 1 1 0 1 1 1 1 0 0 0 1 1 0 0 0 1 0 1 0 0 0 1 0 0 0 1 0 1 ",6.6754999999999995,0,
149,30,"1 1 0 1 0 1 1 0 0 1 1 1 0 1 0 1 1 0 1 0 1 1 1 0 1 1 1 0 1 1 ",10.5396,0,
150,30,"1 1 1 1 1 1 1 1 1 1 1 0 1 0 1 1 1 0 1 0 1 1 1 1 1 1 1 1 1 0 ",17.424979999999998,0.005481272470206022,
151,30,"1 1 1 0 1 0 1 1 0 1 1 1 0 1 1 0 1 1 0 1 1 1 1 1 1 0 1 1 1 0 ",12.48394,0.0006114960997365415,
152,30,"1 1 1 1 1 1 1 1 1 0 1 0 1 1 1 1 1 1 1 0 1 1 1 1 1 1 1 1 1 1 ",22.2573,0,
153,30,"0 1 0 1 1 0 1 1 1 1 1 0 0 1 1 1 1 1 0 1 0 0 1 0 0 1 0 1 0 1 ",19.01686,0,
154,30,"1 0 1 1 1 1 1 1 0 1 1 1 1 1 1 1 1 1 1 1 1 1 1 1 1 1 1 1 0 0 ",17.80256,0,
155,30,"1 1 1 1 1 1 1 1 1 1 1 1 0 1 1 1 1 1 1 1 1 0 1 1 1 1 1 1 1 1 ",19.68212,0,
156,30,"1 1 0 0 0 0 1 1 1 1 1 1 1 1 0 0 0 0 1 1 1 0 1 0 0 1 1 1 0 0 ",11.07496,0,
157,30,"1 1 1 1 0 1 0 0 1 1 0 1 1 0 1 1 1 0 1 1 1 0 1 0 1 0 1 1 0 1 ",16.37432,0,
158,30,"1 0 1 1 1 1 1 1 1 1 1 1 1 1 1 1 1 0 1 1 1 1 1 1 1 0 1 1 0 1 ",18.42542,0,
159,30,"0 1 1 0 1 0 1 1 1 1 1 1 0 1 0 0 0 1 1 0 0 0 0 0 0 0 0 1 1 0 ",12.32206,0.004922460298985243,
160,30,"1 0 0 0 1 1 1 1 1 1 1 1 1 0 0 1 0 1 1 1 1 1 0 1 0 1 0 1 0 1 ",17.8345,0,
161,30,"0 1 1 1 1 1 1 1 1 0 1 1 0 1 1 1 1 0 1 1 0 1 1 1 1 1 1 1 1 1 ",18.019640000000003,0,
162,30,"1 0 1 0 1 1 1 1 1 1 1 1 1 1 1 1 1 1 1 1 1 1 1 1 1 1 1 1 1 0 ",15.52448,0,
163,30,"1 1 1 1 1 1 1 1 1 1 1 1 1 1 1 1 1 1 1 0 1 1 1 1 1 1 1 1 1 1 ",26.020519999999998,0,
164,30,"0 1 0 0 0 1 0 1 0 0 1 1 1 1 1 1 0 1 1 0 1 1 1 0 0 0 0 1 1 0 ",15.837399999999999,0.0069741373881697655,
165,30,"0 0 1 1 0 0 0 0 0 1 0 0 0 1 1 0 0 0 0 1 0 0 0 0 0 0 0 1 1 0 ",1.44062,0,
166,30,"0 1 0 0 1 0 1 0 1 1 0 1 0 1 1 1 1 0 1 1 1 0 1 1 0 1 1 0 0 0 ",9.97104,0,
167,30,"0 0 0 0 0 0 0 0 1 0 0 0 0 0 0 0 0 0 0 0 0 1 0 0 0 0 1 0 0 0 ",1.48872,0,
168,30,"1 1 0 0 1 1 0 0 0 1 0 0 1 1 1 0 1 0 1 1 1 1 0 1 0 0 1 0 0 0 ",10.037099999999999,0,
169,30,"0 1 1 1 0 0 0 1 1 0 1 0 1 0 1 1 0 1 0 0 1 1 0 1 1 1 0 0 1 1 ",9.45852,0.006055034231394529,
170,30,"1 1 0 1 0 1 1 0 1 1 1 1 0 0 1 0 0 1 0 1 1 0 1 1 0 1 1 0 0 1 ",10.79846,0,
171,30,"0 0 1 1 1 0 0 0 0 1 0 0 0 0 0 0 1 0 0 0 0 0 0 1 0 0 1 0 1 0 ",1.8801200000000002,0,
172,30,"1 1 1 1 1 1 1 1 1 1 0 1 1 1 0 1 1 0 1 1 1 1 1 0 1 1 0 0 0 1 ",16.29672,0.0038289919029921293,
173,30,"1 1 1 0 0 0 0 0 0 0 1 0 0 0 0 1 0 1 1 1 0 0 0 0 1 1 0 1 0 0 ",6.8357399999999995,0.010177812539041042,
174,30,"1 1 0 1 1 1 0 1 0 1 0 0 0 0 0 0 0 1 0 0 1 1 1 0 0 0 0 0 0 0 ",13.33802,0,
175,30,"1 1 1 1 0 0 1 0 1 0 1 1 1 1 0 1 1 0 0 0 1 1 0 1 0 1 0 1 1 0 ",10.584340000000001,0.004568092990666628,
176,30,"1 1 1 1 1 1 1 1 1 1 1 1 1 0 1 1 1 1 1 1 1 1 1 1 1 1 1 1 1 1 ",30.540480000000002,0,
177,30,"1 1 0 1 0 0 0 0 1 0 0 1 0 0 1 0 1 0 0 1 0 1 1 1 0 1 1 0 0 0 ",9.59784,0,
178,30,"1 0 0 0 0 1 1 1 1 0 1 0 1 1 0 1 1 1 0 1 0 0 1 1 1 1 1 1 1 1 ",12.58536,0,
179,30,"1 1 1 0 0 0 1 0 1 1 1 0 1 1 0 0 1 0 1 0 0 1 1 0 0 0 0 1 1 1 ",10.876059999999999,3.715538332471624E-05,
180,30,"1 0 1 1 1 0 0 1 0 1 1 1 0 1 0 1 1 1 1 1 1 0 0 1 1 1 1 1 1 0 ",17.35882,0.006862870417535305,
181,30,"1 1 1 0 1 0 1 1 1 0 1 1 1 1 1 1 0 1 1 0 1 1 1 1 1 0 1 1 0 1 ",17.4585,2.9658629500772804E-05,
182,30,"1 0 1 1 1 1 1 0 0 0 1 1 0 1 0 0 1 0 1 1 0 1 0 1 0 1 1 1 1 0 ",12.63064,0,
183,30,"1 1 1 0 1 1 1 1 0 0 0 1 0 1 1 0 0 0 1 1 1 1 1 1 1 0 0 1 1 0 ",11.9063,0.010923931375145912,
184,30,"0 1 1 0 0 1 1 1 1 0 1 1 0 0 0 0 0 1 0 0 1 1 1 0 1 0 1 0 1 1 ",11.21386,0,
185,30,"0 1 1 1 1 1 1 1 1 1 1 1 1 1 1 1 1 0 1 1 1 1 1 1 1 0 0 1 1 0 ",15.67426,0,
186,30,"0 0 0 1 0 1 1 1 1 1 0 0 0 0 0 1 1 0 1 0 1 1 0 1 0 1 0 0 0 1 ",6.36186,0,
187,30,"0 0 0 1 1 0 0 0 0 0 0 1 0 0 0 0 0 0 1 1 0 0 0 0 0 1 1 0 1 0 ",5.84722,0,
188,30,"0 0 0 0 0 0 0 0 0 1 0 0 1 0 0 0 0 1 0 0 1 0 1 1 1 0 1 0 0 0 ",2.93764,0.010269328020513058,
189,30,"0 0 1 1 0 1 1 1 0 0 1 1 0 0 1 0 1 0 1 0 1 1 0 0 1 1 0 1 1 1 ",12.64294,0,
190,30,"0 1 0 1 1 1 0 0 0 0 0 0 0 1 0 1 0 0 1 0 0 1 1 1 1 1 0 1 0 0 ",9.53018,0.02140253223478794,
191,30,"0 0 1 0 0 1 1 0 1 0 1 0 1 0 1 0 0 0 0 0 0 0 0 0 1 1 0 0 1 0 ",8.72142,0.01786017045378685,
192,30,"1 0 0 1 0 0 0 1 0 0 0 1 0 1 0 0 1 0 1 0 1 1 1 1 0 1 1 1 1 1 ",12.67788,0,
193,30,"1 0 1 1 0 0 0 1 1 0 0 0 0 1 1 1 1 0 0 1 1 1 1 1 1 1 1 0 1 0 ",9.020579999999999,0.006429854780435562,
194,30,"1 1 1 1 1 1 1 1 1 1 1 1 1 1 1 1 1 1 1 1 1 1 1 1 1 1 1 0 1 1 ",22.46956,0,
195,30,"0 1 1 1 0 1 1 0 1 0 1 1 0 1 0 0 1 0 1 1 1 1 1 1 1 1 1 1 0 1 ",13.74612,0,
196,30,"0 0 0 0 0 0 0 1 0 1 1 0 0 0 0 0 1 0 0 0 1 0 0 0 1 0 0 0 0 0 ",1.62458,0,
197,30,"0 1 1 0 0 0 1 0 0 1 0 1 0 1 0 0 0 0 0 0 0 1 1 0 0 0 0 1 0 0 ",4.257099999999999,0.029499422758817673,
198,30,"1 0 1 0 1 1 1 1 0 0 0 1 1 1 1 0 0 0 0 0 0 0 1 1 1 0 0 0 1 1 ",9.036100000000001,0.0033837731461972,
199,30,"0 1 0 0 0 0 0 1 0 0 1 0 1 0 0 1 1 0 0 0 0 1 1 0 0 0 1 1 0 0 ",6.76102,0,
200,30,"1 0 1 1 0 0 0 0 0 1 1 0 0 1 0 0 0 0 0 0 1 1 1 0 1 1 1 0 0 0 ",4.08832,0,
201,30,"0 0 1 1 1 1 1 1 1 1 1 1 1 1 1 1 1 1 0 1 0 1 1 1 1 1 1 1 1 1 ",23.088820000000002,0,
202,30,"1 0 1 0 1 1 1 1 1 1 1 1 1 0 1 1 1 0 1 1 1 1 0 0 1 0 0 1 0 0 ",17.136879999999998,0.0141166215762496,
203,30,"1 0 0 1 1 1 1 1 1 0 0 0 0 0 0 1 1 0 0 0 1 0 0 0 0 0 0 0 0 0 ",4.93668,0,
204,30,"0 1 0 1 0 1 0 1 0 0 0 1 1 1 1 0 0 0 0 0 1 1 1 1 0 1 0 1 1 0 ",9.451319999999999,0,
205,30,"1 1 1 1 0 0 1 1 1 0 1 1 1 1 0 1 0 1 1 1 1 1 0 0 1 1 1 0 0 1 ",12.41114,0.011385582387447357,
206,30,"1 1 1 1 0 1 1 1 1 1 1 1 1 1 1 1 1 1 1 1 1 1 1 1 1 1 1 1 1 1 ",20.26192,0,
207,30,"1 1 1 0 1 1 1 1 1 1 1 1 1 1 1 1 1 1 1 0 1 1 0 1 1 1 1 1 1 1 ",18.254060000000003,0,
208,30,"1 1 1 1 1 1 1 1 1 1 1 1 1 1 1 1 1 0 1 1 0 0 1 0 1 1 1 1 1 1 ",17.224600000000002,0,
209,30,"1 0 0 1 0 1 1 1 1 0 1 1 0 0 1 0 0 1 0 0 0 0 1 0 1 0 1 0 0 0 ",12.559059999999999,0.0016352798556908965,
210,30,"1 0 0 1 0 1 1 1 1 1 1 0 0 0 0 1 0 1 0 1 1 0 0 0 0 1 1 1 0 0 ",11.08326,0.015865232795476913,
211,30,"1 1 1 1 0 1 1 1 0 1 0 1 1 1 1 1 1 1 1 1 1 0 1 1 1 0 1 1 1 0 ",17.41838,0,
212,30,"1 1 1 1 1 1 1 1 1 1 1 0 1 1 1 1 1 0 1 1 1 1 1 1 1 1 0 1 1 0 ",18.425720000000002,0,
213,30,"1 1 0 0 1 0 1 1 1 1 1 0 1 0 0 1 1 1 1 0 1 0 1 1 1 1 1 1 1 1 ",19.55726,0,
214,30,"0 0 0 0 0 0 1 1 0 0 0 1 0 0 1 0 0 0 1 0 1 1 0 1 1 1 1 0 1 0 ",7.795579999999999,0,
215,30,"1 0 1 0 1 0 0 0 0 1 1 1 0 0 1 1 1 0 1 1 1 1 1 1 0 0 0 0 1 0 ",11.25372,0.019199801608920097,
216,30,"1 1 1 1 1 1 1 1 1 1 1 1 1 1 1 0 1 1 1 1 1 1 1 1 1 1 1 1 1 1 ",22.6569,0,
217,30,"1 0 0 1 1 1 1 1 1 0 1 0 0 1 1 1 1 1 1 1 1 1 1 1 1 1 1 0 1 0 ",13.37742,0,
218,30,"0 1 1 0 1 1 1 1 0 1 1 1 1 1 1 1 1 1 0 0 1 1 1 1 1 1 1 1 1 1 ",16.38646,0,
219,30,"0 0 0 0 0 0 0 0 0 0 0 0 0 0 0 0 0 1 0 0 0 1 1 1 0 0 0 0 0 0 ",1.72882,0,
220,30,"1 1 1 1 1 1 1 1 1 0 0 0 1 0 1 1 1 1 1 1 1 1 0 1 0 1 0 1 0 0 ",22.146700000000003,0,
221,30,"1 1 1 1 1 1 1 1 1 0 1 1 1 1 1 1 1 0 1 1 1 1 1 0 1 0 1 1 1 1 ",21.30162,0,
222,30,"0 0 1 1 0 1 0 1 1 0 1 1 0 1 0 0 0 1 1 0 1 1 0 1 1 1 1 1 1 0 ",9.79106,0.01630856841802597,
223,30,"1 1 0 0 0 1 1 1 1 1 1 0 1 0 1 1 1 1 0 1 1 0 1 1 1 1 1 1 1 1 ",17.0066,0,
224,30,"1 0 1 1 1 1 1 1 1 1 1 1 1 1 1 1 0 1 1 1 1 1 1 0 0 1 1 0 1 1 ",20.52544,0,
225,30,"0 0 1 0 0 0 0 1 1 0 1 1 1 0 1 1 0 1 1 0 0 1 0 0 1 1 0 0 1 0 ",8.747,0,
226,30,"0 0 0 1 0 0 0 1 0 0 0 0 0 0 0 0 0 0 1 0 0 0 0 0 0 0 1 1 0 0 ",1.4396,0,
227,30,"0 0 0 1 0 1 0 0 0 0 0 1 0 1 0 0 0 0 0 0 0 0 0 0 0 0 0 0 0 0 ",1.3538000000000001,0,
228,30,"1 1 1 0 0 1 1 1 0 0 0 1 0 1 1 1 0 0 0 1 0 1 1 1 1 1 0 1 0 1 ",13.121979999999999,0.00089330377522856,
229,30,"0 1 0 0 1 1 0 0 0 0 1 1 0 0 0 0 0 0 0 0 0 0 1 0 0 0 1 0 0 0 ",1.73276,0,
230,30,"1 0 1 1 1 1 1 1 1 1 1 0 0 0 1 1 0 0 1 1 0 1 1 1 1 1 1 0 1 1 ",13.8196,0,
231,30,"1 1 1 1 1 1 0 1 1 0 0 1 1 1 1 0 1 1 1 0 1 0 1 1 1 1 1 1 1 1 ",15.653659999999999,0,
232,30,"1 0 1 0 0 0 1 1 0 1 1 0 1 1 0 1 1 1 1 0 1 1 0 0 0 1 1 0 0 0 ",12.11892,0,
233,30,"1 1 1 1 1 1 1 1 1 1 1 1 0 1 1 0 1 0 1 0 0 1 0 1 1 1 1 1 1 0 ",13.801400000000001,0,
234,30,"1 1 1 1 1 1 1 0 0 0 0 1 1 1 0 1 0 1 1 1 1 1 0 0 0 0 0 0 0 0 ",10.7105,0.0002542034490033984,
235,30,"0 1 1 1 1 0 1 0 1 1 1 0 0 1 1 0 0 1 0 0 0 0 1 1 0 0 1 1 0 0 ",12.29582,0.011508315801620483,
236,30,"0 1 1 0 0 0 0 1 0 0 0 0 1 0 0 1 1 1 0 0 1 1 1 1 0 1 0 0 0 0 ",10.19454,0,
237,30,"1 0 0 0 1 1 0 1 1 1 1 1 1 0 1 0 1 1 0 1 0 0 1 1 1 1 0 1 0 0 ",12.4197,0,
238,30,"1 0 0 1 1 1 1 0 0 0 0 1 1 0 0 1 0 1 0 1 0 0 0 0 1 1 1 0 0 0 ",13.98854,0.003822098718956113,
239,30,"1 0 1 0 1 1 0 0 1 1 1 1 0 1 0 1 1 0 1 0 1 1 1 0 1 1 0 0 0 1 ",11.29204,0.007361128460615873,
240,30,"1 0 0 1 1 1 0 1 1 1 1 1 0 1 1 1 1 0 1 1 1 1 1 0 1 1 1 1 1 1 ",15.726580000000002,0,
241,30,"1 0 1 0 0 0 1 1 1 1 1 0 1 1 1 0 1 1 0 1 1 1 0 1 1 1 1 1 0 1 ",16.43102,0,
242,30,"1 0 0 0 0 0 0 1 1 0 0 0 0 0 0 0 0 1 1 0 1 0 1 0 1 0 0 0 1 0 ",6.13462,0,
243,30,"0 0 1 0 0 0 0 0 0 0 1 0 1 0 0 1 1 0 1 0 0 0 1 1 0 1 0 0 0 1 ",3.63226,0,
244,30,"1 1 1 1 1 0 1 0 0 0 1 1 1 0 1 1 1 1 0 1 0 0 0 1 0 1 0 0 1 0 ",10.88744,0.017258109524846077,
245,30,"1 1 1 1 1 1 1 1 1 1 1 1 1 1 1 1 1 1 1 1 0 1 1 1 1 1 1 1 1 1 ",17.85062,0,
246,30,"1 1 0 1 1 1 1 1 0 1 1 1 1 1 1 1 1 1 1 1 0 1 1 0 1 1 1 0 1 0 ",14.28688,0,
247,30,"1 0 1 1 1 1 1 1 1 0 0 1 1 1 1 0 1 0 1 1 1 1 0 0 1 1 1 0 1 0 ",14.503319999999999,0,
248,30,"0 0 1 0 1 1 0 1 0 0 0 1 1 1 1 0 1 1 1 1 0 1 1 0 1 0 1 0 1 0 ",11.9543,0.006507868878543377,
249,30,"0 0 1 0 0 0 1 1 1 1 0 1 1 1 0 1 1 1 1 1 0 1 1 1 1 0 1 1 1 0 ",17.2733,0,
250,30,"1 0 1 0 0 1 1 0 1 0 0 0 1 1 0 1 1 1 1 1 0 0 0 1 1 1 1 0 1 1 ",9.7579,0.0041938647627830505,
251,30,"0 1 0 1 0 1 1 0 0 1 0 1 0 0 1 1 0 1 0 1 1 0 1 0 0 0 0 0 0 0 ",9.85472,0.021043917164206505,
252,30,"1 1 1 1 1 0 1 1 1 1 1 1 0 1 1 0 1 1 1 1 1 1 1 1 0 1 0 0 1 1 ",17.72206,0,
253,30,"0 0 0 1 0 0 0 1 0 0 0 0 1 0 0 0 1 0 0 1 0 1 0 0 0 1 0 1 0 0 ",1.65232,0.027163425460457802,
254,30,"1 0 1 1 0 0 0 1 0 1 0 1 1 0 0 0 0 0 1 0 0 0 0 1 1 1 0 1 1 1 ",8.774519999999999,0.005804249085485935,
255,30,"1 0 1 1 0 1 1 0 1 1 1 1 1 1 1 1 1 1 1 1 1 1 1 1 0 1 1 1 1 1 ",20.75536,0,
256,30,"0 0 0 0 0 0 0 0 0 0 0 0 1 0 0 0 1 0 0 0 0 0 0 0 1 1 0 0 1 0 ",1.33908,0,
257,30,"1 1 1 1 1 0 1 1 0 0 1 1 0 1 1 1 1 1 1 1 0 0 1 1 1 0 1 1 1 1 ",16.14262,0,
258,30,"1 1 1 1 1 1 1 1 1 1 1 1 1 1 1 1 0 1 1 1 1 1 1 1 1 1 1 1 1 1 ",21.465600000000002,0,
259,30,"0 1 1 1 1 0 0 1 1 0 0 1 0 0 1 1 1 1 1 1 1 0 1 0 1 1 1 0 1 1 ",16.06768,0,
260,30,"1 1 1 0 1 1 1 1 1 1 1 1 1 1 1 1 1 1 1 1 1 1 1 1 1 0 1 1 1 0 ",15.85358,0,
261,30,"1 1 1 1 1 1 1 1 1 0 1 1 1 1 1 1 1 1 1 1 1 0 1 1 1 1 0 1 0 1 ",19.71892,0,
262,30,"1 0 1 1 1 1 1 1 1 1 1 1 1 0 1 1 1 1 1 1 0 1 1 1 1 1 0 1 1 1 ",15.75558,0,
263,30,"1 0 0 0 1 0 1 1 0 0 0 0 1 0 0 1 1 0 1 0 0 0 0 1 1 0 1 1 0 1 ",9.382439999999999,0.02147124707698822,
264,30,"0 1 0 1 1 1 1 1 0 0 0 1 1 0 0 0 0 1 0 0 0 0 1 1 0 0 1 0 1 0 ",6.18264,0.004706633277237415,
265,30,"0 0 0 0 0 0 0 0 1 0 0 0 0 0 0 0 0 0 0 0 0 0 0 0 0 0 0 0 1 0 ",1.36662,0,
266,30,"0 1 1 1 1 1 0 1 1 1 1 1 1 1 1 1 1 1 1 1 1 1 1 1 1 1 1 1 1 0 ",15.822280000000001,0.009971577674150467,
267,30,"0 1 0 0 1 0 0 1 0 0 0 0 0 0 0 1 1 1 0 0 1 0 0 0 0 0 1 1 0 0 ",5.61338,0,
268,30,"1 0 0 0 0 1 1 1 1 0 1 0 1 1 0 0 0 0 0 0 0 0 0 0 0 0 0 0 1 0 ",5.8383,0,
269,30,"0 1 1 0 1 0 0 0 1 0 1 1 0 1 0 1 0 1 0 0 0 1 1 0 1 1 1 1 0 1 ",9.99962,0.02502494491636753,
270,30,"1 0 1 1 0 0 0 1 1 1 1 0 1 0 1 1 0 1 0 1 0 1 0 1 1 1 1 1 0 0 ",14.96514,0,
271,30,"0 1 1 1 1 1 1 0 1 1 1 1 1 1 1 1 0 1 1 1 1 1 1 1 1 1 1 1 1 1 ",16.29162,0,
272,30,"1 1 0 1 1 1 1 1 1 1 1 1 0 1 1 0 1 1 1 1 0 0 1 1 0 1 1 1 1 0 ",13.759,0,
273,30,"0 0 1 1 1 0 1 1 1 0 1 0 0 1 0 1 1 1 1 1 0 1 0 0 0 1 0 0 1 1 ",13.337100000000001,0.0012296761851757765,
274,30,"1 1 0 0 0 0 0 1 1 1 1 1 1 1 0 1 1 0 1 1 0 0 0 1 1 0 0 0 0 0 ",9.93878,0.010464239865541458,
275,30,"1 0 1 1 0 1 1 1 0 1 0 0 1 0 1 0 1 1 1 1 0 0 0 1 1 1 0 1 1 1 ",15.226040000000001,0,
276,30,"1 0 0 1 1 1 0 0 0 0 0 0 0 0 0 0 0 0 0 0 0 0 1 0 0 0 0 0 1 0 ",3.2324599999999997,0.04470294341444969,
277,30,"1 1 0 1 1 1 1 1 0 1 1 0 1 1 1 0 1 0 0 1 0 0 0 0 0 1 1 0 1 0 ",8.63508,0,
278,30,"1 0 1 1 0 0 0 0 0 0 0 0 0 0 1 0 1 0 0 0 0 1 0 0 0 0 1 0 1 1 ",1.37402,0,
279,30,"1 0 0 0 1 1 0 1 0 0 0 1 1 0 0 0 1 1 0 0 1 0 1 1 0 0 1 0 0 1 ",7.263679999999999,0.0016500288620591164,
280,30,"1 1 1 0 0 1 0 0 1 1 0 0 0 1 1 1 1 1 0 0 0 1 0 1 1 1 1 0 1 1 ",18.92142,0,
281,30,"1 1 1 0 1 1 1 1 1 1 0 0 1 1 1 1 1 1 1 1 1 1 1 1 1 1 1 0 1 0 ",14.52722,0.008608031086623669,
282,30,"0 1 0 0 0 1 0 0 0 1 0 1 1 0 1 1 0 0 1 0 0 1 0 0 0 1 0 0 0 1 ",6.7051,0,
283,30,"0 0 0 0 0 0 0 0 0 0 1 0 1 1 1 0 0 0 0 0 0 0 0 0 0 0 0 0 0 0 ",1.42682,0,
284,30,"1 0 1 1 1 1 1 1 1 1 1 1 1 1 1 1 1 1 1 0 1 1 1 1 0 0 1 1 1 1 ",20.55948,0,
285,30,"0 1 0 0 0 0 0 0 0 0 0 0 0 0 1 0 0 0 1 0 0 1 0 1 0 1 0 0 1 0 ",1.3736599999999999,0.016207585111260414,
286,30,"1 1 1 0 1 1 1 1 1 1 1 1 1 1 1 1 1 1 1 1 1 1 1 1 1 1 1 1 1 1 ",24.24072,0,
287,30,"0 0 0 0 1 0 0 1 1 1 1 0 0 1 1 0 1 1 1 1 0 1 1 0 1 0 0 0 1 1 ",10.94084,0,
288,30,"1 1 0 1 0 1 0 1 1 0 1 0 0 0 0 1 0 0 0 1 0 1 1 1 1 1 1 1 0 0 ",9.915479999999999,0,
289,30,"1 1 1 1 1 1 1 1 1 1 1 1 1 1 1 0 1 1 1 1 1 1 1 1 1 1 1 1 1 1 ",21.8739,0,
290,30,"0 0 0 0 1 1 1 0 1 0 1 1 0 1 0 1 0 1 1 0 0 0 0 1 1 0 1 1 0 1 ",8.14178,0,
291,30,"0 0 0 0 0 0 0 1 0 1 1 0 1 0 0 0 0 0 0 0 0 0 1 0 0 0 1 1 1 0 ",1.42652,0.02974843978881836,
292,30,"0 0 0 1 0 0 0 0 0 0 0 0 0 1 0 0 0 0 0 0 0 0 0 0 0 0 0 0 0 0 ",1.40106,0.1075369343161583,
293,30,"0 1 1 0 0 0 1 1 0 0 1 0 1 0 0 0 1 0 1 0 0 0 0 0 0 0 0 0 0 0 ",5.0174199999999995,0,
294,30,"0 1 1 0 0 1 0 1 1 1 0 0 1 1 0 1 1 0 1 1 1 1 1 1 0 1 1 0 0 0 ",10.50364,0.027619287371635437,
295,30,"0 1 1 0 0 0 0 0 1 0 0 0 1 0 1 0 0 1 1 0 0 0 1 1 0 1 0 0 1 0 ",8.47594,0,
296,30,"0 0 0 1 1 1 1 0 0 0 0 0 0 0 0 0 0 1 0 1 0 0 0 0 1 0 0 1 0 0 ",2.94754,0,
297,30,"0 0 1 0 1 0 1 0 1 1 0 0 0 0 0 0 1 1 0 1 0 0 1 1 1 1 1 0 0 1 ",7.59316,0.018369600176811218,
298,30,"1 1 1 1 1 1 1 0 1 1 1 1 1 1 1 1 1 1 1 1 1 1 1 1 1 1 1 1 1 1 ",23.48026,0,
299,30,"1 1 1 0 0 1 0 1 1 1 1 1 1 1 0 1 0 0 0 1 0 0 0 0 1 1 1 1 0 0 ",15.77246,0.01670260541141033,
300,30,"0 0 0 1 1 1 1 0 0 1 1 1 1 1 0 0 0 0 0 0 0 0 0 0 1 0 0 0 0 0 ",6.41942,0,
301,30,"1 0 1 1 1 1 1 1 1 1 1 0 1 0 1 0 0 0 0 1 1 1 1 1 0 0 1 0 0 1 ",9.8154,0,
302,30,"1 1 1 0 1 0 0 1 0 0 0 0 0 0 1 1 1 0 1 0 1 1 1 1 1 0 0 0 0 0 ",6.63582,0.005285042338073254,
303,30,"1 1 1 0 1 0 1 1 1 1 0 1 0 1 1 0 0 1 1 1 1 0 1 1 1 0 1 1 1 1 ",14.36758,0,
304,30,"1 0 0 0 0 0 1 0 0 0 1 0 1 0 0 0 1 0 0 0 0 0 1 0 1 0 0 0 0 1 ",1.4011,0,
305,30,"0 0 0 0 0 0 0 1 0 0 0 0 1 0 0 0 0 0 0 0 0 0 0 0 0 0 1 0 0 0 ",1.4051,0,
306,30,"0 1 1 1 1 1 1 1 0 1 1 1 0 1 0 1 1 1 1 0 1 1 1 1 1 1 1 1 1 1 ",23.68184,0,
307,30,"0 1 0 0 1 1 0 1 0 0 0 1 0 0 0 0 0 1 1 1 1 1 0 0 0 1 1 1 1 1 ",11.64054,0.010624440386891365,
308,30,"1 1 1 1 1 1 1 1 1 1 1 1 1 1 1 1 1 1 1 1 1 0 1 1 0 1 1 1 1 1 ",20.21922,0,
309,30,"0 0 0 1 0 1 1 1 1 1 0 1 1 0 1 0 1 1 1 1 1 0 1 0 0 1 1 0 0 0 ",13.73876,0,
310,30,"1 1 1 1 1 1 1 1 1 1 1 1 0 1 0 0 0 1 1 1 0 1 1 0 0 1 1 0 0 0 ",13.002860000000002,0.008819580078125,
311,30,"0 1 0 0 1 0 1 1 0 1 0 0 0 0 0 0 1 0 0 1 0 1 1 1 0 1 0 1 0 0 ",8.88156,0,
312,30,"0 0 1 1 0 1 1 1 1 1 1 1 1 0 0 0 0 1 1 1 1 1 1 0 1 1 1 1 0 1 ",11.48184,0.0058305831626057625,
313,30,"1 1 0 1 1 1 1 1 1 1 1 0 1 1 0 1 1 0 0 0 0 0 0 0 1 1 0 1 0 1 ",10.38112,0,
314,30,"1 1 0 0 0 0 1 1 1 0 1 1 1 0 0 1 1 0 0 1 1 1 1 1 1 1 1 1 1 1 ",14.32424,0,
315,30,"1 1 0 1 0 0 1 1 1 1 0 0 1 1 0 0 1 0 0 1 0 0 0 1 1 0 1 1 0 0 ",9.3465,0,
316,30,"1 1 1 1 1 1 1 1 1 0 1 0 1 1 1 1 1 1 1 1 1 1 1 1 1 1 1 1 1 1 ",20.60514,0,
317,30,"0 1 0 0 1 1 0 0 0 0 0 1 0 1 0 0 0 0 0 0 1 1 1 1 0 0 1 0 0 0 ",4.31962,0.00040032024844549596,
318,30,"1 1 1 0 0 0 0 1 1 1 1 1 1 1 0 0 1 0 1 1 0 0 0 1 1 1 1 1 0 1 ",12.39072,0.004669204819947481,
319,30,"0 1 0 0 0 0 0 1 0 0 0 0 0 0 1 0 1 0 0 0 0 1 0 0 0 1 0 1 0 0 ",1.41564,0,
320,30,"0 1 0 1 0 0 0 1 0 0 0 0 1 1 0 1 0 0 1 0 1 0 1 1 0 0 0 0 0 0 ",5.6068,0.0062799276784062386,
321,30,"0 0 0 0 0 0 1 0 0 0 0 0 0 0 0 0 0 0 1 0 0 0 0 0 0 0 0 0 0 0 ",1.3875199999999999,0,
322,30,"0 0 1 1 1 1 1 1 1 1 1 0 1 1 0 1 1 0 1 1 1 1 1 1 1 1 1 1 1 1 ",17.848300000000002,0,
323,30,"1 1 1 1 1 1 0 0 1 1 1 1 1 1 1 1 1 0 1 0 1 1 1 0 1 0 1 0 1 0 ",14.96832,0.009382669813930988,
324,30,"0 0 0 0 0 0 0 0 0 0 1 0 1 0 0 0 0 0 0 0 0 0 0 0 0 1 0 0 0 0 ",1.41978,0,
325,30,"0 0 1 1 1 1 0 0 0 1 0 1 1 1 1 1 0 1 0 1 0 1 1 1 0 1 0 0 1 0 ",12.07294,0,
326,30,"1 1 1 1 1 1 1 1 1 1 1 0 1 1 1 1 1 1 1 0 1 0 0 0 1 1 1 0 1 1 ",20.58548,0,
327,30,"0 1 0 0 1 1 1 0 0 0 0 0 1 0 0 1 1 1 0 1 0 0 0 1 0 0 1 1 0 0 ",4.45216,0.011002670042216778,
328,30,"1 0 1 1 0 1 1 1 1 1 1 0 0 1 1 1 1 1 0 1 0 0 0 1 0 1 1 1 1 1 ",15.36976,0,
329,30,"1 0 0 0 0 1 1 0 1 0 0 0 0 1 0 1 0 0 0 0 1 0 0 1 0 0 0 0 1 0 ",5.2401800000000005,0,
330,30,"0 0 1 1 0 0 0 0 1 1 1 1 0 0 0 0 0 1 1 0 1 0 1 1 1 1 0 0 0 1 ",9.62762,0,
331,30,"1 1 1 1 1 1 1 1 1 1 1 1 1 1 1 1 1 1 1 1 1 1 0 0 1 1 1 1 1 1 ",19.45384,0,
332,30,"0 1 1 1 0 0 1 1 0 1 1 1 1 1 1 1 1 1 1 1 1 1 0 1 0 0 0 1 1 1 ",12.952119999999999,0,
333,30,"0 1 1 1 1 1 0 0 1 1 0 1 1 0 1 1 0 0 1 1 0 1 1 0 1 1 0 1 0 1 ",13.816139999999999,0,
334,30,"0 1 1 1 1 1 0 0 1 0 1 1 1 1 0 1 1 1 0 0 1 0 0 1 1 0 0 0 0 0 ",11.5139,0.01011946052312851,
335,30,"0 1 0 1 1 1 0 0 0 1 0 1 1 1 1 0 0 1 0 0 1 0 0 0 0 1 1 0 1 1 ",8.00078,0,
336,30,"1 1 1 1 1 1 1 1 0 0 1 1 1 1 1 1 1 0 0 0 0 0 1 0 1 0 1 1 1 0 ",12.77038,0.00800394732505083,
337,30,"1 1 1 0 0 1 0 1 1 0 1 0 0 1 0 0 1 0 1 0 0 1 1 1 0 0 1 1 0 1 ",10.145199999999999,0.0073410035111010075,
338,30,"1 0 1 1 0 1 1 1 1 1 1 1 1 1 1 1 0 1 1 1 1 1 0 0 1 1 1 1 0 1 ",20.46406,0,
339,30,"0 1 0 0 1 1 0 1 1 0 1 1 1 0 1 1 1 1 0 1 1 0 1 1 1 0 0 1 0 0 ",12.70156,0,
340,30,"1 0 0 1 1 1 0 1 1 0 0 0 0 0 0 0 0 1 1 1 1 0 0 1 0 0 1 1 1 1 ",9.3599,0.012343762442469597,
341,30,"1 1 1 1 1 1 1 1 1 1 1 1 1 1 1 1 0 1 1 1 1 1 1 1 1 1 1 1 1 1 ",23.355439999999998,0,
342,30,"0 0 0 1 1 1 1 1 1 1 1 1 0 0 1 1 1 0 1 1 1 1 1 1 0 0 1 1 0 0 ",15.537799999999999,0,
343,30,"1 1 1 1 1 1 1 1 1 1 1 0 0 1 1 1 1 0 0 1 1 1 0 1 1 1 1 1 1 0 ",21.29364,0,
344,30,"0 0 0 0 1 1 1 1 1 0 0 0 0 0 1 0 1 1 0 0 0 0 0 1 0 0 1 0 0 1 ",4.574479999999999,0,
345,30,"1 1 1 0 1 1 0 1 0 1 0 0 1 1 1 0 1 0 1 0 1 1 0 0 1 1 1 1 1 1 ",12.23008,0.004941860679537058,
346,30,"0 0 0 0 0 0 0 0 0 0 0 0 0 0 0 0 0 0 0 0 0 0 0 0 1 0 0 0 1 0 ",1.4381,0,
347,30,"1 1 1 1 1 1 1 0 1 1 1 1 1 1 1 1 1 1 1 1 1 1 1 1 1 1 1 1 1 1 ",17.995060000000002,0,
348,30,"1 1 1 0 1 1 1 1 1 0 1 1 1 0 1 1 1 1 1 1 1 1 1 1 1 1 1 0 1 1 ",18.98488,0,
349,30,"0 1 1 1 0 1 1 0 1 1 0 0 0 1 1 1 0 0 1 1 1 1 1 1 1 1 1 1 1 1 ",18.987479999999998,0,
350,30,"1 1 0 0 0 1 1 1 1 1 1 1 1 1 1 1 1 1 1 1 1 1 0 1 1 1 1 1 1 1 ",18.98708,0,
351,30,"1 1 1 1 1 1 0 1 1 1 1 1 0 1 1 0 1 1 1 1 1 0 1 1 1 1 1 1 0 1 ",21.4191,0,
352,30,"0 0 0 1 0 0 0 0 0 0 0 0 0 0 0 0 0 0 1 0 0 0 0 0 0 0 0 1 0 0 ",1.32958,0,
353,30,"1 1 1 1 1 1 1 1 1 1 0 1 1 1 1 1 1 0 1 1 1 1 1 1 1 1 1 0 1 1 ",15.62012,0,
354,30,"1 0 1 0 0 1 0 0 1 1 0 0 1 1 0 1 0 0 0 0 1 1 1 0 1 0 1 1 0 1 ",17.037860000000002,0.003708073403686285,
355,30,"1 1 1 1 1 1 1 1 0 1 1 1 1 1 0 1 1 1 1 1 1 1 1 1 1 1 1 1 1 1 ",21.047800000000002,0,
356,30,"0 1 1 0 1 1 1 0 0 1 1 0 1 0 0 0 0 0 0 0 1 1 1 1 0 1 0 1 0 1 ",10.95172,0.01451117917895317,
357,30,"0 0 0 0 0 0 1 1 0 0 0 0 1 1 0 0 0 1 0 0 1 1 0 0 0 1 1 0 1 0 ",4.29434,0.010465969331562519,
358,30,"1 1 0 1 1 1 1 1 1 1 1 1 1 1 1 0 1 0 0 1 1 1 1 1 1 1 1 1 1 1 ",16.90612,0,
359,30,"1 1 0 0 1 1 1 0 0 0 0 1 1 1 0 1 1 1 0 0 0 0 1 0 0 0 1 0 0 1 ",8.56198,0,
360,30,"0 0 1 1 1 0 1 1 1 1 1 1 1 1 0 1 1 1 0 1 1 1 1 1 1 1 0 1 1 1 ",21.4006,0,
361,30,"1 0 0 1 1 1 0 1 1 1 1 0 0 1 0 1 0 1 1 1 0 0 1 1 0 0 0 0 1 1 ",17.51428,0,
362,30,"0 0 0 1 1 0 1 0 1 1 0 1 1 0 0 0 0 1 1 0 1 1 1 1 0 0 1 1 0 1 ",10.10806,0.002059810794889927,
363,30,"1 1 1 1 1 1 1 1 1 1 1 1 1 1 1 1 1 1 1 1 1 1 1 1 1 0 1 1 1 1 ",21.0777,0,
364,30,"1 1 0 1 1 0 1 1 1 1 1 1 1 0 1 1 1 1 0 0 1 1 0 1 0 0 1 0 1 1 ",16.713,0.0064710406586527824,
365,30,"1 0 1 1 1 1 1 1 1 0 1 1 1 1 1 1 1 1 1 1 1 1 1 1 1 1 1 1 1 1 ",18.793960000000002,0,
366,30,"0 1 1 1 1 1 1 1 1 1 1 1 1 1 1 1 1 1 1 1 1 1 1 1 1 1 1 1 1 1 ",24.3169,0,
367,30,"0 0 0 1 1 1 1 1 0 0 1 0 1 1 1 1 1 1 1 1 1 1 1 1 0 0 1 1 0 1 ",16.94612,0.008948336355388165,
368,30,"1 0 1 1 0 1 0 1 1 1 0 1 1 0 0 1 1 1 1 1 1 0 1 1 0 0 1 1 1 1 ",12.0116,0.006941484287381172,
369,30,"0 1 0 1 0 1 0 0 0 1 0 0 0 0 1 0 1 0 0 0 0 0 1 1 1 0 1 0 0 1 ",15.97036,0,
370,30,"1 0 0 0 0 0 0 1 0 1 1 1 0 0 0 1 1 0 0 0 1 1 0 1 0 1 1 0 1 0 ",5.46368,0.029446177184581757,
371,30,"1 1 0 1 1 1 1 1 1 0 1 1 1 1 1 1 1 1 1 1 1 1 1 1 1 1 1 1 1 1 ",17.43208,0,
372,30,"1 1 1 1 1 1 1 1 1 1 1 1 1 1 0 1 1 1 1 1 1 1 1 1 1 1 1 1 1 1 ",16.66336,0,
373,30,"0 1 1 1 1 1 1 1 1 1 1 0 1 0 1 0 1 1 1 1 0 1 1 1 1 1 1 1 1 0 ",18.10212,0,
374,30,"1 1 1 1 1 1 1 1 1 1 1 1 1 1 1 1 1 1 1 1 1 1 0 1 1 1 1 1 1 1 ",18.92208,0,
375,30,"1 1 1 1 1 1 1 1 1 1 1 1 1 1 1 1 1 1 1 1 1 0 1 1 1 1 1 1 1 1 ",28.551940000000002,0,
376,30,"1 1 1 1 1 0 1 0 0 0 1 1 1 1 1 0 1 0 0 1 1 1 1 0 0 1 0 1 1 1 ",19.57872,0.006886942777782679,
377,30,"1 0 1 1 1 1 1 1 1 1 0 1 1 0 0 1 1 0 0 1 0 1 0 0 1 1 0 1 0 1 ",16.77966,0.012795344926416874,
378,30,"1 1 0 1 0 1 0 1 1 0 1 0 1 1 0 0 1 1 1 1 0 1 1 0 0 1 1 0 1 0 ",16.31806,0.007420368958264589,
379,30,"1 1 1 1 0 1 1 1 1 1 1 1 0 1 1 1 1 1 1 1 1 1 1 1 1 1 1 1 0 1 ",23.673840000000002,0,
380,30,"1 1 0 1 1 1 1 1 1 1 1 1 1 1 1 1 1 1 1 1 1 1 1 1 1 1 1 1 1 1 ",22.864240000000002,0,
381,30,"1 0 1 0 1 1 1 0 1 1 0 0 1 1 1 1 0 1 0 1 1 1 1 0 1 0 0 1 0 0 ",16.93262,0.01770888641476631,
382,30,"0 0 0 0 0 0 0 1 1 0 0 1 1 1 1 0 1 0 0 1 0 1 0 1 1 1 0 0 1 1 ",10.55552,0,
383,30,"0 0 1 1 1 0 1 1 0 0 1 0 1 1 1 0 0 0 0 1 0 0 0 1 1 1 0 0 1 0 ",9.28644,0.005807058420032263,
384,30,"1 0 1 0 0 0 0 0 1 0 0 1 0 1 1 1 0 1 0 1 0 1 0 1 0 0 0 1 1 0 ",12.2484,0,
385,30,"0 1 1 1 1 1 1 0 1 0 0 1 0 1 1 1 1 1 0 1 0 0 1 0 0 1 1 1 1 1 ",17.81286,0,
386,30,"0 0 1 0 0 1 0 0 0 0 0 0 0 0 0 0 0 0 0 1 0 1 0 0 0 0 0 1 0 0 ",1.35138,0,
387,30,"0 0 0 0 0 1 0 1 0 0 1 0 0 0 0 1 0 0 1 0 1 1 1 1 0 0 0 0 1 0 ",6.34362,0.01010668184608221,
388,30,"0 0 1 0 0 0 0 1 0 0 0 0 0 0 0 0 0 0 0 0 0 0 0 0 0 0 0 0 0 0 ",1.44594,0,
389,30,"1 0 1 1 0 1 1 0 1 1 1 0 1 1 0 0 1 1 0 1 1 0 0 1 1 0 1 1 0 0 ",12.08374,0.002517462708055973,
390,30,"1 1 1 1 1 1 1 1 0 1 1 1 1 1 1 1 1 1 1 1 1 0 1 1 1 1 1 1 1 0 ",13.63654,0,
391,30,"1 1 1 1 1 1 1 1 1 0 1 1 1 1 1 1 1 1 1 1 0 1 1 1 1 1 1 1 1 1 ",21.5581,0,
392,30,"0 1 0 0 0 1 1 0 1 0 0 0 0 0 0 1 1 0 1 0 0 1 1 0 1 1 1 1 0 0 ",13.99488,0.008567100390791893,
393,30,"1 1 0 1 0 1 0 1 1 1 0 1 0 1 1 1 0 1 1 1 1 0 1 1 1 1 1 0 1 1 ",14.14086,0.0004829751269426197,
394,30,"0 0 1 1 1 1 1 1 0 1 1 1 0 0 0 0 0 1 1 1 0 1 0 0 1 1 1 1 0 0 ",10.04336,0.021667107939720154,
395,30,"0 1 1 1 0 0 1 0 1 0 0 0 0 0 0 1 0 0 1 0 1 1 1 0 1 0 0 0 0 0 ",8.0969,0.03321496769785881,
396,30,"0 0 1 0 1 0 0 1 0 1 1 1 1 1 1 1 1 1 1 1 1 0 0 0 1 1 0 0 0 0 ",12.20904,0,
397,30,"0 0 0 0 0 0 0 0 0 0 0 0 0 0 0 1 0 0 1 0 1 0 1 1 1 0 0 0 0 0 ",1.51106,0,
398,30,"1 0 0 0 0 1 1 1 0 1 1 1 1 1 1 1 0 1 0 0 1 1 0 1 0 0 1 1 1 0 ",15.717339999999998,0,
399,30,"1 1 0 0 1 1 0 0 0 1 0 1 1 1 0 1 1 0 0 1 0 1 1 0 0 1 1 0 1 0 ",13.0722,0.00059036526363343,
400,30,"0 1 0 0 0 0 0 0 1 0 0 0 0 0 0 0 0 1 0 1 0 0 0 0 0 1 0 0 0 0 ",1.34422,0,
401,30,"0 1 1 0 1 1 1 1 1 1 0 0 0 0 1 1 1 1 1 1 0 1 1 1 1 1 1 1 1 1 ",15.10282,0,
402,30,"0 0 0 1 1 0 0 0 1 0 0 0 1 1 1 0 0 0 0 0 1 0 1 1 1 0 1 0 1 1 ",9.530800000000001,0.022845152765512466,
403,30,"1 1 0 1 1 1 1 1 0 1 0 1 1 1 1 0 1 1 1 1 1 1 1 1 1 1 1 1 0 1 ",17.1714,0,
404,30,"0 0 0 0 1 1 0 0 1 1 0 0 1 1 1 0 1 0 1 0 1 1 1 0 1 1 1 1 0 1 ",10.52874,0.008448753505945206,
405,30,"1 1 1 1 1 1 1 1 1 1 1 1 1 1 1 1 1 1 1 1 1 1 1 1 0 1 1 1 1 1 ",16.88278,0,
406,30,"0 1 0 1 1 0 0 0 0 1 0 1 1 0 1 1 0 0 0 1 1 0 1 0 1 1 1 0 0 1 ",9.942,0.018597468733787537,
407,30,"1 1 0 1 1 1 1 1 1 0 1 1 1 1 1 0 1 0 1 0 1 1 0 1 1 1 1 1 1 1 ",21.7301,0.002383832586929202,
408,30,"1 1 1 1 0 0 1 1 1 1 0 1 1 1 1 1 1 1 0 1 1 1 1 1 1 1 1 1 1 1 ",15.0535,0,
409,30,"1 0 0 0 0 1 1 0 0 1 1 1 1 0 1 1 1 1 1 1 1 1 1 0 0 1 1 1 1 0 ",16.907919999999997,0,
410,30,"0 0 0 0 0 0 0 0 0 1 0 0 0 0 0 0 0 0 0 0 0 0 0 0 0 0 0 0 0 0 ",1.43438,0,
411,30,"0 1 0 0 1 1 0 0 1 1 1 1 1 1 0 1 0 0 0 1 1 0 1 0 1 0 0 0 0 1 ",15.83702,0,
412,30,"0 0 0 0 1 1 0 0 0 0 0 1 1 0 0 0 1 1 0 0 1 0 0 0 1 0 0 0 0 0 ",1.34926,0,
413,30,"1 0 1 1 1 1 0 1 1 1 0 0 0 0 1 0 0 0 1 0 1 1 1 1 0 1 1 1 1 0 ",16.56488,0.0002707092498894781,
414,30,"0 1 1 1 1 0 0 0 1 0 1 0 0 0 0 1 1 1 1 0 0 0 0 1 1 0 0 0 1 0 ",9.77844,0,
415,30,"0 0 0 0 0 0 0 0 0 0 0 1 0 0 0 0 0 0 0 1 0 0 0 0 0 0 1 0 0 0 ",1.3794,0,
416,30,"1 0 1 1 0 1 1 1 1 1 1 1 1 1 0 1 1 1 0 0 1 1 1 0 1 1 1 0 0 1 ",12.093340000000001,0,
417,30,"0 0 1 1 1 1 0 0 0 1 1 0 0 0 1 1 1 1 1 0 1 1 0 1 1 0 0 0 0 1 ",8.67244,0,
418,30,"1 0 1 0 1 0 0 0 1 0 0 1 0 0 0 0 0 0 0 0 1 0 0 1 1 0 1 0 0 0 ",5.120900000000001,0,
419,30,"1 1 0 1 1 0 1 1 1 1 1 0 0 0 0 0 0 0 0 1 1 1 0 1 1 0 1 1 1 1 ",12.13268,0.0036282732617110014,
420,30,"0 1 0 1 0 1 0 0 0 1 1 0 0 0 0 1 1 1 0 1 1 1 0 1 0 0 1 0 1 1 ",9.20856,0.011548269540071487,
421,30,"1 1 1 1 1 1 0 1 1 1 1 1 1 1 1 0 0 1 0 1 1 1 0 0 1 1 1 1 0 1 ",16.12732,0.0032430002465844154,
422,30,"1 1 0 1 0 0 0 1 1 0 1 0 1 1 1 1 1 1 1 1 1 0 0 0 1 1 1 1 1 0 ",14.06368,0,
423,30,"0 0 0 0 0 0 0 0 0 0 0 0 0 0 0 0 0 0 1 0 0 0 0 0 0 0 1 0 1 0 ",1.44846,0,
424,30,"1 1 0 1 1 0 1 1 1 0 1 1 0 1 1 0 0 1 1 1 0 0 1 0 1 1 0 1 1 1 ",22.3191,0,
425,30,"0 0 0 1 1 1 1 1 1 1 1 0 1 0 0 1 1 0 1 0 1 0 0 0 0 1 0 0 0 1 ",18.04334,0.009422254748642445,
426,30,"1 1 0 1 0 0 1 0 0 1 1 1 1 1 1 0 0 1 0 0 1 1 0 1 1 0 0 1 0 0 ",14.17386,0.00684604374691844,
427,30,"0 0 0 0 0 1 1 1 0 0 0 1 1 1 0 0 1 0 0 0 0 0 1 1 1 0 0 1 1 0 ",9.29688,0.022606313228607178,
428,30,"1 0 0 1 0 1 1 0 1 1 1 1 1 1 1 1 0 0 1 1 1 1 1 1 1 1 0 1 1 1 ",20.5839,0.00964436400681734,
429,30,"1 1 1 1 1 1 1 1 1 1 0 0 0 1 1 0 1 0 1 1 1 1 1 0 1 0 1 1 1 1 ",17.482300000000002,0,
430,30,"0 0 0 0 0 0 0 0 1 0 0 0 0 0 0 1 0 0 0 0 0 0 0 0 1 0 0 0 0 1 ",1.43652,0,
431,30,"0 1 1 0 0 0 1 1 1 0 1 1 1 1 1 1 0 1 1 0 1 0 1 1 0 1 1 0 1 0 ",13.67774,0,
432,30,"0 0 0 0 0 0 0 0 0 0 0 0 0 0 0 0 0 0 0 0 0 1 0 0 0 0 0 0 0 0 ",1.4078,0,
433,30,"1 0 1 1 1 0 0 1 1 1 1 1 1 0 1 1 1 0 1 1 1 0 1 1 0 1 1 1 0 1 ",16.15938,0,
434,30,"0 0 0 0 1 0 1 1 0 0 1 0 0 1 0 0 0 1 0 0 0 0 0 0 0 0 0 0 0 0 ",1.50756,0,
435,30,"0 1 0 1 0 1 1 1 1 1 1 1 0 0 1 0 0 1 1 0 0 0 0 1 0 0 1 0 1 0 ",11.92028,0,
436,30,"1 1 1 1 0 1 0 1 1 1 1 0 1 1 1 1 1 0 1 0 1 0 1 1 1 1 0 0 0 1 ",18.26798,0,
437,30,"0 0 1 1 0 1 0 1 1 1 1 1 1 0 1 1 0 1 0 0 0 1 1 1 1 1 0 1 0 1 ",19.9613,0,
438,30,"1 1 1 1 1 1 1 1 1 1 1 1 1 1 1 1 1 1 1 1 1 1 1 1 0 1 1 1 1 1 ",19.796860000000002,0,
439,30,"1 1 1 1 1 1 1 1 0 1 1 1 1 1 1 1 0 1 0 1 1 1 1 1 1 1 1 1 1 1 ",22.950499999999998,0,
440,30,"1 1 0 0 0 0 0 0 0 1 0 0 0 1 0 0 1 0 1 1 1 1 0 1 0 0 1 0 1 1 ",6.94054,0,
441,30,"0 0 0 0 0 0 0 0 0 1 0 0 0 0 0 0 0 0 0 0 0 0 0 0 1 0 0 0 0 0 ",1.35474,0,
442,30,"1 1 0 1 0 1 1 0 0 0 1 1 1 1 0 1 0 1 1 1 1 0 1 1 1 0 1 1 1 1 ",15.553460000000001,0,
443,30,"0 0 0 1 1 1 0 1 1 0 1 1 1 0 1 1 1 1 1 1 1 0 1 0 0 1 1 0 1 0 ",12.3722,0.004372376017272472,
444,30,"0 1 1 1 1 1 1 1 1 1 1 1 1 1 1 1 1 1 1 1 1 0 1 1 1 1 1 1 1 1 ",17.755580000000002,0,
445,30,"0 0 1 0 1 0 1 1 1 1 1 0 1 0 1 0 1 0 1 0 1 0 0 1 0 1 0 1 0 1 ",12.74534,0.00523728970438242,
446,30,"1 1 1 1 1 0 1 1 1 1 1 1 1 1 1 1 0 1 1 1 1 1 1 1 0 1 1 1 1 0 ",16.547980000000003,0,
447,30,"1 0 0 0 0 1 0 0 0 0 0 0 0 0 0 0 0 1 0 0 0 0 1 0 0 0 0 0 0 1 ",1.35398,0,
448,30,"0 0 0 1 0 0 0 1 0 1 1 1 0 1 0 0 0 1 0 0 0 1 0 0 0 1 1 1 1 1 ",10.86834,0.01220061257481575,
449,30,"1 1 1 0 0 0 0 0 1 0 1 0 1 1 0 0 0 0 1 0 0 1 0 0 0 0 0 1 0 0 ",2.64758,0,
450,30,"1 0 0 1 0 0 0 1 1 0 0 0 0 0 0 1 0 0 0 0 1 1 1 0 0 0 0 0 0 0 ",5.09384,0.0077095250599086285,
451,30,"0 1 1 1 0 1 1 0 1 0 0 1 0 1 0 1 0 0 0 0 1 0 0 0 1 0 1 0 0 0 ",6.6619399999999995,0.02121354639530182,
452,30,"0 0 1 0 0 1 1 1 1 1 1 1 1 0 0 0 1 1 1 0 1 0 0 0 1 1 1 0 1 1 ",13.07614,0.001142814988270402,
453,30,"0 1 0 1 1 1 0 1 0 0 1 1 0 1 1 0 0 0 1 1 1 0 0 0 1 0 1 1 1 0 ",9.70312,0.014288969337940216,
454,30,"0 0 1 1 0 0 1 1 1 0 1 1 0 1 0 1 1 0 0 1 1 0 0 0 0 0 0 1 1 0 ",10.701519999999999,0.0006796941161155701,
455,30,"1 0 0 0 0 0 0 0 0 0 1 1 0 1 1 0 0 0 0 0 0 0 0 0 0 0 1 0 0 0 ",1.4257,0,
456,30,"0 0 1 0 0 1 1 0 0 1 0 1 0 0 0 0 0 0 0 0 1 0 0 0 0 0 0 0 0 0 ",1.34054,0,
457,30,"0 1 1 1 1 0 1 1 1 1 1 0 0 1 0 1 1 0 0 1 0 0 1 0 0 1 1 0 1 1 ",14.167840000000002,0,
458,30,"0 1 1 0 0 0 0 0 0 0 0 0 0 0 0 1 0 1 1 0 0 1 0 0 1 0 0 0 0 0 ",11.06692,0,
459,30,"1 0 1 0 0 0 1 1 1 0 0 1 1 1 1 1 1 1 1 1 1 1 0 0 1 1 1 0 1 1 ",17.10342,0.005249818786978722,
460,30,"1 1 1 1 1 1 1 1 1 1 1 1 1 0 1 1 1 1 1 1 1 1 0 1 1 1 1 1 1 1 ",18.91388,0,
461,30,"1 0 1 1 0 1 0 1 1 0 0 0 1 1 1 0 0 1 1 0 0 1 1 0 0 1 1 0 0 1 ",9.26104,0.00842446368187666,
462,30,"0 1 0 0 1 1 0 1 0 1 1 1 0 1 1 1 1 0 1 1 1 1 0 0 1 1 1 0 1 1 ",12.2204,0,
463,30,"0 1 0 0 1 1 1 1 1 1 0 1 1 0 1 1 1 1 0 1 0 0 1 0 1 1 0 0 1 1 ",13.41712,0,
464,30,"1 1 0 1 1 1 1 1 1 1 0 1 1 1 1 0 0 1 1 1 0 0 0 0 0 0 0 1 1 1 ",13.736699999999999,0.009185506962239742,
465,30,"1 0 1 1 1 1 0 1 0 1 1 1 1 1 1 1 1 1 0 1 0 0 0 0 1 1 1 1 1 0 ",13.68204,0.0032554101198911667,
466,30,"1 1 1 1 1 1 1 1 1 1 1 1 1 1 1 1 1 1 1 1 1 1 1 1 1 1 1 1 0 1 ",19.82818,0,
467,30,"0 1 0 1 1 1 1 1 1 1 1 1 1 1 1 1 1 1 1 1 1 0 1 1 1 1 1 0 0 0 ",12.27518,0,
468,30,"1 1 1 0 0 0 1 1 0 1 1 1 0 0 1 0 1 0 0 1 1 0 0 0 0 1 0 0 1 0 ",10.77524,0,
469,30,"1 1 1 1 1 1 1 0 0 1 1 1 1 0 1 0 1 1 1 1 1 0 0 1 0 1 0 1 1 1 ",17.73356,0.0020336145535111427,
470,30,"1 1 1 0 0 1 0 0 1 1 0 0 1 0 1 1 1 1 1 0 0 0 1 1 1 0 0 1 0 0 ",12.30536,0.0036412966437637806,
471,30,"0 1 1 1 0 1 0 1 0 0 0 0 1 1 1 0 0 0 1 0 1 0 0 0 1 1 0 0 0 0 ",5.73088,0,
472,30,"1 1 1 0 1 1 1 1 1 1 1 0 1 1 1 1 1 1 1 1 1 1 1 1 1 1 1 1 1 1 ",30.654719999999998,0,
473,30,"0 0 0 1 1 1 0 1 1 0 0 0 0 1 0 1 0 1 0 0 1 1 0 1 1 0 0 1 0 0 ",12.7287,0.02330872230231762,
474,30,"1 1 0 0 1 0 0 1 1 0 1 1 0 0 1 1 0 1 1 1 0 0 1 1 0 1 0 1 1 0 ",14.38948,0.0012320473324507475,
475,30,"1 0 0 1 1 1 0 0 1 1 0 1 1 0 0 0 1 0 1 1 1 1 1 0 1 1 1 1 1 0 ",16.503700000000002,0,
476,30,"1 1 1 1 1 1 1 0 1 1 1 1 1 1 1 1 1 1 0 1 1 0 1 0 1 1 1 1 1 1 ",17.11398,0,
477,30,"0 1 0 1 1 1 0 1 1 1 0 0 1 0 0 0 0 1 0 1 0 1 1 1 0 0 1 0 1 0 ",9.52642,0.006621991284191608,
478,30,"0 0 1 1 1 1 0 1 0 1 1 1 0 0 1 0 0 0 0 1 0 0 1 1 0 0 1 0 0 1 ",8.0037,0.005456899758428335,
479,30,"0 1 1 0 1 1 0 1 0 1 1 0 1 1 1 1 1 1 0 1 1 0 1 1 1 1 1 1 1 1 ",12.311679999999999,0,
480,30,"1 1 1 1 0 0 1 0 1 1 1 0 1 1 1 1 1 1 1 0 1 1 1 1 1 1 0 0 1 1 ",14.8994,0.0030680173076689243,
481,30,"0 0 0 0 0 0 1 0 0 0 0 0 1 0 0 1 0 1 0 0 0 1 0 0 0 1 0 0 1 0 ",3.99158,0,
482,30,"1 1 0 1 1 1 1 1 0 0 1 1 1 1 1 1 1 0 0 1 0 1 0 1 0 1 1 1 1 1 ",14.17274,0.01226457767188549,
483,30,"1 1 1 1 1 0 0 0 1 1 0 1 1 1 1 1 0 1 0 1 1 0 0 1 1 1 1 1 1 1 ",13.2904,0,
484,30,"1 0 0 1 0 0 1 0 1 0 1 0 0 1 0 1 0 0 1 1 1 1 0 0 1 1 1 1 0 1 ",11.348180000000001,0.002478314796462655,
485,30,"1 1 1 1 1 1 1 1 1 1 0 1 1 1 1 1 1 1 0 1 1 1 1 0 1 1 1 1 1 0 ",23.77866,0.0022174352779984474,
486,30,"0 1 1 1 1 1 1 1 1 1 1 1 1 1 1 1 1 1 1 1 1 1 0 0 1 1 1 1 0 0 ",18.4238,0,
487,30,"1 1 1 1 1 1 1 1 1 1 1 0 1 1 1 1 1 1 1 1 1 1 1 0 1 1 1 1 1 1 ",20.7055,0,
488,30,"1 1 0 1 0 1 1 0 1 0 1 1 1 1 1 1 1 1 1 1 1 1 1 1 1 1 1 1 1 0 ",14.09654,0,
489,30,"1 1 1 1 1 1 1 1 1 0 1 0 0 0 1 1 1 0 1 0 1 0 0 0 0 1 1 0 0 0 ",11.88442,0.0025250730104744434,
490,30,"0 1 0 0 1 0 1 0 0 0 0 1 0 0 0 0 0 0 0 0 0 0 0 0 0 0 0 0 1 0 ",1.3889,0,
491,30,"1 1 1 0 0 1 1 1 1 1 0 0 1 1 1 1 1 1 1 1 0 1 0 0 0 0 1 0 1 0 ",16.17182,0.0006054185214452446,
492,30,"1 1 1 1 1 0 1 1 1 1 1 1 1 1 1 1 1 1 1 1 1 1 1 1 1 1 1 1 0 1 ",17.98708,0,
493,30,"0 1 1 1 1 1 1 1 1 0 1 0 1 1 1 0 0 0 1 0 0 1 0 1 0 0 1 1 1 1 ",11.38242,0,
494,30,"0 0 0 1 0 1 1 0 0 0 0 1 0 0 1 0 1 0 0 0 0 1 1 0 0 1 0 0 1 1 ",1.3631199999999999,0,
495,30,"1 0 1 0 0 1 0 1 1 1 1 1 1 1 0 0 1 0 1 0 0 1 1 1 1 1 0 1 1 1 ",12.34994,0.01183261163532734,
496,30,"1 1 1 0 0 0 0 0 0 1 0 0 0 0 0 1 0 1 0 0 1 0 1 0 0 0 0 0 0 0 ",4.5601199999999995,0,
497,30,"1 0 1 0 0 0 0 0 1 0 0 0 1 0 1 1 0 0 1 1 0 0 0 0 0 0 0 0 0 0 ",1.62364,0.008912386372685432,
498,30,"1 1 1 1 1 1 1 1 1 1 1 1 1 1 1 1 0 0 0 1 1 1 0 1 0 1 1 1 0 1 ",16.3903,0,
499,30,"0 0 1 0 0 0 1 1 0 0 0 1 0 1 0 0 1 0 1 0 0 0 0 1 0 1 0 1 0 0 ",7.82646,0,
500,30,"1 0 1 0 0 1 0 0 0 0 0 0 0 0 0 1 0 1 0 0 0 0 1 0 1 0 0 0 1 0 ",1.67944,0.007502453867346048,
