ID,n,Result vector,Average Runtime [ms],Number of steps,Epsilon,Number of unsatisfied clauses,Best configuration found at,Result Label
1,50,"0 1 1 1 1 1 1 1 1 1 1 1 1 1 1 1 1 0 1 1 0 0 1 0 1 1 1 1 0 0 0 1 1 1 1 1 1 1 0 1 1 1 0 0 1 0 1 0 1 0 ",303.0307,35000,0,0,33406,0.7;50M
10,50,"1 1 0 0 1 1 1 1 1 0 1 1 1 0 1 1 0 1 1 1 0 1 1 1 1 1 1 0 0 1 1 0 1 1 1 0 0 0 1 1 0 1 0 1 0 1 1 1 1 1 ",333.1639,37500,0,0,35375,0.7;50M
100,50,"1 1 0 0 1 1 0 1 1 0 1 1 1 1 1 1 1 1 0 1 1 1 1 0 1 1 1 1 1 1 0 1 1 0 0 0 0 0 0 0 1 1 1 1 0 1 1 1 1 1 ",299.7854,35000,0,0,30732,0.7;50M
1000,50,"1 1 1 0 1 0 1 0 1 1 1 1 0 0 0 1 1 0 1 1 1 1 0 1 1 1 1 1 0 1 0 1 1 1 1 0 1 1 1 1 1 1 1 1 1 0 1 0 1 1 ",303.9466,35000,0,0,15435,0.7;50M
101,50,"1 1 1 1 0 1 1 1 1 1 1 1 0 1 1 1 1 0 1 0 0 0 1 0 1 1 1 0 1 0 1 1 1 1 0 1 1 1 1 1 1 1 0 0 1 1 1 1 0 1 ",304.7883,35000,0,0,22693,0.7;50M
102,50,"1 1 1 0 0 1 1 0 0 1 1 1 1 1 1 0 1 0 1 1 1 1 1 1 1 1 1 0 1 1 0 0 0 1 1 1 0 1 1 1 1 1 1 0 1 0 1 1 1 1 ",325.0765,37500,0,0,35969,0.7;50M
103,50,"1 1 1 1 1 0 1 1 1 0 1 1 1 1 1 1 1 1 1 1 1 1 1 1 0 0 1 0 1 1 1 0 1 1 1 1 1 1 1 1 1 1 1 1 1 1 0 0 1 1 ",314.7669,37500,0,0,37220,0.7;50M
104,50,"0 0 1 1 0 1 0 1 1 1 1 1 1 0 1 1 1 1 0 0 1 1 0 0 1 1 1 1 0 1 1 0 1 1 0 0 1 1 1 0 0 0 1 0 1 1 1 1 1 0 ",299.3968,35000,0,0,31831,0.7;50M
105,50,"1 1 0 0 0 1 0 1 1 1 1 1 1 1 0 1 1 1 0 1 1 0 1 0 1 1 0 1 0 1 1 1 1 1 1 1 1 0 1 1 1 0 1 0 1 1 1 1 1 0 ",326.967,37500,0,0,34186,0.7;50M
106,50,"1 1 1 1 1 1 0 1 1 0 0 1 1 1 1 1 0 1 1 0 1 1 1 1 0 1 1 0 1 0 0 1 1 1 0 1 1 1 1 1 1 0 1 1 0 1 1 1 1 1 ",325.6827,37500,0,0,36232,0.7;50M
107,50,"1 1 1 1 0 1 1 0 1 1 1 0 1 1 0 1 0 1 0 1 1 1 1 1 1 1 1 1 1 1 1 1 1 1 1 1 1 1 1 0 1 1 1 0 0 0 1 1 1 1 ",295.5072,35000,0,0,30548,0.7;50M
108,50,"1 0 1 1 0 1 1 1 0 1 0 1 1 1 1 1 1 1 0 0 0 1 1 1 0 1 1 1 1 1 1 1 1 1 0 0 1 1 0 1 1 0 0 1 0 1 0 1 1 1 ",302.1818,35000,0,0,31905,0.7;50M
109,50,"0 0 0 1 0 0 1 1 0 1 1 1 1 0 1 1 1 1 1 1 0 1 1 1 0 1 1 1 1 1 1 1 1 1 0 0 1 1 1 0 1 1 1 0 1 1 1 1 1 0 ",329.6384,37500,0,0,36840,0.7;50M
11,50,"0 1 1 1 1 0 1 1 1 1 1 1 1 1 1 1 0 1 1 1 0 1 1 0 0 0 1 1 1 1 0 1 1 1 0 1 1 1 1 1 1 1 0 0 1 0 1 0 0 1 ",315.3045,37500,0,0,34246,0.7;50M
110,50,"0 1 1 1 0 1 0 0 1 0 1 1 0 1 0 1 0 1 1 1 1 1 1 0 1 0 0 1 1 1 1 1 0 1 1 1 1 1 1 1 1 1 0 1 1 1 1 1 1 1 ",327.7554,37500,0,0,30619,0.7;50M
111,50,"1 0 1 1 1 1 1 1 1 1 1 1 1 1 1 1 1 0 1 0 0 0 0 0 1 0 1 1 1 1 1 0 0 1 1 0 0 1 1 1 1 0 0 0 1 1 1 1 0 1 ",291.3766,35000,0,0,33717,0.7;50M
112,50,"1 1 0 1 1 0 0 1 1 0 1 1 1 1 1 1 0 1 0 0 0 1 0 1 0 0 0 1 1 1 0 1 1 1 1 1 1 1 0 0 1 0 1 0 1 1 1 1 1 1 ",321.8516,37500,0,0,32555,0.7;50M
113,50,"1 0 0 1 1 0 0 0 1 1 1 0 1 1 1 0 1 1 0 1 1 1 1 1 0 1 1 1 1 0 1 1 1 1 1 1 1 1 1 1 0 1 0 1 1 0 1 0 0 1 ",298.5543,35000,0,0,29519,0.7;50M
114,50,"1 0 1 1 0 1 0 1 1 1 1 1 1 0 0 1 0 1 1 1 1 0 1 1 1 0 1 1 1 0 0 1 1 1 1 1 1 1 0 1 1 1 1 1 1 0 1 0 1 1 ",304.5886,35000,0,0,30739,0.7;50M
115,50,"0 1 1 1 1 1 0 0 1 1 1 0 0 1 1 1 0 1 0 1 0 1 1 1 0 1 1 1 1 1 0 0 0 1 0 1 1 1 1 1 0 1 1 1 1 0 0 0 0 1 ",299.9452,35000,0,0,32073,0.7;50M
116,50,"0 1 1 1 1 0 1 1 0 1 1 1 1 1 0 1 1 0 0 1 0 1 1 1 1 1 1 1 1 0 1 1 1 0 1 0 1 1 1 0 1 1 1 1 1 1 1 0 1 1 ",317.3503,37500,0,0,35670,0.7;50M
117,50,"0 1 1 1 0 1 1 1 1 1 1 0 0 1 1 1 1 0 0 1 0 1 1 1 1 1 1 1 1 1 1 1 1 1 1 0 1 1 1 1 1 1 0 1 1 1 1 1 1 1 ",321.9001,37500,0,0,32504,0.7;50M
118,50,"0 0 1 0 1 1 1 1 1 0 1 0 1 1 1 1 0 0 0 1 0 1 0 0 1 1 1 1 1 1 1 1 0 0 1 0 1 1 0 1 1 1 0 1 1 1 1 0 1 0 ",295.4464,35000,0,0,30112,0.7;50M
119,50,"0 0 1 1 0 1 0 1 1 0 1 0 0 1 1 1 1 0 0 1 1 0 1 1 1 1 0 1 1 1 0 1 1 1 0 1 1 1 1 1 1 1 0 1 1 0 1 1 0 1 ",301.3832,35000,0,0,32835,0.7;50M
12,50,"1 1 1 1 1 0 0 0 1 0 1 1 1 0 1 1 1 0 1 1 1 1 0 1 0 1 0 0 1 1 1 1 1 1 1 0 1 1 0 1 0 1 0 0 1 1 1 1 1 1 ",307.6806,35000,0,0,28943,0.7;50M
120,50,"1 1 1 0 1 0 0 1 0 1 1 0 0 1 0 0 1 0 1 0 1 0 0 0 1 1 0 1 0 0 1 1 0 1 1 1 1 1 1 1 0 1 1 1 0 1 1 1 1 0 ",315.1988,37500,0,0,31277,0.7;50M
121,50,"1 1 1 1 1 0 1 1 1 0 1 1 0 1 0 0 1 0 1 1 1 1 1 0 1 0 1 1 1 1 1 1 0 1 1 0 1 1 1 0 1 1 1 1 1 1 1 1 1 1 ",316.7257,37500,0,0,36736,0.7;50M
122,50,"1 1 1 1 1 1 1 0 0 1 1 1 1 0 1 0 1 0 0 1 0 1 1 0 1 1 0 1 1 1 1 0 0 0 1 1 1 0 1 0 1 1 0 1 0 1 0 1 0 1 ",325.4253,37500,0,0,34020,0.7;50M
123,50,"1 1 0 1 1 0 0 1 1 1 1 0 1 1 1 0 0 0 0 0 1 1 1 1 1 1 0 1 1 1 1 1 1 0 0 0 0 1 0 1 0 1 1 0 1 1 1 0 0 1 ",299.7515,35000,0,0,29767,0.7;50M
124,50,"0 1 0 1 1 1 1 1 0 1 0 0 0 1 1 0 1 1 1 1 0 1 0 0 1 1 0 1 1 0 1 1 1 1 1 0 1 0 1 1 1 1 1 1 0 1 0 1 1 0 ",293.8912,35000,0,0,32006,0.7;50M
125,50,"0 0 0 0 0 0 1 0 0 1 1 1 1 1 1 1 1 1 0 1 1 1 1 1 1 1 1 0 1 1 1 0 0 1 1 0 1 1 1 0 0 1 1 1 1 1 1 0 0 0 ",298.5519,35000,0,0,33999,0.7;50M
126,50,"0 1 0 0 1 1 1 0 1 0 1 1 0 1 0 1 1 0 1 1 0 0 1 0 0 1 0 1 1 1 0 1 1 0 1 0 1 1 1 1 0 1 0 1 1 0 0 0 0 1 ",319.2449,37500,0,0,34892,0.7;50M
127,50,"0 0 0 1 1 0 1 0 1 0 0 1 1 1 1 1 1 0 1 1 1 1 1 0 1 0 1 1 1 1 1 1 0 0 1 1 0 1 0 0 0 0 0 1 1 1 0 0 1 1 ",295.2995,35000,0,0,31629,0.7;50M
128,50,"1 0 1 0 1 1 1 0 1 1 0 1 0 1 1 1 1 1 0 0 0 1 1 0 1 1 1 1 1 1 1 1 0 0 0 1 0 0 1 1 1 1 1 1 1 0 1 1 1 0 ",352.2165,37500,0,0,33579,0.7;50M
129,50,"1 1 1 1 1 0 1 1 0 0 1 0 1 1 1 1 0 1 1 1 1 1 0 1 1 1 1 1 0 0 0 0 1 1 1 1 1 1 0 1 0 1 1 1 0 1 1 0 0 0 ",312.5611,35000,0,0,29815,0.7;50M
13,50,"1 1 1 1 1 0 1 0 1 0 1 0 1 0 1 0 1 1 1 1 0 1 0 1 0 0 1 1 0 1 1 1 0 1 1 0 1 1 0 1 1 1 1 1 1 1 1 1 0 0 ",323.1133,35000,0,0,33236,0.7;50M
130,50,"1 1 1 0 1 1 0 1 1 1 1 1 1 1 0 1 0 1 0 1 1 0 1 1 0 1 0 0 1 0 1 1 1 1 0 1 1 1 1 1 0 0 1 0 0 1 0 1 1 1 ",307.3179,35000,0,0,31402,0.7;50M
131,50,"1 0 1 1 0 1 0 0 1 0 1 1 1 1 0 0 1 1 1 1 0 1 1 1 1 1 0 0 1 1 1 1 0 0 1 0 1 0 1 1 1 1 1 1 1 0 1 1 0 1 ",331.6184,37500,0,0,32331,0.7;50M
132,50,"0 0 1 1 1 1 0 1 1 1 1 0 0 1 1 1 0 1 0 1 1 1 1 1 0 1 1 1 1 1 0 0 0 1 1 1 0 1 1 1 1 1 1 1 0 1 1 1 1 1 ",306.8227,35000,0,0,33631,0.7;50M
133,50,"1 0 0 1 1 0 1 1 1 0 1 1 1 0 1 1 1 1 1 0 1 1 1 0 1 1 1 1 0 0 0 1 0 1 1 1 1 1 1 0 0 1 1 0 1 0 0 1 0 1 ",318.7869,35000,0,0,32639,0.7;50M
134,50,"1 1 1 1 0 1 1 0 0 0 1 1 0 0 1 1 1 1 1 1 1 1 1 1 0 1 1 1 0 1 1 0 1 0 1 0 0 0 0 1 1 1 1 1 0 0 1 1 1 1 ",306.9907,35000,0,0,32550,0.7;50M
135,50,"1 1 1 1 0 1 1 1 1 1 1 1 1 1 1 0 0 1 1 1 1 1 1 1 1 0 1 1 1 1 0 0 1 1 1 1 1 0 1 1 1 1 1 0 1 1 0 1 1 0 ",331.4849,37500,0,0,34056,0.7;50M
136,50,"1 1 1 0 1 0 1 1 1 1 1 1 1 0 1 1 1 0 0 0 1 1 1 1 0 0 1 1 0 1 1 1 0 1 0 1 1 1 0 1 0 0 0 0 1 0 1 1 1 0 ",324.2738,37500,0,0,34057,0.7;50M
137,50,"0 1 1 1 0 1 1 1 1 1 0 1 1 1 0 1 0 1 1 1 1 0 1 0 0 1 1 1 1 1 1 1 0 0 0 0 1 1 1 0 0 1 0 1 0 1 0 1 1 0 ",314.7375,35000,0,0,34374,0.7;50M
138,50,"1 0 1 0 1 1 1 1 1 0 1 1 1 1 1 1 0 0 0 1 0 1 0 1 1 1 0 0 1 0 1 1 0 0 1 1 1 1 1 1 1 1 0 0 1 1 0 1 0 1 ",316.3864,35000,0,0,33217,0.7;50M
139,50,"0 0 1 1 0 1 1 1 1 1 0 1 1 1 1 0 0 1 0 1 0 1 1 1 0 1 1 1 0 1 1 1 1 1 1 1 1 0 1 0 1 1 1 1 1 1 1 1 1 1 ",364.0988,40000,0,0,30385,0.7;50M
14,50,"0 1 1 1 1 0 1 1 1 1 1 1 1 1 0 1 0 0 1 1 1 1 1 0 1 1 0 1 1 1 1 1 1 0 1 0 1 1 1 0 0 1 0 0 1 1 1 1 0 1 ",334.3997,37500,0,0,32135,0.7;50M
140,50,"1 0 0 1 1 1 0 1 1 1 0 1 0 1 1 1 1 1 1 1 1 0 1 1 1 0 0 1 1 1 1 0 1 1 1 0 1 1 1 1 1 1 1 1 1 1 1 1 0 1 ",325.4315,37500,0,0,34194,0.7;50M
141,50,"1 1 0 0 1 1 1 1 0 0 1 1 1 1 1 0 1 1 1 1 0 1 0 1 1 1 1 1 1 0 1 1 1 0 1 0 0 1 1 0 1 0 1 1 1 1 0 1 0 1 ",301.5961,35000,0,0,30565,0.7;50M
142,50,"1 1 0 1 0 1 1 1 1 1 1 1 1 1 0 1 1 0 0 1 1 0 1 1 1 1 0 0 1 1 1 1 1 1 0 0 1 1 1 1 1 1 0 1 0 1 1 0 1 1 ",301.6504,35000,0,0,32648,0.7;50M
143,50,"1 0 0 0 1 1 1 0 1 1 0 0 1 1 0 1 1 1 1 0 1 1 1 0 1 1 0 1 1 1 0 1 1 1 1 0 0 1 1 0 1 1 1 1 1 1 0 1 1 1 ",327.1407,37500,0,0,29360,0.7;50M
144,50,"1 0 0 1 1 1 1 1 1 0 1 1 1 1 0 0 1 1 0 1 1 0 0 1 1 0 1 1 0 1 1 1 1 1 1 1 1 1 0 1 0 0 0 0 1 1 0 1 1 1 ",299.8085,35000,0,0,33093,0.7;50M
145,50,"1 1 1 0 0 0 1 0 1 0 1 0 1 1 0 1 1 0 1 1 0 1 0 1 1 1 1 1 0 1 1 1 1 1 1 1 1 1 1 1 1 1 1 1 1 0 1 1 0 1 ",320.6766,37500,0,0,36976,0.7;50M
146,50,"1 1 1 1 1 1 1 0 0 1 0 0 1 1 1 0 1 1 1 1 1 1 1 1 0 0 1 1 0 1 0 1 0 1 1 0 0 1 1 1 1 1 1 1 1 1 0 1 1 1 ",312.6556,35000,0,0,30239,0.7;50M
147,50,"1 1 0 1 0 0 1 1 1 1 1 1 1 1 1 1 1 1 1 1 0 1 1 1 1 0 1 0 1 0 0 0 1 1 1 0 1 1 1 1 0 0 0 1 1 1 1 1 1 1 ",331.0194,37500,0,0,35855,0.7;50M
148,50,"1 0 0 1 1 1 0 0 1 0 0 1 1 0 1 1 0 1 1 1 1 0 1 1 0 0 1 1 1 1 1 1 0 0 1 1 1 1 0 1 1 1 1 1 1 1 1 1 0 1 ",313.248,35000,0,0,33495,0.7;50M
149,50,"1 1 1 1 1 1 1 1 1 1 1 1 1 1 0 1 1 0 1 0 1 1 1 1 0 1 0 1 0 1 1 1 0 1 0 0 0 1 0 0 1 0 1 1 1 1 1 0 1 1 ",300.4642,35000,0,0,33647,0.7;50M
15,50,"1 0 1 1 1 1 1 1 1 1 0 1 1 0 1 0 1 1 0 1 1 1 1 1 1 0 0 1 1 1 1 1 1 1 0 1 1 1 0 0 1 0 1 1 1 1 0 1 1 1 ",300.3913,35000,0,0,32371,0.7;50M
150,50,"1 1 0 1 0 1 1 0 0 0 1 1 1 1 0 1 1 0 1 1 1 1 0 1 1 1 0 0 1 1 0 0 1 0 1 0 1 1 1 1 1 1 1 1 1 1 0 1 1 1 ",307.1363,35000,0,0,28500,0.7;50M
151,50,"1 1 0 0 0 0 1 0 1 0 0 1 1 1 0 1 1 0 1 1 1 1 1 1 0 1 1 1 1 1 1 1 1 0 1 1 1 0 1 0 1 0 0 1 1 1 1 1 1 1 ",296.5625,35000,0,0,33723,0.7;50M
152,50,"0 1 0 1 0 1 1 1 1 0 1 0 0 1 1 0 1 0 1 0 1 0 1 1 0 1 1 1 1 1 1 1 1 0 1 0 0 1 0 0 1 1 0 1 1 1 0 1 0 0 ",342.1376,37500,0,0,32438,0.7;50M
153,50,"1 1 0 1 0 1 1 0 1 1 0 0 0 1 0 1 0 1 0 0 0 0 0 1 1 1 0 1 0 1 1 1 1 1 0 1 1 0 0 1 1 0 1 1 1 1 1 1 1 1 ",301.933,35000,0,0,30352,0.7;50M
154,50,"0 0 1 1 1 1 1 1 1 0 1 0 0 1 1 0 1 1 1 1 1 0 1 1 0 1 0 1 1 0 0 1 1 1 1 1 1 0 1 1 0 1 1 0 0 0 1 1 1 0 ",306.5476,35000,0,0,33189,0.7;50M
155,50,"1 0 1 0 1 0 1 1 1 0 1 1 0 1 1 1 1 1 0 0 1 0 0 1 1 1 1 1 1 1 1 1 1 1 1 1 0 1 1 1 1 1 0 0 1 1 1 1 1 0 ",329.3611,37500,0,0,32606,0.7;50M
156,50,"1 0 1 1 1 1 1 0 1 1 0 1 0 1 1 1 1 1 1 1 1 1 1 1 1 0 1 1 1 0 0 1 1 1 1 1 0 1 1 0 1 1 1 1 0 1 1 0 1 0 ",338.9327,37500,0,0,22377,0.7;50M
157,50,"1 1 0 0 0 1 1 0 1 1 1 1 1 1 1 0 0 1 1 0 0 1 1 1 1 1 1 1 1 1 1 1 1 1 1 1 1 0 1 1 0 1 1 1 1 0 0 1 0 1 ",328.1418,37500,0,0,31611,0.7;50M
158,50,"1 0 0 0 1 1 1 1 1 0 1 1 0 1 1 1 1 0 1 1 1 0 0 0 0 1 1 0 1 1 0 1 0 1 1 1 1 1 1 1 1 1 0 1 1 0 0 1 1 1 ",325.1549,37500,0,0,35617,0.7;50M
159,50,"1 1 0 1 1 1 1 1 1 0 1 1 1 1 1 1 1 1 1 0 1 1 1 0 0 0 1 1 1 1 0 1 1 0 1 1 1 1 1 1 0 1 1 1 1 0 1 1 1 0 ",313.0833,37500,0,0,36049,0.7;50M
16,50,"1 0 1 1 1 1 1 0 1 0 1 1 1 0 1 1 0 1 0 0 1 1 1 1 0 1 1 1 1 1 0 1 0 1 1 1 1 1 1 1 1 1 0 1 1 1 0 1 1 1 ",327.4644,37500,0,0,33417,0.7;50M
160,50,"1 1 1 0 1 0 1 0 1 0 1 1 1 0 0 0 1 1 1 1 1 1 1 0 1 1 1 0 1 1 1 1 0 0 1 1 0 1 1 0 1 0 1 1 1 0 1 1 1 0 ",297.6654,35000,0,0,32310,0.7;50M
161,50,"1 1 1 1 0 1 1 0 1 1 1 0 1 0 1 0 1 0 1 1 0 1 0 1 1 0 1 1 1 1 0 0 1 1 0 1 0 1 1 1 1 0 1 0 1 1 1 1 0 0 ",304.4213,35000,0,0,33812,0.7;50M
162,50,"0 1 1 1 1 1 1 1 1 1 1 1 1 0 0 1 1 1 0 0 0 0 1 1 1 1 1 1 1 1 1 0 1 0 1 1 1 1 1 1 1 1 1 1 0 1 0 1 0 1 ",304.3414,35000,0,0,28151,0.7;50M
163,50,"1 0 1 1 1 1 1 1 1 1 1 1 1 1 0 1 1 1 1 1 1 1 1 0 0 1 1 1 1 1 0 0 1 0 0 0 0 1 1 1 1 1 1 0 0 1 1 0 1 1 ",301.007,35000,0,0,33007,0.7;50M
164,50,"1 1 0 1 1 1 1 1 1 1 1 1 1 0 1 0 0 0 1 0 1 1 1 1 1 0 1 1 1 1 1 1 1 0 0 1 1 0 0 1 0 0 1 1 0 1 1 1 0 1 ",306.7295,35000,0,0,28011,0.7;50M
165,50,"1 0 1 1 1 0 1 0 0 0 1 0 1 1 1 1 0 1 1 1 1 0 1 1 1 0 1 1 1 1 1 1 1 0 1 0 1 0 1 1 1 1 1 1 1 1 0 0 1 1 ",303.7927,35000,0,0,31122,0.7;50M
166,50,"1 1 0 0 1 1 0 1 1 1 1 0 1 0 0 1 1 1 1 0 0 1 0 1 1 1 1 0 0 1 0 1 1 0 0 1 0 1 1 0 1 0 0 1 0 0 0 1 1 1 ",302.7366,35000,0,0,33215,0.7;50M
167,50,"0 1 1 0 1 0 1 0 1 1 1 0 0 0 1 0 1 1 1 0 1 0 0 1 1 1 1 1 0 1 1 1 1 0 1 1 0 1 1 0 1 0 0 1 0 1 0 0 1 1 ",311.4898,35000,0,0,27120,0.7;50M
168,50,"1 1 1 0 1 0 0 0 0 0 1 1 1 0 0 1 1 0 1 1 1 1 0 1 1 1 0 0 1 0 1 1 0 1 1 0 1 0 1 0 1 0 1 1 1 1 1 1 1 1 ",332.9462,37500,0,0,26592,0.7;50M
169,50,"1 1 1 1 0 0 1 1 1 1 1 1 1 0 1 1 0 1 1 1 0 1 1 1 1 1 1 1 1 0 0 1 0 1 1 1 0 1 1 1 0 0 1 0 0 0 0 1 0 0 ",304.4564,35000,0,0,32756,0.7;50M
17,50,"0 1 1 1 0 1 0 0 1 1 1 1 1 0 1 0 1 0 1 1 0 1 1 1 1 1 1 1 1 1 0 1 1 1 1 0 1 0 0 1 0 1 0 0 1 1 1 1 0 0 ",308.3956,35000,0,0,29212,0.7;50M
170,50,"1 1 1 0 1 1 1 1 1 0 1 1 1 0 1 0 1 1 0 1 1 1 1 0 0 1 0 1 1 1 0 1 1 1 1 0 1 1 1 0 1 1 1 1 1 0 1 1 1 0 ",330.2933,37500,0,0,32147,0.7;50M
171,50,"1 1 1 1 1 1 0 0 1 0 0 0 0 0 1 1 1 1 1 1 1 1 1 1 0 1 1 0 1 1 1 0 1 1 1 0 1 1 1 1 0 1 1 1 1 1 1 1 1 0 ",388.4054,42500,0,0,38105,0.7;50M
172,50,"0 0 0 1 0 1 1 0 1 1 1 0 1 1 1 0 1 1 0 1 0 0 0 0 0 1 1 1 0 0 0 1 1 1 1 1 1 1 0 1 1 1 0 0 1 1 1 1 0 0 ",305.6365,35000,0,0,34074,0.7;50M
173,50,"0 1 0 1 1 0 1 1 0 1 1 0 1 0 1 0 1 1 1 1 0 1 1 0 1 1 1 1 0 1 1 1 0 1 0 1 1 1 0 0 0 1 1 1 0 0 0 1 0 1 ",305.4764,35000,0,0,32992,0.7;50M
174,50,"0 1 0 0 0 1 1 1 1 1 1 1 1 1 1 1 1 1 1 0 1 1 1 1 1 0 1 1 1 0 1 1 1 0 0 1 0 1 1 1 1 1 1 0 0 1 0 1 1 1 ",307.6274,35000,0,0,33938,0.7;50M
175,50,"0 1 0 1 1 1 1 1 0 1 0 0 1 1 1 1 1 0 1 1 0 1 0 1 1 1 1 1 0 0 1 1 0 1 1 1 1 0 0 1 1 1 1 0 1 0 1 1 1 1 ",301.9094,32500,0,0,25801,0.7;50M
176,50,"0 0 1 1 1 1 1 0 1 1 1 0 1 0 1 1 1 1 0 1 1 1 0 0 1 1 0 0 1 1 1 0 1 1 1 1 1 1 1 1 0 1 1 1 1 1 0 1 1 1 ",334.9863,37500,0,0,31606,0.7;50M
177,50,"0 0 1 1 0 0 1 1 1 1 1 1 1 1 1 1 0 1 0 1 1 1 1 1 0 0 1 1 1 1 1 0 1 1 0 1 0 1 0 1 0 1 0 1 1 1 1 1 1 1 ",327.8634,37500,0,0,33478,0.7;50M
178,50,"1 0 0 1 0 1 0 1 1 0 0 0 0 1 1 0 1 1 0 1 1 1 1 1 1 1 0 1 1 0 1 1 1 1 1 1 1 1 1 1 1 1 1 1 1 0 1 1 0 0 ",328.4088,37500,0,0,26727,0.7;50M
179,50,"1 1 1 1 1 0 1 1 1 1 1 1 1 1 1 0 0 1 0 1 0 1 1 1 1 0 1 1 0 1 1 1 1 1 0 0 1 1 1 0 1 1 1 1 1 0 1 0 1 1 ",304.5752,35000,0,0,33923,0.7;50M
18,50,"0 1 1 1 1 1 1 1 1 1 1 1 0 0 0 1 1 1 1 1 0 1 1 0 1 1 0 1 0 1 1 1 1 1 1 1 0 0 1 1 1 1 1 0 1 1 0 1 0 1 ",315.4686,35000,0,0,32831,0.7;50M
180,50,"1 0 0 0 1 1 1 1 1 1 1 1 0 0 1 1 1 1 1 1 1 1 1 1 0 1 0 1 1 0 1 1 1 1 1 1 0 1 0 1 1 0 1 0 0 0 0 1 1 0 ",303.975,35000,0,0,31848,0.7;50M
181,50,"1 1 1 1 0 1 1 1 1 0 1 1 0 1 1 1 0 1 1 1 1 0 0 1 1 0 1 1 0 1 1 0 1 0 1 0 1 1 1 1 1 1 1 1 1 0 1 1 1 1 ",335.1517,37500,0,0,34537,0.7;50M
182,50,"0 1 1 1 1 1 1 1 1 1 0 0 1 1 1 0 1 1 1 1 1 1 1 1 1 0 1 1 1 1 0 1 1 1 1 0 1 1 1 1 1 1 1 0 0 1 1 1 1 1 ",329.6713,37500,0,0,36645,0.7;50M
183,50,"1 1 1 1 1 1 0 1 0 1 1 1 1 0 1 0 0 1 0 1 0 0 1 1 1 1 0 1 0 0 0 1 1 1 1 1 1 1 1 1 1 1 1 1 1 0 0 1 1 1 ",301.1586,35000,0,0,18927,0.7;50M
184,50,"1 1 0 1 1 1 1 0 0 1 1 0 0 0 0 1 0 0 1 1 1 1 0 1 1 1 1 0 1 1 0 1 1 1 1 0 1 1 0 1 1 1 0 1 1 1 1 1 1 1 ",327.9751,37500,0,0,33200,0.7;50M
185,50,"0 1 1 1 1 0 1 1 1 1 1 1 0 1 1 1 1 1 0 1 1 0 1 1 1 0 0 1 0 1 1 1 1 1 0 0 1 1 0 1 0 0 1 1 1 1 0 1 1 0 ",332.5396,37500,0,0,36841,0.7;50M
186,50,"1 1 0 0 1 1 1 1 1 1 1 1 1 1 0 0 1 0 1 1 1 0 1 1 1 1 1 0 1 0 1 1 1 1 1 0 1 1 1 0 1 1 0 1 1 1 0 1 1 0 ",332.0268,37500,0,0,31507,0.7;50M
187,50,"1 0 0 1 1 1 1 0 0 0 1 0 1 0 1 1 0 0 1 0 0 1 1 1 0 1 1 1 0 1 1 1 1 1 1 0 1 1 1 1 1 1 0 0 0 1 1 1 1 1 ",309.2094,35000,0,0,33942,0.7;50M
188,50,"0 1 1 1 1 0 1 0 0 1 1 1 0 0 1 0 1 1 1 1 0 0 0 0 1 1 1 1 1 1 1 1 0 0 0 1 1 0 1 1 1 1 1 1 0 1 0 1 1 1 ",306.1486,35000,0,0,31112,0.7;50M
189,50,"1 1 0 1 1 0 1 0 1 0 0 1 0 1 1 0 0 1 0 0 1 0 1 1 1 0 1 1 0 1 1 1 1 1 1 1 1 0 0 1 1 1 1 1 1 1 1 1 0 1 ",340.9343,37500,0,0,32684,0.7;50M
19,50,"1 1 1 1 1 1 1 0 0 0 1 1 0 1 1 0 1 0 1 1 1 0 1 1 1 1 1 1 0 0 1 1 1 1 1 1 0 0 0 1 0 1 1 1 1 0 1 0 0 0 ",313.2325,35000,0,0,33406,0.7;50M
190,50,"0 1 1 1 1 1 1 0 1 1 1 1 1 1 1 1 1 0 0 0 1 1 1 1 1 0 1 1 0 1 1 1 1 1 1 1 0 1 1 0 0 0 1 1 0 1 1 1 1 0 ",303.4726,35000,0,0,33423,0.7;50M
191,50,"1 1 1 1 0 0 1 0 1 0 1 1 0 1 1 1 0 1 1 1 1 1 0 1 1 0 0 1 1 1 1 0 1 1 1 1 1 0 1 1 0 1 1 0 0 0 0 1 1 1 ",302.4399,35000,0,0,32771,0.7;50M
192,50,"1 1 0 0 1 1 1 1 1 1 1 1 1 1 0 1 1 1 0 1 0 0 1 0 1 0 1 0 0 1 1 1 0 1 1 0 1 1 1 1 0 0 1 1 1 1 0 1 1 0 ",330.9126,37500,0,0,34339,0.7;50M
193,50,"0 1 1 0 1 1 1 1 1 1 1 1 0 1 1 1 0 1 1 1 1 0 1 0 1 0 1 0 0 1 1 0 0 1 1 1 1 0 0 1 1 0 0 0 1 1 1 1 0 1 ",298.7725,35000,0,0,29227,0.7;50M
194,50,"0 1 0 1 0 0 1 0 1 0 1 1 1 1 1 0 1 0 1 1 1 1 1 1 1 0 0 1 0 1 1 0 1 1 1 0 0 1 1 1 0 1 1 0 0 1 0 1 0 1 ",309.3758,35000,0,0,34782,0.7;50M
195,50,"1 1 1 1 0 0 1 1 0 1 1 0 1 0 1 1 0 0 1 1 0 0 0 1 1 0 1 1 0 1 1 1 0 1 1 1 1 1 1 1 1 1 1 1 1 0 1 1 0 0 ",318.1767,35000,0,0,32683,0.7;50M
196,50,"1 1 0 1 1 0 1 1 1 1 1 1 1 1 1 1 1 1 0 0 1 1 1 1 0 1 1 0 1 1 0 1 0 0 1 1 1 1 0 1 1 0 1 1 1 1 1 1 1 0 ",336.6526,37500,0,0,33074,0.7;50M
197,50,"1 0 1 1 1 1 1 1 1 0 1 1 0 1 1 1 1 1 1 1 1 1 1 0 0 1 0 1 0 1 1 1 0 1 1 1 0 1 1 1 0 1 1 0 0 1 1 1 1 1 ",301.8428,35000,0,0,29489,0.7;50M
198,50,"1 1 1 0 1 0 1 1 1 1 1 1 1 0 1 1 1 0 1 0 0 1 1 0 1 0 1 1 1 1 1 1 1 0 0 1 0 0 1 1 0 1 0 0 1 1 0 1 0 1 ",306.0716,35000,0,0,30295,0.7;50M
199,50,"1 1 1 1 0 1 1 0 1 0 1 0 1 1 1 1 1 1 1 1 1 0 1 1 1 1 1 0 0 0 0 1 1 1 1 1 1 1 1 1 0 1 1 1 0 0 0 1 1 1 ",313.3791,35000,0,0,27302,0.7;50M
2,50,"0 1 1 1 1 1 1 1 1 0 1 0 1 0 1 1 1 0 1 1 1 1 1 1 1 1 1 1 1 1 1 0 1 1 0 1 1 1 1 1 0 1 1 1 1 1 1 1 1 1 ",330.5352,37500,0,0,32796,0.7;50M
20,50,"1 0 1 0 0 1 1 0 0 0 1 1 1 1 1 1 1 1 1 0 0 1 0 0 1 0 1 1 1 1 1 1 0 1 1 0 1 0 1 1 0 1 1 0 1 1 1 1 0 0 ",298.4917,35000,0,0,26919,0.7;50M
200,50,"1 0 1 1 1 0 1 0 0 1 1 1 0 1 1 0 1 0 1 1 1 1 1 1 1 0 1 1 0 0 0 1 0 1 0 1 1 1 1 1 1 1 1 1 0 1 0 0 1 1 ",305.7703,35000,0,0,29028,0.7;50M
201,50,"1 1 0 1 1 0 1 1 0 1 0 0 1 1 1 1 0 1 0 0 0 0 1 1 1 1 1 1 1 1 0 1 1 0 1 1 1 1 1 0 1 0 1 0 1 0 1 1 0 0 ",312.7708,35000,0,0,29857,0.7;50M
202,50,"0 1 0 1 0 0 1 1 1 1 1 1 0 1 1 1 1 1 1 0 1 1 0 1 1 0 0 0 0 0 0 1 0 1 1 0 0 0 1 1 1 1 0 0 1 1 1 1 1 0 ",303.0687,35000,0,0,32785,0.7;50M
203,50,"1 1 1 1 1 1 1 1 1 1 1 1 0 1 1 0 0 0 1 1 1 1 0 0 0 0 1 0 1 1 1 1 1 0 1 0 1 1 1 1 1 1 1 0 1 1 1 1 0 1 ",304.8834,35000,0,0,30037,0.7;50M
204,50,"1 1 1 0 1 0 0 0 1 1 1 0 1 0 1 0 1 1 1 1 1 1 0 0 1 0 1 0 0 0 1 0 1 0 1 0 1 0 1 1 1 0 0 1 1 1 0 1 1 1 ",302.7347,35000,0,0,24778,0.7;50M
205,50,"1 1 1 1 1 0 1 1 1 0 1 1 1 1 1 1 1 1 1 0 1 1 0 0 1 1 1 0 1 1 0 1 1 1 0 1 0 1 1 1 0 1 1 1 1 1 1 1 1 1 ",350.4436,40000,0,0,30929,0.7;50M
206,50,"1 1 0 0 1 1 0 1 1 1 1 0 1 1 1 1 1 1 1 1 1 1 1 0 1 0 0 0 0 0 1 1 1 1 1 0 1 1 1 1 1 1 1 0 1 1 0 1 1 1 ",302.4885,35000,0,0,32871,0.7;50M
207,50,"1 1 1 1 1 0 1 0 0 0 1 1 0 1 1 1 1 1 0 0 1 1 0 1 0 1 1 1 1 1 0 0 1 1 0 0 0 1 1 1 0 0 0 1 1 1 1 0 1 0 ",310.5877,35000,0,0,31995,0.7;50M
208,50,"1 0 0 1 1 0 0 1 1 1 0 1 0 1 0 1 0 1 1 0 1 1 1 1 1 1 1 1 0 0 1 0 1 1 1 1 1 1 1 1 1 1 1 0 1 1 0 1 1 1 ",303.1869,35000,0,0,26650,0.7;50M
209,50,"0 1 1 1 1 1 0 0 0 0 1 0 1 1 0 0 1 1 1 1 0 0 1 0 0 1 0 0 0 0 1 1 1 1 0 1 1 1 1 1 1 1 1 1 1 0 1 1 1 1 ",302.1627,35000,0,0,32552,0.7;50M
21,50,"1 0 1 1 1 1 0 1 1 0 1 1 1 1 1 1 1 0 1 1 0 0 1 0 1 1 0 1 1 0 0 0 1 1 0 0 1 1 1 1 1 1 1 1 1 1 1 1 1 1 ",327.228,37500,0,0,31534,0.7;50M
210,50,"1 1 0 0 0 1 0 0 0 1 0 1 0 0 0 1 0 0 0 1 1 1 0 1 1 1 1 1 1 1 1 1 1 0 1 1 1 1 1 0 0 1 1 0 0 0 1 0 0 0 ",300.9151,35000,0,0,29136,0.7;50M
211,50,"1 0 1 1 1 1 1 0 1 0 1 0 0 0 0 1 0 0 1 1 1 0 0 0 1 1 0 0 1 1 0 0 1 1 0 1 1 0 1 1 0 1 1 1 0 1 1 1 0 1 ",295.4656,35000,0,0,18715,0.7;50M
212,50,"1 1 0 1 0 0 1 1 1 0 0 1 1 1 1 1 0 1 1 0 1 1 1 1 1 1 1 1 1 1 1 1 0 1 1 0 0 1 1 1 1 0 0 1 1 1 1 0 1 1 ",301.2502,35000,0,0,30978,0.7;50M
213,50,"1 0 1 1 0 0 1 1 1 0 1 1 1 0 1 0 1 0 0 0 1 1 1 1 1 0 1 1 0 1 0 0 0 1 1 1 0 0 1 1 1 1 1 1 0 1 1 1 0 1 ",305.0317,35000,0,0,31273,0.7;50M
214,50,"0 0 0 1 1 0 1 1 1 1 1 1 0 1 1 1 1 0 1 1 0 0 1 1 1 1 1 0 1 1 1 0 0 1 1 1 1 0 1 0 0 0 0 1 0 0 0 0 1 1 ",311.6818,35000,0,0,30901,0.7;50M
215,50,"1 1 1 1 1 1 1 1 1 1 0 0 0 1 1 1 1 1 1 0 1 1 1 1 1 0 1 1 0 1 0 1 1 1 1 1 1 0 0 1 1 1 0 1 1 0 0 1 0 0 ",345.5996,37500,0,0,36218,0.7;50M
216,50,"1 1 1 1 0 1 0 0 0 1 0 1 1 1 1 1 0 0 1 1 1 1 0 1 1 0 1 1 1 0 1 1 1 1 1 1 1 1 1 1 1 1 1 1 1 1 0 0 0 0 ",286.0371,32500,0,0,30717,0.7;50M
217,50,"1 1 0 1 1 1 0 1 0 0 0 1 0 1 1 1 1 1 1 1 1 1 0 0 1 0 1 1 1 1 0 0 1 0 1 1 1 1 0 0 1 1 1 0 1 1 1 1 1 0 ",303.8105,35000,0,0,34175,0.7;50M
218,50,"0 0 1 1 1 1 1 0 1 1 1 1 1 1 1 1 0 1 1 0 0 1 0 1 1 1 0 1 1 1 1 1 1 1 1 0 1 0 1 1 1 1 1 1 0 1 1 1 0 1 ",352.1857,40000,0,0,33878,0.7;50M
219,50,"0 1 1 0 1 1 0 1 1 1 1 1 1 1 1 0 1 0 1 1 1 1 0 0 1 1 0 0 0 0 1 1 0 0 1 0 1 1 0 1 1 1 1 0 0 1 1 0 1 0 ",301.2821,35000,0,0,31736,0.7;50M
22,50,"1 1 1 0 0 1 1 1 1 0 1 1 1 0 1 1 1 0 1 0 1 1 0 1 1 1 1 1 0 1 1 0 0 1 0 0 0 1 0 1 1 0 1 1 1 1 0 1 0 1 ",302.4505,35000,0,0,30143,0.7;50M
220,50,"1 1 1 1 1 0 1 1 1 0 1 0 1 0 1 1 1 1 1 0 1 1 1 0 0 1 0 0 1 1 1 0 0 1 0 1 1 1 0 0 1 1 1 1 1 0 1 1 1 1 ",313.4139,35000,0,0,33674,0.7;50M
221,50,"0 1 0 1 1 0 1 1 0 1 0 1 0 1 0 1 1 1 0 1 1 1 0 1 1 0 1 1 0 1 1 1 0 1 1 1 0 1 1 1 1 1 0 1 0 0 1 0 0 1 ",328.2894,37500,0,0,30175,0.7;50M
222,50,"1 1 0 0 1 1 1 1 0 1 0 1 1 1 0 1 1 0 1 1 1 1 1 0 1 0 0 0 1 0 1 1 0 1 1 1 1 1 1 0 1 1 1 0 0 1 0 0 1 1 ",348.9581,40000,0,0,28719,0.7;50M
223,50,"1 0 1 1 1 1 1 1 1 1 1 1 1 1 1 0 1 1 1 1 0 1 0 0 1 1 1 0 1 0 1 1 0 1 1 1 1 1 1 1 1 0 1 0 1 1 0 0 1 1 ",328.5464,37500,0,0,32997,0.7;50M
224,50,"1 1 1 0 1 1 1 1 1 0 0 1 1 1 0 1 1 1 1 1 1 1 1 1 1 1 1 1 1 0 1 0 1 0 1 0 0 1 0 1 0 0 1 1 1 1 1 0 1 1 ",327.4931,37500,0,0,30582,0.7;50M
225,50,"0 1 1 1 1 1 1 1 1 0 1 1 1 1 1 0 0 0 1 0 1 0 1 1 1 1 0 0 1 0 0 1 1 1 1 1 0 1 1 1 0 1 0 1 1 1 1 1 0 1 ",308.2586,35000,0,0,34605,0.7;50M
226,50,"0 0 0 1 1 0 1 1 0 1 1 1 0 0 1 1 1 1 1 0 1 1 1 1 1 0 1 0 1 1 1 1 1 1 1 0 1 1 1 0 1 1 0 0 0 0 0 1 1 1 ",342.225,37500,0,0,26772,0.7;50M
227,50,"0 1 1 1 0 1 1 1 1 0 0 1 1 1 1 1 1 1 1 1 0 0 1 0 1 1 1 1 0 0 0 0 0 0 1 1 1 1 1 1 1 1 1 1 1 1 1 1 1 1 ",286.3223,32500,0,0,30930,0.7;50M
228,50,"1 0 0 1 1 1 1 1 0 0 1 1 1 1 1 1 0 1 1 1 1 1 1 0 1 0 1 0 1 0 1 1 1 0 1 1 0 0 0 1 1 1 1 0 0 1 1 1 1 1 ",301.7527,35000,0,0,32603,0.7;50M
229,50,"1 1 1 1 1 1 0 0 1 1 1 1 0 1 1 0 0 1 1 0 0 1 1 1 1 1 1 1 1 1 0 1 1 1 0 1 1 1 1 1 1 1 1 0 1 0 1 1 1 1 ",314.693,35000,0,0,34791,0.7;50M
23,50,"0 0 1 1 1 1 1 1 1 1 0 1 1 0 1 1 1 1 0 1 1 1 0 1 1 1 1 0 1 1 0 1 0 1 1 1 1 1 0 1 0 1 1 1 1 0 1 0 1 1 ",304.988,35000,0,0,34473,0.7;50M
230,50,"1 1 1 1 0 0 1 0 1 0 1 1 1 1 1 1 0 1 1 1 0 0 1 0 0 1 1 1 1 0 1 1 1 1 1 1 1 0 1 1 1 0 1 1 1 1 1 1 0 0 ",299.7295,35000,0,0,33675,0.7;50M
231,50,"1 1 1 0 0 1 1 1 1 1 1 0 1 0 1 0 1 1 1 0 0 1 0 0 1 1 0 1 0 0 1 1 1 0 1 1 1 1 1 1 1 1 0 1 0 1 0 1 1 1 ",304.6141,35000,0,0,32896,0.7;50M
232,50,"1 0 0 1 0 1 1 1 0 1 1 1 1 1 1 1 1 1 0 1 1 0 1 1 1 1 0 1 1 1 1 1 1 1 1 0 0 0 1 1 1 1 1 1 0 1 1 1 1 1 ",356.0811,40000,0,0,33054,0.7;50M
233,50,"1 1 1 1 1 1 1 1 0 1 1 1 1 1 1 0 1 1 1 1 1 0 1 0 0 1 0 1 1 1 0 1 1 1 1 1 1 1 1 0 0 1 1 1 0 0 1 1 1 1 ",365.1372,37500,0,0,35963,0.7;50M
234,50,"1 1 1 1 1 0 1 1 1 1 1 1 1 1 1 0 1 1 0 0 0 1 0 1 1 0 1 0 1 1 1 0 1 1 1 1 0 1 1 1 1 1 1 1 1 1 1 1 0 1 ",329.0393,37500,0,0,34770,0.7;50M
235,50,"0 1 1 1 1 1 0 1 0 1 0 1 0 1 0 1 1 1 1 1 1 1 1 1 0 1 1 1 1 0 0 1 1 0 1 0 0 1 1 1 1 1 1 0 1 1 0 1 1 0 ",353.5695,40000,0,0,37247,0.7;50M
236,50,"1 1 1 1 1 1 1 1 1 0 1 1 0 1 0 0 1 1 1 1 0 0 1 0 1 1 0 1 1 1 1 1 1 0 1 0 1 1 0 1 1 1 1 1 0 1 0 1 0 1 ",326.1083,37500,0,0,32980,0.7;50M
237,50,"1 0 0 1 1 0 0 1 1 1 0 0 0 1 1 0 1 1 1 0 1 0 1 1 0 0 1 1 1 1 1 1 0 1 1 1 0 1 1 1 1 0 0 1 1 1 1 1 1 1 ",290.7957,35000,0,0,34187,0.7;50M
238,50,"1 1 1 1 0 1 1 0 1 1 1 1 1 1 1 1 0 0 0 1 0 0 0 1 1 1 1 1 1 1 1 1 1 0 1 1 0 1 1 1 0 1 1 1 0 1 1 0 1 1 ",345.8775,40000,0,0,32441,0.7;50M
239,50,"1 0 1 1 1 0 0 1 0 0 1 1 1 0 1 1 0 0 0 1 1 1 1 1 1 1 0 1 1 1 1 1 0 0 1 1 1 1 0 1 0 1 0 1 1 1 0 0 0 0 ",300.141,35000,0,0,32073,0.7;50M
24,50,"1 1 1 1 1 0 1 1 0 0 1 1 1 0 1 0 1 1 1 1 1 1 0 1 1 1 1 1 0 1 1 1 1 1 0 0 0 1 0 0 0 1 1 1 1 1 1 0 1 1 ",315.5796,35000,0,0,29135,0.7;50M
240,50,"0 1 1 0 1 0 0 1 0 0 1 1 1 1 1 0 1 1 1 1 1 0 0 1 1 1 1 1 1 1 1 0 0 1 0 1 1 1 1 0 1 1 1 1 1 1 1 0 1 1 ",331.4897,37500,0,0,37470,0.7;50M
241,50,"1 1 1 1 0 0 0 1 0 1 1 1 1 1 1 1 1 1 1 0 0 0 0 0 1 1 1 1 1 1 0 1 1 1 1 0 1 1 1 0 1 0 1 1 0 1 1 1 1 0 ",345.068,37500,0,0,32782,0.7;50M
242,50,"1 1 1 1 1 1 1 0 1 1 1 0 1 0 1 0 1 1 0 1 1 1 1 0 0 1 0 1 0 0 1 0 1 1 1 1 0 1 1 1 0 1 1 1 1 1 1 0 0 0 ",327.3069,37500,0,0,31424,0.7;50M
243,50,"1 0 0 1 1 1 0 1 1 1 0 0 1 0 0 1 1 1 1 0 1 1 1 1 0 1 1 1 1 1 0 0 0 0 1 1 0 1 1 0 0 0 1 0 0 1 1 1 0 0 ",294.9019,35000,0,0,34168,0.7;50M
244,50,"1 0 0 1 1 1 0 0 1 0 1 1 1 0 1 1 1 1 0 1 1 1 0 1 0 1 1 1 1 0 0 1 1 1 1 1 1 1 1 1 0 0 1 1 1 1 1 1 1 1 ",318.1634,37500,0,0,37264,0.7;50M
245,50,"1 1 1 0 0 0 1 1 0 0 1 1 1 0 1 1 1 1 1 1 1 1 1 0 1 1 0 0 1 1 1 0 1 0 0 1 0 1 1 0 1 1 1 0 1 1 1 1 1 1 ",291.9182,35000,0,0,33117,0.7;50M
246,50,"1 1 0 0 1 1 1 1 0 1 1 0 0 1 0 0 1 1 1 1 0 1 0 0 1 1 1 1 0 1 1 1 0 0 1 0 1 1 1 1 1 0 1 1 1 1 1 0 1 1 ",298.4783,35000,0,0,26406,0.7;50M
247,50,"1 1 0 1 1 1 1 0 1 1 1 1 0 1 0 1 0 1 0 0 0 1 1 1 1 0 1 1 1 0 1 0 0 1 1 1 1 0 0 1 1 0 0 1 1 1 0 0 1 1 ",301.9008,35000,0,0,33080,0.7;50M
248,50,"1 1 1 0 1 1 1 1 0 0 1 1 1 1 0 1 0 0 0 1 0 1 1 0 1 1 1 1 0 1 0 1 1 1 1 0 1 1 1 0 1 0 1 1 1 1 1 1 1 1 ",331.6045,37500,0,0,37151,0.7;50M
249,50,"0 1 0 0 0 0 1 0 1 0 1 1 1 0 0 1 1 1 1 0 1 1 1 0 1 1 0 1 1 0 1 0 0 0 1 0 0 1 0 1 1 1 1 1 1 1 1 1 0 0 ",300.8486,35000,0,0,34927,0.7;50M
25,50,"0 1 1 1 1 0 1 0 0 1 0 1 1 1 1 1 1 1 1 0 1 0 1 0 1 1 1 1 1 0 1 1 1 1 0 0 1 1 0 1 1 1 1 1 1 1 0 1 1 1 ",311.5744,37500,0,0,35480,0.7;50M
250,50,"0 1 1 0 1 1 1 1 1 1 0 1 1 0 1 0 1 0 1 1 1 0 1 1 1 0 1 0 0 1 0 1 1 1 1 0 1 0 1 0 1 1 1 1 1 1 0 1 1 1 ",300.9202,35000,0,0,34041,0.7;50M
251,50,"0 1 0 1 1 1 0 1 0 1 1 1 0 1 1 1 0 1 1 0 1 0 1 1 1 1 0 0 1 0 0 1 1 0 1 1 1 1 1 1 1 0 1 1 0 1 1 1 0 1 ",335.1027,37500,0,0,30134,0.7;50M
252,50,"1 1 0 0 1 1 1 1 1 1 1 1 1 1 0 0 1 0 0 1 0 1 1 0 1 0 1 0 1 1 1 1 1 0 0 1 1 0 0 1 1 0 0 0 1 1 1 1 1 1 ",319.5332,37500,0,0,32882,0.7;50M
253,50,"1 1 1 0 0 0 0 1 0 1 1 0 1 1 1 1 0 1 0 1 0 1 0 1 0 1 1 1 1 1 1 1 1 1 1 0 1 1 1 0 1 1 1 0 0 1 1 0 1 0 ",294.347,35000,0,0,25353,0.7;50M
254,50,"0 1 1 1 1 1 1 1 1 1 1 1 1 1 0 1 1 1 1 1 1 1 1 0 0 0 1 1 1 0 1 1 0 0 1 0 1 1 1 1 0 0 1 0 0 1 0 1 1 1 ",325.2528,37500,0,0,36997,0.7;50M
255,50,"1 1 1 0 1 1 1 1 1 1 1 1 1 1 0 1 1 0 0 1 1 1 1 0 1 1 1 1 1 1 0 1 0 1 1 0 0 1 1 1 0 1 0 1 1 1 1 1 1 1 ",329.8753,37500,0,0,37091,0.7;50M
256,50,"1 1 1 1 1 0 0 0 1 1 1 0 1 1 1 0 1 0 1 1 1 1 1 0 0 1 1 1 0 1 0 1 1 1 1 1 0 1 0 1 1 0 0 1 1 1 1 1 1 0 ",300.3488,35000,0,0,33470,0.7;50M
257,50,"1 1 1 1 1 0 1 1 1 1 1 1 0 1 1 0 1 1 0 1 0 0 0 1 1 0 0 1 1 1 1 1 0 1 0 1 1 1 1 1 1 1 1 1 1 1 1 1 0 1 ",287.6444,35000,0,0,33770,0.7;50M
258,50,"1 0 1 0 1 1 1 1 1 1 0 1 1 1 1 0 1 0 1 1 1 1 0 1 1 1 0 1 0 1 0 1 1 1 1 1 1 1 0 1 0 1 1 0 1 1 1 1 0 1 ",281.6274,32500,0,0,27721,0.7;50M
259,50,"0 0 0 0 1 1 0 1 1 1 1 0 1 1 1 1 1 0 1 0 1 0 0 1 0 1 0 1 1 0 1 0 0 1 1 1 1 1 1 0 1 0 0 0 0 1 0 1 0 0 ",300.6951,35000,0,0,32824,0.7;50M
26,50,"1 0 0 1 1 1 1 0 0 1 0 1 0 1 0 1 1 0 1 1 0 0 1 1 1 1 1 1 1 1 1 0 1 0 1 0 1 0 0 1 1 1 0 1 1 1 0 0 1 0 ",297.5728,35000,0,0,31560,0.7;50M
260,50,"0 1 1 0 1 0 0 1 0 0 1 1 1 1 1 1 1 1 1 1 1 1 1 1 0 1 1 1 0 1 1 1 1 1 1 0 1 0 1 1 1 1 1 1 0 0 1 0 0 1 ",316.0878,37500,0,0,36875,0.7;50M
261,50,"1 1 1 1 1 1 1 1 1 1 1 1 1 1 1 0 0 1 0 1 1 1 1 1 1 0 1 0 1 0 1 1 1 1 1 1 1 1 0 1 0 1 1 1 1 1 1 1 1 1 ",317.8298,37500,0,0,31893,0.7;50M
262,50,"1 0 1 0 0 1 1 1 1 1 0 1 1 0 1 1 0 0 1 1 1 1 0 1 1 1 1 1 0 1 0 1 0 0 1 1 1 0 1 0 1 0 0 1 1 1 1 0 1 0 ",323.0516,37500,0,0,34121,0.7;50M
263,50,"1 1 1 0 0 0 0 1 1 1 1 0 1 1 1 0 0 0 1 1 1 0 1 1 1 1 1 0 0 0 0 1 1 0 1 1 1 0 0 0 1 1 1 1 0 1 0 0 0 1 ",300.967,35000,0,0,29948,0.7;50M
264,50,"1 1 0 0 1 0 1 1 1 1 1 1 1 1 1 1 1 0 1 0 1 1 0 0 0 1 1 1 0 1 1 0 1 1 1 1 1 1 0 0 1 1 1 0 1 1 1 1 1 1 ",296.6751,35000,0,0,27870,0.7;50M
265,50,"1 1 0 1 1 0 1 1 1 1 1 1 0 1 0 1 1 0 1 0 0 1 1 0 1 1 1 1 0 0 1 1 1 0 1 1 1 1 1 1 1 1 0 0 0 1 1 1 0 0 ",301.2389,35000,0,0,31493,0.7;50M
266,50,"1 1 1 0 0 1 1 1 0 1 1 1 1 1 0 1 0 1 0 1 1 0 1 1 0 0 1 1 1 1 1 1 1 1 1 1 1 0 1 0 0 1 1 1 0 0 1 1 1 1 ",320.8964,37500,0,0,30458,0.7;50M
267,50,"1 1 0 1 1 1 1 0 1 1 1 0 1 1 1 1 0 1 1 0 1 1 0 1 1 1 0 0 0 1 1 0 1 1 1 1 1 1 1 1 1 1 1 1 0 1 0 0 0 1 ",282.1833,32500,0,0,29590,0.7;50M
268,50,"1 1 0 1 0 1 0 1 1 0 1 1 1 1 0 1 1 1 1 0 0 1 1 1 1 1 0 1 1 1 1 1 1 1 0 1 0 1 1 1 1 1 0 1 1 0 0 0 1 1 ",330.8584,37500,0,0,29439,0.7;50M
269,50,"0 0 1 1 0 1 1 0 1 0 1 0 1 1 1 1 1 1 1 1 1 1 1 1 1 1 1 1 0 1 1 1 1 1 1 1 0 1 0 1 1 1 0 0 1 1 1 0 0 1 ",324.0067,35000,0,0,34349,0.7;50M
27,50,"1 1 0 1 1 1 1 1 0 1 1 1 1 0 1 1 1 1 0 1 0 0 1 1 1 1 1 1 1 1 0 1 1 1 1 0 1 1 1 1 1 0 1 1 1 0 1 0 0 1 ",327.1395,37500,0,0,33307,0.7;50M
270,50,"1 1 1 1 1 1 0 1 0 0 1 1 1 1 0 1 1 1 1 1 1 1 0 0 0 1 0 1 1 0 0 1 1 1 1 1 0 1 1 1 0 1 1 0 0 0 1 1 1 1 ",301.0639,35000,0,0,33712,0.7;50M
271,50,"1 1 1 0 1 0 1 0 1 1 1 1 0 1 1 1 0 1 1 1 0 0 0 0 0 0 1 1 1 1 0 0 1 1 1 1 1 1 1 0 1 1 1 0 0 0 1 1 1 1 ",292.9988,35000,0,0,30821,0.7;50M
272,50,"0 1 1 1 1 1 0 1 1 1 1 1 1 0 0 1 1 0 0 1 1 0 1 1 1 1 1 1 1 1 1 0 0 1 1 1 1 1 0 1 1 0 1 1 0 1 1 1 1 1 ",328.0282,37500,0,0,30447,0.7;50M
273,50,"0 0 1 0 1 1 1 1 1 1 1 1 0 1 1 1 0 1 1 1 1 1 1 1 1 0 0 1 0 1 1 1 0 1 1 1 0 1 1 1 1 1 0 0 1 1 1 1 1 1 ",289.5301,35000,0,0,34384,0.7;50M
274,50,"1 0 1 0 1 1 0 1 0 1 0 1 0 1 1 1 1 1 1 1 0 0 1 1 1 1 1 1 0 1 0 1 1 0 1 1 1 0 0 1 1 1 1 1 1 1 0 1 1 1 ",306.5784,35000,0,0,32449,0.7;50M
275,50,"0 1 0 0 1 1 0 1 0 1 1 1 1 1 1 1 1 0 1 1 1 0 0 1 1 0 1 1 1 0 1 1 1 0 0 1 1 1 1 0 0 1 0 1 0 0 1 0 1 1 ",327.4359,37500,0,0,31263,0.7;50M
276,50,"0 1 1 0 1 1 1 1 1 1 1 1 0 1 0 1 0 1 0 1 1 1 1 0 0 1 0 0 1 0 0 1 1 0 1 0 0 0 1 1 1 1 1 1 1 0 1 1 0 1 ",290.7522,35000,0,0,33642,0.7;50M
277,50,"1 1 1 0 0 1 1 1 1 1 1 0 0 1 0 1 1 1 1 0 1 1 1 1 1 1 1 0 1 1 0 0 1 1 0 0 0 1 1 1 1 0 1 1 1 1 0 0 1 1 ",347.5081,40000,0,0,33053,0.7;50M
278,50,"1 1 1 0 0 1 1 0 0 1 0 1 1 1 0 1 1 1 0 0 1 1 0 1 1 0 0 1 1 1 1 0 1 1 1 0 1 1 1 1 0 0 0 1 0 1 0 1 1 1 ",304.425,35000,0,0,34476,0.7;50M
1,50,"0 1 1 1 1 1 1 1 1 1 1 1 0 1 1 1 1 0 1 1 0 0 1 0 1 1 1 1 0 0 0 1 1 1 1 1 1 1 0 1 1 1 0 1 1 0 1 0 1 0 ",366.1374,42500,0,0,37203,0.75;50M
10,50,"1 1 0 0 1 1 1 1 1 0 1 1 1 0 1 1 0 1 1 1 0 1 1 1 1 1 1 0 0 1 1 0 1 1 1 0 0 0 1 1 0 1 0 1 0 1 1 1 1 1 ",418.2635,47500,0,0,30871,0.75;50M
100,50,"1 1 0 1 1 1 0 0 1 0 1 1 1 1 1 1 1 1 0 1 1 1 1 0 1 1 1 1 1 1 0 1 1 0 0 1 0 0 0 1 1 1 1 1 0 1 1 1 1 1 ",385.8052,45000,0,0,44130,0.75;50M
1000,50,"1 1 1 0 1 0 1 1 1 1 1 1 0 0 0 1 1 0 1 1 1 1 0 1 1 1 1 1 0 1 0 1 1 1 1 0 1 1 1 1 1 1 1 1 1 0 1 0 1 1 ",362.0294,42500,0,0,37533,0.75;50M
101,50,"1 1 1 1 0 1 1 1 1 1 1 1 0 1 1 1 1 0 1 0 0 0 1 0 1 1 1 0 1 1 1 1 1 1 0 1 0 1 1 1 1 1 0 0 1 1 1 1 0 1 ",341.3591,40000,0,0,39263,0.75;50M
102,50,"1 1 1 0 0 1 1 0 0 1 1 1 1 1 1 0 1 0 1 1 1 1 1 1 1 1 1 0 1 1 0 0 0 1 1 1 0 1 1 1 1 1 1 0 1 0 1 1 1 1 ",363.1041,42500,0,0,41854,0.75;50M
103,50,"1 1 0 1 1 0 1 1 1 0 1 1 1 1 1 1 1 1 1 1 1 1 1 1 0 0 1 0 1 1 1 1 1 1 1 1 1 1 1 1 1 1 1 1 1 1 0 0 1 1 ",401.716,47500,0,0,44252,0.75;50M
104,50,"0 0 1 1 0 1 0 1 1 1 1 1 1 0 1 1 1 1 0 0 1 1 0 0 1 1 1 1 0 1 1 0 1 1 0 0 1 1 1 0 0 0 1 0 1 1 1 1 1 0 ",383.1991,45000,0,0,42693,0.75;50M
105,50,"1 1 0 0 0 1 0 1 1 1 1 1 1 1 0 1 1 1 0 0 1 0 1 0 1 1 0 1 1 1 1 1 1 1 1 1 1 0 1 1 1 0 1 0 1 1 1 1 1 0 ",416.3519,47500,0,0,34551,0.75;50M
106,50,"1 1 1 1 1 1 0 1 1 0 0 1 1 1 1 1 0 1 1 0 1 1 1 1 0 1 1 0 1 0 0 1 1 1 0 1 1 1 1 1 1 0 1 1 0 1 1 1 1 1 ",395.533,45000,0,0,43278,0.75;50M
107,50,"1 1 1 1 0 1 1 0 1 1 1 0 1 1 0 1 0 1 0 1 1 1 1 1 1 1 1 1 1 1 1 1 1 1 1 1 1 1 1 0 1 1 1 0 0 0 1 1 1 1 ",360.8465,42500,0,0,33098,0.75;50M
108,50,"1 1 1 1 0 1 1 1 0 1 0 1 0 1 1 1 1 1 0 0 0 1 1 1 0 1 1 1 1 1 1 1 1 1 0 0 1 1 0 1 1 0 0 1 1 1 0 1 1 1 ",365.4703,42500,0,0,33248,0.75;50M
109,50,"0 0 0 1 0 0 1 1 0 1 1 1 1 0 0 1 1 1 1 1 0 1 1 1 0 1 1 1 1 1 1 1 1 1 0 0 1 1 1 0 1 1 1 0 1 1 1 1 1 0 ",393.3485,45000,0,0,41492,0.75;50M
11,50,"0 1 1 1 1 0 1 1 1 1 1 1 1 1 1 1 0 1 1 1 0 1 1 0 0 0 1 1 1 1 0 1 1 1 0 1 0 1 1 1 1 1 0 0 1 0 1 0 0 1 ",380.8552,45000,0,0,39401,0.75;50M
110,50,"0 1 1 1 0 1 0 0 1 1 1 1 0 1 0 1 0 1 1 1 1 1 1 0 1 0 0 1 1 1 1 1 0 1 1 1 1 0 1 1 1 1 0 1 1 1 1 1 1 1 ",392.085,45000,0,0,38438,0.75;50M
111,50,"1 0 1 1 1 1 1 0 1 1 1 1 1 1 1 0 1 0 1 0 0 0 1 0 1 0 1 1 1 1 1 0 0 1 1 0 0 1 1 1 1 0 0 0 1 1 1 1 0 1 ",377.0392,45000,0,0,40605,0.75;50M
112,50,"1 1 0 1 1 0 0 1 1 0 1 1 1 1 1 1 0 1 0 0 0 1 0 1 0 0 0 1 1 1 0 1 1 1 1 1 1 1 0 1 1 0 1 0 1 1 1 1 1 1 ",384.6948,45000,0,0,42637,0.75;50M
113,50,"1 1 0 1 1 0 0 0 1 1 1 1 1 1 1 0 1 1 0 1 1 1 1 1 1 1 1 1 1 0 1 1 1 1 1 1 1 1 1 0 0 1 0 1 1 0 1 0 0 1 ",357.5273,42500,0,0,40258,0.75;50M
114,50,"1 0 1 1 0 1 0 0 1 0 1 1 1 0 0 1 0 1 1 1 1 0 1 1 1 0 1 1 1 0 0 1 1 1 1 1 0 1 1 1 1 1 1 1 1 0 1 1 1 1 ",369.6515,42500,0,0,37044,0.75;50M
115,50,"0 1 1 1 1 1 0 0 1 1 1 0 0 1 1 1 0 1 0 1 0 1 1 1 0 1 1 1 1 1 0 0 0 1 0 1 1 1 1 1 0 1 1 1 1 0 0 0 0 1 ",365.9361,42500,0,0,40639,0.75;50M
116,50,"0 1 1 1 1 0 1 1 0 1 1 1 1 1 0 1 1 0 0 1 0 1 1 1 1 1 1 1 1 0 1 1 1 0 1 1 1 0 1 0 1 1 1 1 1 1 1 0 1 1 ",381.5999,45000,0,0,37192,0.75;50M
117,50,"1 1 1 1 1 1 1 0 1 1 1 0 0 1 0 1 1 0 0 1 0 1 1 1 1 1 1 1 1 1 0 1 1 1 1 0 1 1 1 1 1 1 0 1 1 1 1 1 1 1 ",393.0924,45000,0,0,35457,0.75;50M
118,50,"1 0 1 0 1 1 1 1 1 0 1 0 1 1 1 1 0 0 0 1 0 1 0 0 1 1 0 1 1 1 1 1 0 0 1 1 1 1 0 1 1 1 0 1 1 1 1 0 1 0 ",359.6376,42500,0,0,41388,0.75;50M
119,50,"0 0 1 1 0 1 0 1 1 0 1 0 0 1 1 1 1 0 0 1 1 0 1 1 1 1 0 1 1 1 0 1 1 1 0 1 1 1 1 1 1 1 0 1 1 0 1 1 0 1 ",388.7961,45000,0,0,39734,0.75;50M
12,50,"1 1 1 1 1 0 0 0 1 0 1 1 1 0 1 1 1 0 1 1 1 1 1 1 0 0 0 0 1 1 1 1 1 1 1 0 1 1 0 1 0 1 0 0 1 1 1 1 1 1 ",377.4518,42500,0,0,41104,0.75;50M
120,50,"1 1 1 0 1 0 0 1 0 1 1 0 0 1 0 0 1 0 1 0 1 0 0 0 1 1 0 1 0 0 1 1 0 1 1 1 1 1 1 1 0 1 1 1 0 1 1 1 1 0 ",379.23,45000,0,0,44355,0.75;50M
121,50,"1 1 1 1 1 0 1 1 1 0 1 1 0 1 0 0 1 0 0 1 0 1 1 0 1 0 1 1 1 1 1 1 1 1 1 0 1 1 1 0 1 1 1 1 1 1 1 1 1 1 ",402.9475,47500,0,0,42297,0.75;50M
122,50,"1 1 1 1 1 1 1 0 0 1 1 1 1 0 1 0 1 0 0 1 0 1 1 0 1 1 0 1 1 1 1 0 0 0 1 1 1 0 1 0 1 1 0 1 0 1 0 1 0 1 ",387.0909,45000,0,0,41113,0.75;50M
123,50,"1 1 0 1 1 0 0 1 1 1 1 0 1 0 1 0 0 0 0 0 1 1 1 1 1 1 0 1 1 1 1 1 1 0 0 0 1 1 0 1 0 1 1 0 1 1 1 0 0 1 ",343.2758,40000,0,0,32546,0.75;50M
124,50,"0 1 0 1 1 1 1 1 0 1 0 0 0 1 1 0 1 1 1 1 0 1 0 0 1 1 0 1 1 0 1 1 1 1 1 0 1 0 1 1 1 1 1 1 0 1 0 1 1 0 ",364.9199,42500,0,0,38579,0.75;50M
125,50,"1 0 0 0 0 1 1 0 1 1 1 0 1 1 1 1 1 1 1 1 1 1 1 1 1 0 1 0 1 1 1 0 0 1 1 0 1 1 1 0 0 1 1 1 1 0 1 0 0 0 ",384.58,42500,0,0,36660,0.75;50M
126,50,"0 1 0 0 1 1 1 0 1 0 1 1 0 1 0 1 1 0 1 1 0 0 1 0 1 1 0 1 1 1 0 1 0 0 1 0 1 1 1 1 0 1 0 1 1 0 0 0 0 1 ",379.1157,45000,0,0,44005,0.75;50M
127,50,"0 0 0 1 1 0 1 0 1 0 0 1 1 1 1 1 1 0 1 1 1 1 1 0 1 0 1 1 1 1 1 1 0 0 1 1 1 1 0 0 0 0 0 1 1 1 0 0 1 0 ",362.4433,42500,0,0,42179,0.75;50M
128,50,"1 0 1 0 1 1 1 0 1 1 0 1 0 1 1 1 1 1 0 0 0 1 1 0 1 1 1 1 1 1 1 1 0 0 0 1 0 0 1 1 1 1 1 1 1 0 1 1 1 0 ",393.7273,45000,0,0,42882,0.75;50M
129,50,"1 1 1 1 1 0 1 1 0 0 1 1 1 1 1 1 0 1 1 1 1 1 0 1 1 1 1 1 0 0 0 0 1 1 1 1 1 0 0 1 0 1 1 1 0 1 1 0 0 0 ",405.926,47500,0,0,46542,0.75;50M
13,50,"1 1 1 1 1 0 1 0 1 0 1 0 1 0 1 0 1 1 1 1 0 1 0 1 0 0 1 1 0 1 1 1 0 1 1 0 1 1 0 1 1 1 1 1 1 1 1 1 0 0 ",387.099,45000,0,0,34939,0.75;50M
130,50,"1 1 1 0 1 1 0 1 1 1 1 1 1 1 0 1 0 1 0 1 1 0 1 1 0 1 0 0 1 0 1 1 1 1 0 1 1 1 1 1 0 0 1 0 0 1 0 1 1 1 ",376.6885,45000,0,0,40633,0.75;50M
131,50,"1 0 1 1 0 1 0 0 1 0 1 1 1 1 0 0 1 1 1 1 0 1 1 1 1 1 0 0 1 1 1 1 0 0 1 0 1 0 1 1 1 1 1 1 1 0 1 1 0 1 ",379.1413,45000,0,0,44576,0.75;50M
132,50,"0 0 1 1 1 1 0 1 1 1 1 0 0 1 1 1 0 1 0 1 1 1 1 1 1 1 1 1 0 1 0 0 0 1 1 1 1 0 1 1 1 1 1 1 0 1 1 1 0 1 ",365.2679,42500,0,0,38699,0.75;50M
133,50,"1 0 0 1 1 0 1 1 1 0 1 1 1 0 1 1 1 1 1 0 1 1 1 0 0 1 1 1 0 0 0 1 0 1 1 1 1 1 1 0 0 1 1 0 1 1 0 1 0 1 ",370.0949,42500,0,0,34511,0.75;50M
134,50,"1 1 1 1 0 1 1 0 0 0 1 1 0 0 1 1 1 1 1 1 1 1 1 1 0 1 1 1 0 1 1 0 1 0 0 0 1 0 0 0 1 1 1 1 0 0 1 1 1 1 ",361.3628,42500,0,0,38295,0.75;50M
135,50,"1 1 1 1 0 1 1 1 1 1 1 1 1 1 1 0 0 1 1 1 1 1 1 1 1 0 1 1 1 1 0 0 1 1 1 1 1 0 1 1 1 1 1 0 1 1 0 1 1 0 ",356.1299,42500,0,0,36802,0.75;50M
136,50,"1 1 1 0 1 0 1 1 1 1 1 1 1 0 1 1 1 0 0 0 1 1 1 1 0 0 1 1 0 1 1 1 0 1 0 1 1 1 0 1 0 0 0 0 1 0 1 1 1 0 ",377.9876,45000,0,0,29543,0.75;50M
137,50,"0 1 1 1 0 1 1 1 1 1 1 0 1 1 0 1 0 0 1 1 1 0 1 0 0 1 1 1 1 1 1 1 0 0 0 0 1 1 1 0 0 1 1 1 0 1 0 1 1 0 ",387.1127,45000,0,0,37161,0.75;50M
138,50,"1 0 1 0 1 1 1 1 1 0 1 1 1 1 1 1 0 0 0 1 0 1 0 0 1 1 0 0 1 0 1 1 0 1 1 1 1 1 1 1 1 1 0 1 1 1 1 1 0 1 ",393.1073,45000,0,0,43877,0.75;50M
139,50,"0 0 1 1 0 1 1 1 1 1 0 1 1 1 1 0 0 1 0 1 0 1 1 1 0 1 1 1 0 1 1 1 1 1 1 1 1 0 1 0 1 1 1 1 1 1 1 1 1 1 ",383.935,45000,0,0,37102,0.75;50M
14,50,"0 1 1 1 1 0 1 1 1 1 1 1 1 1 0 1 0 0 1 1 1 1 1 0 1 1 0 1 1 1 1 1 1 0 1 0 1 1 1 0 0 1 0 0 1 1 1 1 0 1 ",368.6701,42500,0,0,39690,0.75;50M
140,50,"1 0 0 1 1 1 0 1 1 1 0 1 0 1 1 1 1 1 1 1 1 0 1 1 1 0 0 1 1 1 1 0 1 1 1 0 1 1 1 1 1 1 1 1 1 1 1 1 0 1 ",378.1204,45000,0,0,43238,0.75;50M
141,50,"1 1 0 0 1 1 1 1 0 0 1 1 1 1 1 0 1 1 1 1 0 1 0 1 1 1 1 1 1 0 1 1 1 0 1 0 0 1 1 0 1 0 1 1 1 1 0 1 0 1 ",384.1268,45000,0,0,35175,0.75;50M
142,50,"1 1 0 1 0 1 1 1 1 1 1 1 1 1 0 1 1 0 0 1 1 0 1 1 1 1 0 0 1 1 1 1 1 1 0 1 1 1 1 1 1 1 0 1 0 1 1 0 1 1 ",380.7844,45000,0,0,43349,0.75;50M
143,50,"1 0 0 0 1 1 1 0 1 1 0 0 1 1 0 1 1 1 1 0 1 1 1 0 1 1 0 1 1 1 0 1 0 1 1 0 1 1 1 0 1 1 1 1 1 1 0 0 1 1 ",362.9695,42500,0,0,35085,0.75;50M
144,50,"1 0 1 1 1 1 1 1 1 0 1 1 1 1 0 0 1 1 0 1 1 0 0 0 1 0 1 0 0 1 1 0 1 1 1 1 1 1 1 1 0 0 0 0 1 1 0 1 1 1 ",332.1059,40000,0,0,38201,0.75;50M
145,50,"1 1 1 0 0 0 1 0 1 0 1 0 1 1 0 1 1 0 1 1 0 1 0 1 1 1 1 1 0 1 1 1 1 1 1 1 1 1 1 1 1 1 1 1 1 0 1 1 0 1 ",400.0863,47500,0,0,37247,0.75;50M
146,50,"1 1 1 1 1 1 1 0 1 1 0 1 1 1 1 0 1 1 1 1 1 1 1 1 0 0 1 1 0 1 0 1 0 1 0 0 0 1 1 1 1 1 1 1 1 1 0 1 1 0 ",376.37,42500,0,0,38982,0.75;50M
147,50,"1 1 0 1 0 0 1 1 1 1 0 0 0 1 1 1 1 1 0 1 0 1 1 1 1 0 1 0 1 0 1 0 1 1 1 0 1 1 1 1 1 0 0 1 1 1 1 1 1 1 ",388.6368,45000,0,0,36303,0.75;50M
148,50,"1 0 0 1 1 1 0 0 1 0 0 1 1 0 1 1 0 1 1 1 1 0 1 1 0 0 1 1 1 1 0 1 0 0 1 1 1 1 0 1 1 1 1 1 1 1 1 1 0 1 ",360.1563,42500,0,0,40314,0.75;50M
149,50,"1 1 1 1 1 1 1 1 1 1 1 1 1 1 0 1 1 0 1 0 1 1 1 1 0 1 0 1 0 0 1 1 0 1 0 0 0 1 0 0 1 0 1 1 1 1 1 0 1 1 ",334.4002,40000,0,0,35509,0.75;50M
15,50,"1 0 1 0 1 1 1 1 1 1 0 1 1 0 1 0 1 1 0 1 1 1 1 1 1 0 0 1 1 1 1 1 1 1 0 1 1 1 0 0 1 1 1 1 1 1 0 1 1 1 ",403.7391,47500,0,0,42033,0.75;50M
150,50,"1 1 0 1 0 1 1 0 0 0 1 1 1 1 0 1 1 0 1 1 1 1 0 1 1 1 0 0 1 1 0 0 1 0 1 0 1 1 1 1 1 1 1 1 1 1 0 1 1 1 ",418.2676,47500,0,0,46538,0.75;50M
151,50,"1 1 1 0 0 0 1 0 1 0 0 1 1 1 0 1 1 0 1 1 1 1 1 1 0 1 1 1 1 1 1 1 1 0 1 1 1 0 1 0 1 0 0 1 1 1 1 0 1 1 ",351.0904,42500,0,0,40667,0.75;50M
152,50,"0 1 0 1 0 1 1 1 1 0 1 0 0 1 1 0 1 0 1 0 1 0 1 1 0 1 1 1 1 1 1 1 1 0 1 0 0 1 0 0 1 1 0 1 1 1 0 1 0 0 ",375.328,42500,0,0,41132,0.75;50M
153,50,"1 1 0 1 0 1 1 0 1 1 0 0 0 1 0 1 0 1 0 0 0 0 0 1 1 1 0 1 1 1 1 1 1 1 0 1 1 0 0 1 1 0 1 1 1 1 1 1 1 1 ",362.2869,42500,0,0,41350,0.75;50M
154,50,"0 0 1 1 1 1 1 1 1 0 1 1 0 1 1 0 1 1 1 1 1 0 1 1 0 1 0 1 1 1 0 1 1 1 1 0 1 0 1 1 0 1 1 0 0 0 1 1 1 0 ",402.2818,45000,0,0,38594,0.75;50M
155,50,"1 0 1 0 1 0 1 1 1 0 1 1 0 1 1 1 1 1 0 0 1 0 0 1 1 1 1 1 1 1 1 1 1 1 1 1 0 1 1 1 1 1 0 0 1 1 1 1 1 0 ",391.1316,45000,0,0,38561,0.75;50M
156,50,"1 0 1 1 1 1 1 0 1 1 0 1 0 1 1 1 1 1 1 1 1 1 1 1 1 0 1 1 1 0 0 1 1 1 1 1 0 1 1 1 1 1 1 1 0 1 1 0 1 0 ",372.8628,42500,0,0,38442,0.75;50M
157,50,"0 1 0 0 0 1 1 0 1 1 1 1 1 1 1 0 0 1 1 0 0 1 1 1 1 1 1 1 1 1 1 1 1 1 1 1 1 0 1 1 1 1 1 1 1 0 0 1 0 1 ",390.1275,45000,0,0,44706,0.75;50M
158,50,"1 0 0 0 1 1 1 1 1 0 1 1 1 1 1 1 1 0 1 1 1 0 0 0 0 0 1 0 1 1 0 1 0 1 1 1 1 1 1 1 1 1 0 1 1 1 0 1 1 1 ",366.6964,42500,0,0,40278,0.75;50M
159,50,"1 1 0 1 1 1 1 1 1 0 1 1 1 1 1 1 1 1 1 0 1 1 1 0 0 0 1 1 1 1 0 1 1 0 1 1 1 1 1 1 0 1 1 1 1 0 1 1 1 0 ",356.0803,42500,0,0,40700,0.75;50M
16,50,"1 0 1 1 1 1 1 0 1 0 1 1 1 0 1 1 0 1 0 0 1 1 1 1 0 1 1 1 1 1 0 1 0 1 1 1 1 1 1 1 1 1 0 1 1 1 0 1 1 1 ",398.8216,45000,0,0,42768,0.75;50M
160,50,"1 1 1 0 1 0 1 0 1 0 1 1 1 0 0 0 1 1 1 1 1 1 1 0 1 1 1 0 1 1 1 1 0 0 1 1 0 1 1 0 1 0 1 1 1 0 1 1 1 0 ",359.3449,42500,0,0,40495,0.75;50M
161,50,"1 1 1 1 1 1 1 0 1 1 1 0 1 0 1 0 1 0 1 1 0 1 0 1 0 0 1 1 1 1 0 0 1 1 0 1 0 1 1 1 1 0 1 0 1 1 1 1 0 0 ",368.4635,42500,0,0,41456,0.75;50M
162,50,"0 1 1 1 1 1 1 1 1 1 1 1 1 0 0 1 1 1 0 0 0 0 1 1 1 1 1 1 1 1 1 0 1 0 1 1 1 1 1 1 1 1 1 1 0 1 0 1 0 1 ",391.0339,45000,0,0,41050,0.75;50M
163,50,"1 0 1 1 1 1 1 1 1 1 1 1 1 1 0 1 1 1 1 1 1 1 1 0 0 1 1 1 1 1 0 0 1 0 0 0 0 1 1 1 1 1 1 0 0 1 1 0 1 1 ",380.5356,45000,0,0,41617,0.75;50M
164,50,"0 1 0 1 1 1 1 1 1 1 0 1 1 0 1 0 0 0 1 0 1 1 1 1 1 0 1 1 1 1 1 1 1 0 0 1 1 0 0 1 0 1 1 1 0 1 1 1 0 1 ",367.0268,42500,0,0,39158,0.75;50M
165,50,"1 0 1 1 1 0 1 0 0 0 1 0 1 1 1 1 0 1 1 1 1 0 1 1 1 0 1 1 1 1 1 1 1 0 1 0 1 0 1 1 1 1 1 1 1 1 0 0 1 1 ",390.5956,45000,0,0,44878,0.75;50M
166,50,"1 1 0 0 1 1 0 1 1 1 1 1 1 0 0 1 1 1 1 0 0 1 0 1 1 1 1 0 0 1 0 1 1 0 0 1 0 1 1 0 1 0 0 1 0 0 0 1 1 0 ",366.5396,42500,0,0,38049,0.75;50M
167,50,"0 1 1 0 1 0 1 1 1 1 1 0 0 0 1 0 1 1 1 1 1 0 0 1 1 1 1 1 0 1 1 1 1 0 1 1 0 1 1 0 1 0 0 1 0 0 0 0 1 1 ",403.1918,45000,0,0,37402,0.75;50M
168,50,"1 1 1 0 1 0 0 0 0 1 1 1 1 0 0 1 1 0 1 1 1 1 0 1 1 1 0 0 1 0 1 1 0 1 1 0 1 0 1 0 1 0 1 1 1 1 1 1 0 1 ",397.6181,45000,0,0,39714,0.75;50M
169,50,"1 1 1 1 0 1 1 1 1 1 1 1 1 0 1 1 0 1 1 1 0 1 1 1 1 1 1 1 1 0 0 1 0 1 1 1 0 1 1 1 0 0 1 0 0 0 0 0 0 1 ",372.3982,42500,0,0,40366,0.75;50M
17,50,"0 1 1 1 0 1 0 0 1 1 1 1 1 0 1 0 0 0 1 1 0 1 1 1 1 1 1 1 1 1 0 1 1 1 1 0 1 0 0 1 0 1 0 1 1 1 1 1 0 0 ",373.4519,42500,0,0,40242,0.75;50M
170,50,"1 1 1 0 1 1 1 1 1 0 1 1 1 0 1 0 1 1 0 1 1 1 1 0 0 1 0 0 1 1 1 1 1 1 1 0 1 1 1 0 0 1 1 1 1 1 1 1 1 0 ",372.0615,42500,0,0,39837,0.75;50M
171,50,"1 1 1 1 1 1 0 0 1 0 0 0 0 0 1 1 1 1 1 1 1 1 1 1 0 1 1 0 1 1 1 0 1 1 1 0 1 1 1 1 0 1 1 1 1 1 1 0 1 0 ",406.3673,45000,0,0,35952,0.75;50M
172,50,"0 0 0 1 0 1 1 0 1 1 1 0 1 1 1 0 1 1 0 1 0 0 0 0 0 1 1 1 0 0 0 1 1 1 1 1 1 1 0 1 1 1 0 0 1 1 1 1 0 0 ",364.4367,42500,0,0,42280,0.75;50M
173,50,"0 1 0 1 1 1 1 0 0 1 1 0 1 0 1 0 1 1 1 1 0 1 1 0 1 1 1 1 0 1 1 1 0 1 0 1 1 1 0 0 1 1 1 1 0 0 0 1 0 1 ",393.0812,45000,0,0,39540,0.75;50M
174,50,"0 1 0 0 0 1 1 1 1 1 1 1 1 1 1 1 1 1 1 0 1 1 1 1 1 0 1 1 1 0 1 1 1 0 0 1 1 1 1 1 1 1 1 0 0 1 0 1 1 1 ",391.5839,45000,0,0,43193,0.75;50M
175,50,"0 1 0 1 1 1 1 1 0 1 0 0 1 1 1 1 1 0 1 1 0 1 0 1 1 1 1 1 0 0 1 1 0 1 1 1 1 0 0 1 1 1 1 0 1 0 1 1 1 1 ",358.4942,40000,0,0,37890,0.75;50M
176,50,"0 0 1 1 1 1 1 0 1 1 1 0 1 0 1 1 1 1 0 1 1 1 0 0 1 1 0 0 1 1 1 0 1 1 1 1 1 1 1 1 0 1 1 1 1 1 0 1 1 1 ",384.2775,42500,0,0,35601,0.75;50M
177,50,"0 0 1 1 0 0 1 1 1 1 1 1 1 1 1 1 0 1 0 1 1 1 1 1 0 0 1 1 1 1 1 0 1 1 0 1 0 1 0 1 0 1 0 1 1 1 1 1 1 1 ",396.6185,45000,0,0,41451,0.75;50M
178,50,"1 0 0 1 1 1 0 1 1 0 0 0 0 0 1 0 1 1 0 1 1 1 1 1 1 1 0 1 1 0 1 1 1 1 1 1 1 1 1 1 1 0 1 1 1 0 1 1 0 0 ",395.657,45000,0,0,41365,0.75;50M
179,50,"1 1 1 1 1 0 1 1 1 1 1 1 1 1 1 0 0 1 0 1 0 1 1 1 1 0 1 1 0 1 1 1 1 1 1 0 1 1 1 0 1 1 1 1 1 0 1 0 1 1 ",416.9153,47500,0,0,43953,0.75;50M
18,50,"0 1 1 1 0 1 1 1 1 1 1 1 0 0 0 1 1 1 1 1 0 1 1 0 1 1 1 1 0 1 1 1 1 1 1 1 0 0 1 1 1 1 1 0 1 1 0 1 0 1 ",405.394,45000,0,0,41211,0.75;50M
180,50,"1 0 0 0 1 1 1 1 1 1 1 1 0 0 1 1 1 1 1 1 1 1 1 1 0 1 1 1 0 0 1 1 1 1 1 1 0 1 0 1 1 0 1 0 0 0 0 1 1 0 ",366.296,42500,0,0,41559,0.75;50M
181,50,"1 1 1 1 0 1 1 1 1 0 1 1 0 1 1 1 0 1 1 1 1 0 0 1 1 0 1 1 0 1 1 0 1 0 1 0 1 1 1 1 1 1 1 1 1 0 1 1 1 1 ",375.7122,42500,0,0,37645,0.75;50M
182,50,"0 1 1 1 0 1 1 1 1 1 0 0 1 1 1 0 1 1 1 1 1 1 1 1 1 0 1 1 1 1 0 1 1 1 1 0 1 1 1 1 1 1 1 0 0 1 0 1 1 1 ",376.4417,42500,0,0,39003,0.75;50M
183,50,"1 0 1 1 1 1 0 1 0 1 1 1 1 0 1 0 0 1 0 1 0 1 1 1 1 1 0 1 0 0 1 1 1 1 1 1 1 1 1 1 1 1 1 1 1 0 0 1 1 1 ",389.9008,45000,0,0,41247,0.75;50M
184,50,"1 1 0 1 1 1 1 0 1 1 1 0 1 0 0 1 0 0 1 1 1 1 0 1 1 1 1 0 1 1 0 1 1 1 1 0 1 1 0 1 1 1 0 1 1 1 1 1 0 1 ",418.6235,47500,0,0,39294,0.75;50M
185,50,"0 1 1 1 1 0 1 1 0 1 1 1 0 1 0 1 1 1 0 1 0 1 1 1 1 0 0 1 0 1 1 1 1 1 0 1 1 1 0 1 0 1 1 0 1 1 1 1 1 0 ",397.0186,45000,0,0,42334,0.75;50M
186,50,"1 1 0 0 1 1 1 1 0 1 1 1 1 1 0 0 1 0 1 1 1 1 1 1 1 1 0 0 1 0 1 1 1 1 1 0 1 1 1 0 1 1 0 1 1 1 0 1 1 0 ",396.8665,45000,0,0,41890,0.75;50M
187,50,"1 0 0 1 1 1 1 0 0 1 1 0 0 0 1 1 0 0 1 0 0 1 1 1 0 1 1 1 0 1 1 1 1 1 1 0 1 1 1 1 1 1 0 0 0 1 1 1 1 1 ",393.8551,42500,0,0,36432,0.75;50M
188,50,"0 1 1 1 1 0 1 0 0 1 1 1 0 0 1 0 1 1 1 1 0 0 0 0 1 1 1 1 1 1 1 1 0 0 0 1 1 0 1 1 1 1 1 1 0 1 0 1 1 1 ",398.2547,45000,0,0,35288,0.75;50M
189,50,"1 1 0 1 1 0 1 0 1 0 0 1 0 1 1 0 0 1 0 0 1 0 1 1 1 0 1 1 0 1 1 1 1 1 1 1 1 0 0 1 1 1 1 1 1 1 1 1 0 1 ",398.0254,45000,0,0,39053,0.75;50M
19,50,"1 1 1 1 1 1 1 0 0 0 1 1 0 1 0 0 1 0 1 1 1 1 1 1 1 0 1 1 0 0 1 1 1 1 1 1 1 0 0 1 0 1 1 1 1 0 1 0 0 0 ",400.3856,45000,0,0,40001,0.75;50M
190,50,"0 1 1 1 1 1 1 0 1 1 1 1 1 1 1 1 1 0 0 0 1 1 1 1 1 0 1 1 1 1 1 1 1 1 1 1 0 1 1 0 0 0 1 1 0 1 1 1 1 0 ",362.4071,42500,0,0,41780,0.75;50M
191,50,"0 1 1 1 0 0 1 0 1 0 1 1 0 1 1 1 0 1 1 1 1 1 1 1 0 0 0 1 1 1 1 0 1 1 1 1 1 0 1 1 0 1 1 0 1 0 0 1 1 1 ",365.7053,42500,0,0,40266,0.75;50M
192,50,"1 1 1 0 1 1 1 1 1 1 1 1 1 1 0 1 1 1 0 1 0 0 1 0 0 0 1 0 0 1 1 1 0 1 1 0 1 1 1 1 0 0 1 1 1 1 0 1 1 0 ",371.0623,42500,0,0,33423,0.75;50M
193,50,"0 1 1 0 1 1 1 1 1 1 1 1 0 1 1 1 1 1 1 1 1 0 1 0 1 0 1 0 0 1 1 0 0 1 1 1 1 0 0 1 1 0 0 0 1 1 1 1 0 1 ",389.1697,45000,0,0,42234,0.75;50M
194,50,"0 1 0 1 0 0 1 0 1 0 1 1 1 1 1 0 1 0 1 1 1 1 1 1 1 0 0 1 0 1 1 0 1 1 1 0 1 1 1 1 0 1 1 0 0 1 0 1 0 1 ",375.1379,42500,0,0,37889,0.75;50M
195,50,"1 1 1 1 0 1 1 1 0 1 1 0 1 0 1 1 0 0 1 1 0 0 1 1 1 0 1 1 0 1 1 0 0 1 1 1 1 1 1 1 1 1 1 1 1 0 1 1 0 0 ",381.1314,42500,0,0,34577,0.75;50M
196,50,"1 1 0 1 1 0 0 1 1 1 1 1 1 1 1 1 1 1 0 0 1 1 0 1 0 1 1 0 1 1 1 1 0 0 1 1 1 1 0 1 1 0 1 1 1 1 1 1 1 0 ",375.9685,42500,0,0,40370,0.75;50M
197,50,"1 0 1 1 1 1 1 1 1 0 1 1 0 1 1 1 1 1 1 1 1 1 1 0 0 1 0 1 0 1 1 1 0 1 1 1 0 1 1 1 0 1 1 0 0 1 1 1 1 1 ",389.5282,45000,0,0,40217,0.75;50M
198,50,"1 1 0 0 1 0 1 1 1 1 1 1 1 0 1 1 1 0 1 0 1 1 1 1 1 0 1 1 1 1 1 1 1 0 0 1 0 0 1 1 0 1 0 0 1 1 0 1 0 1 ",394.8998,45000,0,0,43329,0.75;50M
199,50,"1 1 1 0 1 1 1 0 1 0 1 0 1 1 1 1 1 1 1 0 1 0 1 1 1 1 1 0 0 0 0 1 1 1 1 1 1 1 1 1 0 1 1 1 0 0 0 1 1 1 ",386.1506,42500,0,0,38957,0.75;50M
2,50,"0 1 1 1 1 1 1 1 1 0 1 1 1 0 0 1 1 0 1 1 1 1 1 1 1 1 1 1 1 1 1 0 1 1 0 1 1 1 1 1 0 1 1 1 1 1 1 1 1 1 ",398.8579,45000,0,0,42437,0.75;50M
20,50,"1 0 1 0 0 1 1 0 0 0 1 1 1 1 1 1 1 1 1 1 0 1 0 0 1 0 1 0 1 1 0 1 1 0 1 0 0 0 1 0 0 1 1 0 1 1 1 1 1 1 ",387.1429,45000,0,0,37013,0.75;50M
200,50,"1 0 0 1 1 0 1 0 0 1 1 0 0 1 1 0 1 0 1 1 1 1 1 1 1 0 1 1 1 0 0 1 0 1 0 1 1 1 1 1 1 1 1 1 0 1 0 0 1 1 ",448.8661,50000,0,0,34774,0.75;50M
201,50,"1 1 0 1 1 0 1 1 0 1 0 0 1 1 1 1 0 1 0 0 0 0 1 1 1 1 1 1 1 1 0 1 1 0 1 1 1 1 1 0 1 0 1 0 1 0 1 1 0 0 ",374.478,42500,0,0,35998,0.75;50M
202,50,"0 1 0 0 0 0 1 1 1 1 1 1 1 1 1 1 1 1 1 0 1 1 0 1 1 0 0 1 0 0 0 1 1 1 1 0 0 0 1 0 1 1 0 0 1 1 1 0 1 1 ",363.137,42500,0,0,41020,0.75;50M
203,50,"1 1 1 1 1 1 1 1 1 1 1 1 0 1 1 0 0 0 1 1 1 1 0 0 0 0 1 0 1 1 1 1 1 0 1 0 1 1 1 1 1 1 1 0 1 1 1 1 0 1 ",367.8786,42500,0,0,37114,0.75;50M
204,50,"1 1 1 0 1 0 0 0 1 1 1 0 1 0 1 0 1 1 1 1 1 0 0 0 1 0 1 0 0 0 1 0 1 0 1 1 1 0 1 1 1 0 0 1 1 1 0 1 1 1 ",366.4602,42500,0,0,42130,0.75;50M
205,50,"1 1 1 1 1 0 1 1 1 1 1 1 1 1 1 1 1 1 1 0 1 1 0 1 1 1 1 0 1 0 0 1 1 1 0 0 0 1 1 1 0 1 1 1 1 1 1 1 0 1 ",410.0071,47500,0,0,47354,0.75;50M
206,50,"0 1 0 0 1 1 0 1 1 1 1 0 1 1 1 1 1 1 1 1 1 1 1 0 1 0 0 0 0 0 1 1 1 1 1 0 1 1 1 1 1 1 1 0 1 1 0 1 1 1 ",342.9231,40000,0,0,35954,0.75;50M
207,50,"1 1 1 1 1 0 1 0 0 0 1 1 0 1 1 1 0 1 0 0 1 1 1 1 0 1 1 1 1 1 0 0 1 1 0 0 0 1 1 1 0 0 1 1 1 1 1 0 0 0 ",400.5789,45000,0,0,37475,0.75;50M
208,50,"1 0 0 1 1 0 0 1 1 1 0 1 0 1 0 1 0 1 1 0 1 1 1 1 1 1 1 1 0 0 1 0 1 1 1 1 1 1 1 1 1 1 1 0 1 1 0 1 1 1 ",388.9183,45000,0,0,38863,0.75;50M
209,50,"0 1 1 1 1 1 0 0 0 0 1 0 1 1 0 0 1 1 1 1 0 0 1 0 0 1 0 0 0 0 1 1 1 1 0 1 1 1 1 1 1 1 1 1 1 0 1 1 1 1 ",373.7521,42500,0,0,40039,0.75;50M
21,50,"1 0 1 1 1 1 0 1 1 0 1 1 1 1 1 1 1 0 1 1 0 0 1 0 1 1 0 1 1 0 0 0 1 1 0 0 1 1 1 1 1 1 1 1 1 1 1 1 1 1 ",366.957,42500,0,0,34431,0.75;50M
210,50,"1 1 0 0 0 1 0 0 0 1 0 1 0 0 0 1 0 0 0 1 1 1 0 1 1 1 1 1 1 1 1 1 1 0 1 1 1 1 1 0 0 1 1 0 0 0 1 0 0 0 ",385.7751,45000,0,0,42427,0.75;50M
211,50,"1 0 1 1 1 1 1 0 1 0 1 0 0 0 1 1 0 0 1 1 1 0 0 0 1 1 0 0 1 1 0 0 1 1 0 1 1 0 1 1 0 1 1 1 0 1 1 1 0 1 ",359.7846,42500,0,0,41977,0.75;50M
212,50,"1 1 0 1 0 0 0 1 1 0 0 1 1 1 1 1 0 1 1 0 1 1 1 1 1 1 1 1 1 1 1 1 0 1 1 0 0 1 1 1 1 0 0 1 1 1 1 0 1 1 ",364.5233,42500,0,0,37453,0.75;50M
213,50,"1 0 1 1 1 0 1 1 1 0 1 1 1 0 1 1 1 0 0 0 0 1 1 1 1 0 1 1 0 1 0 0 0 1 1 1 0 0 1 1 1 1 1 1 0 1 1 1 0 1 ",368.1334,42500,0,0,37691,0.75;50M
214,50,"0 0 0 1 1 0 1 1 1 1 1 1 0 1 1 1 1 0 1 1 0 1 1 1 1 1 1 0 1 1 0 0 0 1 1 1 1 0 1 0 0 0 1 1 0 0 0 0 0 1 ",371.526,42500,0,0,37194,0.75;50M
215,50,"1 1 1 1 1 1 1 1 1 1 0 0 0 1 1 1 1 1 1 0 1 1 1 1 1 0 1 1 0 1 0 1 1 1 1 1 1 0 0 1 1 1 0 1 1 0 0 1 0 0 ",376.6164,42500,0,0,42275,0.75;50M
216,50,"1 1 1 1 0 1 0 0 1 1 0 1 0 1 1 1 0 0 1 1 1 1 0 1 1 0 1 1 1 0 1 1 1 1 1 1 1 1 1 1 1 1 1 1 1 1 0 0 0 0 ",319.7719,37500,0,0,35471,0.75;50M
217,50,"1 1 1 1 1 1 0 1 0 0 0 1 1 1 1 1 1 1 1 0 1 1 0 0 1 0 1 1 1 1 0 0 1 1 1 1 1 1 0 0 1 1 1 0 1 1 1 1 1 0 ",367.6464,42500,0,0,33556,0.75;50M
218,50,"0 0 1 1 1 1 1 0 1 1 0 1 1 1 1 1 1 1 1 0 0 1 0 1 1 0 0 1 1 1 1 1 1 1 1 1 1 0 1 1 1 1 1 1 0 1 1 1 0 1 ",413.177,47500,0,0,44894,0.75;50M
219,50,"0 0 1 0 1 1 0 1 1 1 1 1 1 1 1 1 1 0 1 1 1 1 0 0 1 1 0 0 0 0 1 1 0 0 1 0 1 1 0 1 1 1 1 0 0 1 1 0 1 0 ",362.6599,42500,0,0,39486,0.75;50M
22,50,"0 0 1 0 0 1 1 1 1 0 1 1 1 0 1 1 1 1 0 0 1 1 0 1 0 1 1 1 0 1 1 0 1 1 0 0 1 1 0 1 1 0 1 1 1 1 0 1 0 1 ",365.1199,42500,0,0,29349,0.75;50M
220,50,"1 1 1 1 1 0 1 1 1 0 1 0 1 0 1 1 1 1 1 0 1 1 1 0 0 1 0 0 1 1 1 0 0 1 0 1 1 1 0 0 1 1 1 1 1 0 1 1 1 1 ",388.1632,42500,0,0,38413,0.75;50M
221,50,"0 1 0 1 1 0 1 1 0 1 0 1 0 1 0 1 1 1 0 1 1 1 0 1 1 0 1 1 0 1 1 1 0 1 1 1 0 1 1 1 1 1 0 1 0 0 1 0 0 1 ",396.4832,45000,0,0,34660,0.75;50M
222,50,"1 1 0 0 1 1 1 1 0 1 0 1 1 1 0 1 1 0 1 1 1 1 1 0 1 0 0 0 1 0 1 1 0 1 1 1 1 1 1 0 1 1 1 0 1 1 0 0 1 1 ",391.4353,45000,0,0,44846,0.75;50M
223,50,"1 0 1 1 1 1 1 1 1 1 1 1 1 1 1 0 1 1 1 1 0 1 0 0 1 1 1 0 1 0 1 1 0 1 1 1 1 1 1 1 1 0 1 0 1 1 0 0 1 1 ",396.3448,45000,0,0,38797,0.75;50M
224,50,"1 1 1 0 1 1 1 0 1 0 0 1 1 1 0 1 1 1 1 1 1 1 1 1 1 1 1 1 1 1 1 1 1 1 0 0 0 1 0 1 0 0 1 1 1 0 1 0 1 1 ",389.0319,45000,0,0,42752,0.75;50M
225,50,"0 1 1 1 1 1 1 1 1 0 1 1 1 1 1 0 0 0 1 0 1 0 1 1 1 1 0 0 1 0 0 1 1 1 1 1 0 1 1 1 0 1 0 0 1 1 1 1 1 1 ",372.2647,42500,0,0,40198,0.75;50M
226,50,"0 0 0 1 1 0 1 1 0 1 1 1 0 0 1 1 1 1 1 0 1 1 1 1 1 0 1 0 1 1 1 1 1 1 1 1 0 1 1 0 1 1 0 0 0 0 0 1 1 1 ",383.3537,42500,0,0,37219,0.75;50M
227,50,"0 1 1 0 1 1 1 1 1 0 1 1 1 1 1 1 1 1 1 1 0 0 1 0 1 1 1 1 0 0 0 0 0 0 1 0 1 1 1 1 1 1 1 1 1 1 1 1 1 1 ",356.5712,40000,0,0,38956,0.75;50M
228,50,"1 0 0 1 1 1 1 1 0 0 1 1 1 1 1 1 0 1 1 1 1 1 1 0 1 0 1 0 1 0 1 1 1 1 1 1 0 0 0 1 1 1 1 0 0 1 1 1 1 1 ",388.7946,45000,0,0,41314,0.75;50M
229,50,"1 1 1 1 1 1 0 0 1 1 1 1 0 1 1 0 0 1 1 0 0 0 1 1 1 1 1 1 1 1 0 1 1 1 0 1 1 1 1 1 1 1 1 1 1 0 1 1 1 1 ",379.116,42500,0,0,41367,0.75;50M
23,50,"0 0 1 1 1 1 1 1 1 1 0 1 1 0 1 1 1 1 1 1 1 1 0 1 1 1 1 0 1 1 0 1 0 1 1 1 0 1 0 1 0 1 1 1 1 0 1 0 1 1 ",399.7598,45000,0,0,39182,0.75;50M
230,50,"1 1 1 1 0 0 1 0 1 0 1 1 1 1 1 1 0 1 1 1 0 0 1 0 0 1 1 1 1 0 1 1 1 1 1 1 1 0 1 1 1 0 1 1 1 1 1 1 0 0 ",364.6831,42500,0,0,41387,0.75;50M
231,50,"1 1 1 0 1 1 1 1 1 1 1 0 1 0 1 0 1 0 1 0 0 1 0 0 1 1 0 1 0 0 1 1 1 0 1 1 1 1 1 1 0 1 0 1 1 1 0 1 1 1 ",372.5154,42500,0,0,40278,0.75;50M
232,50,"1 0 0 1 0 1 1 1 0 1 1 1 1 1 1 1 1 1 0 1 1 1 1 1 1 1 0 1 1 1 1 1 1 1 1 0 0 0 1 1 1 1 1 1 0 0 1 1 1 1 ",412.2332,47500,0,0,43628,0.75;50M
233,50,"1 1 1 1 1 1 1 1 0 1 1 1 1 1 1 0 1 1 1 1 1 0 1 0 0 1 0 1 1 1 0 1 1 1 1 1 1 1 1 0 0 1 1 1 0 0 1 1 1 1 ",402.3975,45000,0,0,43969,0.75;50M
234,50,"1 1 1 1 1 0 1 1 1 1 1 1 1 1 1 0 1 1 0 0 0 1 0 1 1 0 1 0 1 1 1 0 1 1 1 1 0 1 1 1 1 1 1 1 1 1 1 1 0 1 ",389.6356,45000,0,0,37818,0.75;50M
235,50,"0 1 1 1 1 1 0 1 0 1 0 1 0 1 0 1 1 1 1 1 1 1 1 1 0 1 1 1 1 0 0 1 1 0 1 0 0 1 1 1 1 1 1 0 1 1 0 1 1 0 ",415.3242,47500,0,0,44358,0.75;50M
236,50,"1 1 1 1 1 1 1 1 1 0 1 1 0 1 0 0 1 1 1 1 0 0 1 1 1 1 0 1 1 1 1 1 1 0 1 0 1 1 0 1 1 1 0 1 0 1 0 1 1 1 ",389.8511,45000,0,0,41065,0.75;50M
237,50,"1 1 0 1 1 0 0 1 1 1 0 0 0 1 1 1 1 1 1 1 1 0 1 1 0 0 1 0 1 1 1 0 0 1 1 1 0 1 1 1 1 0 0 1 1 0 1 1 1 1 ",375.1177,45000,0,0,38106,0.75;50M
238,50,"1 1 1 1 0 1 0 1 1 1 1 1 1 1 0 1 0 0 0 1 0 0 0 1 1 1 1 1 1 1 1 1 1 0 1 1 0 1 1 1 0 1 1 1 0 1 0 1 1 1 ",380.1362,45000,0,0,38156,0.75;50M
239,50,"1 0 1 1 1 0 0 1 0 0 1 1 1 0 1 1 0 0 1 1 1 1 0 1 1 1 0 0 1 1 1 1 0 0 1 1 1 1 0 1 0 1 0 1 1 1 0 0 0 1 ",390.1394,45000,0,0,40217,0.75;50M
24,50,"1 1 1 1 1 0 1 1 0 0 1 1 1 1 1 0 1 1 1 1 1 0 0 1 1 1 1 1 1 1 1 1 0 1 0 1 1 1 0 0 0 1 1 1 0 1 1 0 0 1 ",370.1201,42500,0,0,40545,0.75;50M
240,50,"0 1 1 0 1 0 0 1 0 0 1 1 1 1 1 0 1 1 1 1 1 0 0 1 1 1 1 1 1 1 1 0 0 1 0 1 1 1 1 0 1 1 1 1 1 1 1 0 1 1 ",382.5338,45000,0,0,37442,0.75;50M
241,50,"1 1 1 1 0 0 0 1 0 1 1 1 1 1 1 1 1 1 1 0 0 0 0 0 1 1 1 1 1 1 0 1 1 1 1 0 1 1 1 0 1 0 1 1 0 1 1 1 1 0 ",390.6386,45000,0,0,38546,0.75;50M
242,50,"1 1 1 1 1 1 1 0 1 1 1 0 1 0 1 0 1 1 0 1 1 1 1 0 0 1 0 1 0 0 1 0 1 1 1 1 0 1 1 1 0 1 1 1 1 1 1 0 1 0 ",413.7646,47500,0,0,38086,0.75;50M
243,50,"1 0 0 1 1 1 0 1 1 1 0 1 1 0 0 1 1 1 1 0 1 1 1 1 0 1 1 1 0 1 0 0 0 0 1 1 0 1 1 0 0 0 1 0 0 1 1 1 0 0 ",362.1931,42500,0,0,42032,0.75;50M
244,50,"1 0 0 1 1 1 0 0 1 0 1 1 1 0 1 1 1 1 0 1 1 1 0 1 0 1 1 1 1 0 0 1 1 1 1 1 1 1 1 1 0 0 1 1 1 1 1 1 1 1 ",381.8119,45000,0,0,41089,0.75;50M
245,50,"1 1 1 0 0 0 1 1 0 1 1 1 1 1 1 1 1 1 1 1 1 1 1 0 0 1 0 0 1 1 1 0 1 0 0 1 0 1 1 0 1 1 1 0 1 1 1 1 1 1 ",383.8839,42500,0,0,40069,0.75;50M
246,50,"1 1 0 0 1 1 1 1 0 1 1 0 0 1 0 0 1 1 1 1 0 1 0 0 1 1 1 1 0 1 1 1 0 0 1 0 1 1 1 1 1 0 1 1 1 1 1 0 1 1 ",385.4972,45000,0,0,27761,0.75;50M
247,50,"1 1 0 1 1 1 1 0 1 1 1 1 0 1 1 1 0 1 0 0 0 1 1 1 1 0 1 1 1 0 1 1 0 1 1 1 1 0 0 1 1 0 0 1 1 1 0 0 0 0 ",367.2882,42500,0,0,36691,0.75;50M
248,50,"1 1 1 0 1 1 1 1 0 0 1 1 1 1 0 1 0 0 0 1 0 1 1 0 1 1 1 1 0 1 0 1 1 1 1 0 1 1 1 0 1 0 1 1 1 1 1 1 1 1 ",418.0072,47500,0,0,40697,0.75;50M
249,50,"0 1 0 0 0 0 1 0 1 0 1 1 1 0 0 1 1 1 1 0 1 1 1 0 1 1 0 1 1 0 1 0 0 0 1 0 0 1 1 1 1 1 1 1 1 0 1 1 0 0 ",365.4847,42500,0,0,35985,0.75;50M
25,50,"0 1 1 1 1 0 1 0 0 1 0 1 1 1 1 1 1 1 1 0 1 0 1 0 1 1 1 1 1 0 1 1 1 1 0 0 1 1 0 1 1 1 1 1 1 1 0 1 1 1 ",371.4445,45000,0,0,42332,0.75;50M
250,50,"0 1 1 1 1 1 1 1 0 1 0 1 1 0 1 0 1 0 1 1 1 1 1 1 1 0 1 1 0 1 0 1 0 1 1 0 1 0 1 1 1 1 1 1 1 1 0 1 1 0 ",387.2542,45000,0,0,43318,0.75;50M
251,50,"0 1 0 1 1 1 0 1 0 1 1 1 0 1 1 1 0 1 1 0 1 0 1 1 1 1 0 0 1 0 0 1 1 0 1 1 1 1 1 1 1 0 1 1 0 1 1 1 0 1 ",376.8757,42500,0,0,38901,0.75;50M
252,50,"1 1 0 0 1 1 1 1 1 1 1 1 1 1 0 0 1 0 1 1 0 1 1 0 1 0 1 0 1 1 1 1 1 0 0 1 1 0 0 1 1 0 0 0 1 0 1 1 1 1 ",381.7935,45000,0,0,37975,0.75;50M
253,50,"1 0 1 0 0 1 0 1 0 1 1 0 1 0 1 1 0 0 0 1 0 1 0 1 0 1 1 1 1 1 1 1 1 1 1 0 1 1 1 0 1 1 1 1 0 1 1 1 1 0 ",378.4853,45000,0,0,29194,0.75;50M
254,50,"0 1 1 1 1 1 1 1 1 1 1 1 1 1 0 1 1 1 1 1 1 1 1 0 0 0 1 1 1 0 1 1 0 0 1 1 1 1 1 1 0 0 1 0 0 1 0 1 1 1 ",392.2128,45000,0,0,43161,0.75;50M
255,50,"1 1 1 0 1 1 1 1 1 0 1 1 1 1 0 0 1 0 0 1 1 1 1 0 1 1 1 1 1 1 0 1 0 1 1 0 0 1 1 1 1 1 0 1 1 1 1 1 1 1 ",389.3065,45000,0,0,40069,0.75;50M
256,50,"1 1 1 1 1 0 0 0 1 1 1 0 1 1 1 0 1 0 1 1 1 1 1 0 0 1 1 1 0 1 0 1 1 1 1 1 0 1 0 1 1 0 0 1 1 1 1 1 1 0 ",388.0875,45000,0,0,39416,0.75;50M
257,50,"1 0 1 1 1 1 1 1 1 1 1 1 0 1 1 0 1 1 0 1 0 0 0 1 1 0 0 1 1 1 1 1 0 1 0 1 1 1 1 1 1 1 1 1 1 1 1 1 0 1 ",349.211,42500,0,0,41830,0.75;50M
258,50,"1 0 1 1 1 1 1 0 1 1 1 1 1 1 1 1 1 0 1 1 1 1 0 1 1 1 0 1 1 1 0 0 1 1 1 1 1 1 0 1 0 0 1 0 1 1 1 1 0 0 ",349.6428,40000,0,0,39538,0.75;50M
259,50,"0 0 0 0 0 1 1 1 1 1 1 0 1 1 1 1 1 0 1 0 1 0 0 1 0 1 0 1 1 0 1 0 0 1 1 1 1 1 1 0 1 0 0 0 0 1 0 1 0 0 ",364.4,42500,0,0,38929,0.75;50M
26,50,"1 0 0 1 1 1 1 0 0 1 0 1 0 1 0 1 1 0 1 1 0 0 1 1 1 1 1 1 1 1 1 0 1 0 1 0 1 0 0 1 1 1 0 1 1 1 0 0 1 0 ",358.4266,42500,0,0,40468,0.75;50M
260,50,"0 1 1 0 1 0 0 1 0 0 1 1 1 1 1 1 1 1 1 1 0 1 1 1 0 1 1 1 0 1 1 1 1 1 1 0 1 0 1 1 1 1 1 1 0 0 1 0 0 1 ",355.5733,42500,0,0,38800,0.75;50M
261,50,"1 1 1 1 1 1 1 1 1 1 1 1 1 1 1 1 0 1 0 1 1 1 1 1 1 0 1 0 1 1 1 1 1 1 1 1 1 1 0 1 0 1 1 1 1 1 0 1 0 1 ",380.7397,45000,0,0,42627,0.75;50M
262,50,"1 0 1 0 0 1 1 1 1 1 0 1 1 0 1 1 0 0 1 1 1 1 0 1 1 1 1 1 0 1 0 1 0 0 1 1 1 0 1 0 1 0 0 1 1 1 1 0 1 0 ",387.5168,45000,0,0,42754,0.75;50M
263,50,"1 1 1 0 0 0 0 1 1 1 1 0 1 1 1 0 0 0 1 1 1 0 1 1 1 1 1 0 0 0 0 1 1 0 1 1 1 0 0 0 1 1 1 1 0 1 0 0 0 1 ",364.2473,42500,0,0,40855,0.75;50M
264,50,"1 1 0 1 1 0 0 1 1 1 1 0 1 1 1 1 1 0 1 0 1 1 1 0 0 0 1 1 0 1 1 0 1 1 1 1 1 1 0 0 1 0 1 1 1 1 1 1 1 1 ",380.4889,45000,0,0,44154,0.75;50M
265,50,"1 1 0 1 1 0 1 1 1 1 0 1 1 1 0 1 1 0 1 0 0 1 1 0 1 1 1 1 0 0 1 1 1 0 1 1 1 1 1 1 1 1 0 0 0 1 1 1 0 0 ",365.5047,42500,0,0,35699,0.75;50M
266,50,"1 1 1 0 0 1 1 1 0 0 1 1 1 1 1 1 0 1 0 1 1 0 0 1 1 0 1 1 1 1 1 1 1 1 0 1 1 0 1 1 0 1 1 1 1 0 1 1 1 1 ",391.9845,45000,0,0,35504,0.75;50M
267,50,"1 1 0 1 1 1 1 1 1 1 1 0 1 1 1 1 1 1 1 0 1 1 0 1 1 0 0 0 0 1 1 0 1 1 1 1 0 1 1 1 1 1 1 1 0 1 0 0 0 1 ",355.0971,40000,0,0,38804,0.75;50M
268,50,"1 1 0 1 1 1 0 1 1 1 1 1 1 1 0 0 1 1 1 0 1 1 1 1 1 1 0 0 1 1 1 1 1 1 0 1 0 1 1 1 1 1 0 1 1 0 1 0 1 1 ",388.5063,45000,0,0,43317,0.75;50M
269,50,"0 0 1 1 0 1 1 0 1 0 1 1 1 1 1 1 1 1 1 1 1 1 1 1 1 1 1 1 0 1 1 1 1 1 1 0 0 1 0 0 1 1 0 0 1 1 1 0 0 1 ",391.9329,45000,0,0,43766,0.75;50M
27,50,"1 1 0 1 1 1 1 1 0 1 1 1 1 0 1 1 1 1 0 1 0 0 1 1 1 1 1 1 1 0 0 1 1 1 1 0 1 1 1 1 1 1 1 1 1 0 1 0 0 1 ",414.0974,47500,0,0,47141,0.75;50M
270,50,"1 1 1 1 1 1 0 0 0 0 1 1 1 1 0 1 1 1 1 1 0 1 0 0 0 1 0 1 1 0 1 1 1 1 1 1 0 1 1 1 0 1 1 0 1 0 1 1 1 1 ",387.3493,45000,0,0,43586,0.75;50M
271,50,"1 1 1 0 1 0 1 0 1 1 1 1 0 1 1 1 0 1 1 1 0 0 0 0 0 0 1 1 1 1 0 0 1 1 1 1 1 1 1 0 1 1 1 0 0 0 1 1 1 1 ",357.7878,42500,0,0,34599,0.75;50M
272,50,"0 1 1 1 1 1 0 1 1 1 1 1 1 0 0 1 1 0 0 1 1 0 1 1 1 1 1 1 1 1 1 0 0 1 1 1 1 1 0 1 1 0 1 1 0 1 1 1 1 1 ",416.2951,47500,0,0,38211,0.75;50M
273,50,"0 0 1 0 1 1 1 1 1 1 1 1 0 1 1 1 0 1 1 1 1 1 1 1 1 0 0 1 0 1 1 1 1 1 1 1 0 1 1 1 1 1 0 0 1 1 0 1 1 0 ",352.8129,42500,0,0,37777,0.75;50M
274,50,"1 0 1 0 1 1 0 1 0 1 0 1 0 1 1 1 1 1 1 1 0 0 1 1 1 1 1 1 0 1 0 1 1 0 1 1 1 0 0 1 1 1 1 1 1 1 0 1 1 1 ",403.2874,45000,0,0,42079,0.75;50M
275,50,"0 1 0 0 1 1 0 1 1 1 0 1 1 1 1 1 1 0 1 0 1 0 1 1 1 0 1 1 1 1 1 1 1 0 0 1 0 1 1 1 0 1 0 1 0 1 1 0 1 1 ",369.4472,42500,0,0,42007,0.75;50M
276,50,"0 1 1 0 1 1 1 0 1 1 1 1 0 1 0 1 0 0 1 1 1 1 1 0 1 1 0 0 1 0 0 1 1 0 1 0 0 0 1 1 1 1 1 1 1 0 1 1 0 1 ",348.9181,42500,0,0,40135,0.75;50M
277,50,"1 1 1 0 0 1 1 1 1 1 1 0 1 1 0 1 1 1 1 0 1 1 1 1 1 1 1 0 1 0 0 0 1 1 0 0 0 1 1 1 1 0 1 1 1 1 0 0 1 1 ",410.3061,47500,0,0,43125,0.75;50M
278,50,"1 1 1 1 0 1 1 0 0 1 0 1 0 1 0 1 1 1 0 0 1 1 0 1 1 0 0 1 1 1 1 0 1 1 1 0 1 1 1 1 0 0 0 1 0 1 0 1 1 1 ",395.8027,45000,0,0,31237,0.75;50M
1,50,"0 1 1 1 1 1 1 1 1 1 1 1 1 1 1 1 1 0 1 1 0 1 1 0 1 1 1 1 0 0 0 1 1 1 1 1 1 1 0 1 1 1 0 0 1 0 1 0 1 0 ",217.3054,25000,0,0,22618,0.6;50M
10,50,"1 1 0 0 1 1 1 1 1 0 1 1 1 0 1 1 0 1 1 1 0 1 1 1 1 1 1 0 0 1 1 0 1 1 1 0 0 0 1 1 0 1 0 1 0 1 1 1 1 1 ",242.5987,27500,0,0,26679,0.6;50M
100,50,"1 1 1 1 1 1 0 1 1 0 1 1 1 1 1 1 0 1 0 1 1 1 1 0 1 1 1 1 1 1 0 1 1 0 0 1 0 0 0 0 1 1 1 1 0 1 1 0 1 1 ",213.3646,25000,0,0,24955,0.6;50M
1000,50,"1 1 1 0 1 0 1 1 1 1 1 1 0 0 0 1 1 0 1 1 1 1 0 1 1 1 1 1 0 1 0 1 1 1 1 0 1 1 1 1 1 1 1 1 1 0 1 0 1 1 ",214.3152,25000,0,0,23208,0.6;50M
101,50,"1 1 0 1 0 1 1 1 1 1 1 1 1 1 1 1 1 1 1 0 0 0 1 0 1 0 1 0 1 1 1 1 1 1 0 1 1 1 1 1 1 1 0 0 1 1 1 1 0 0 ",238.6817,27500,0,0,26099,0.6;50M
102,50,"1 1 1 0 0 1 1 0 0 1 1 1 1 1 1 0 1 0 1 1 1 1 1 1 1 1 1 0 1 1 0 0 0 1 0 1 0 1 1 1 1 1 1 0 1 1 1 0 1 1 ",235.7251,27500,0,0,26677,0.6;50M
103,50,"1 1 0 1 1 0 1 1 1 0 1 1 1 1 1 1 1 1 1 1 1 1 1 1 0 0 1 0 1 1 1 1 1 1 1 1 1 1 1 1 1 1 1 1 1 1 0 0 1 1 ",232.0514,27500,0,0,26537,0.6;50M
104,50,"0 0 1 1 0 1 0 1 1 1 1 1 1 0 1 1 1 1 0 0 1 1 0 0 1 1 0 1 0 1 1 0 1 1 0 0 1 1 1 0 0 0 1 0 1 1 1 1 1 1 ",234.6426,27500,0,0,19051,0.6;50M
105,50,"1 1 0 0 0 1 0 1 1 1 1 1 1 1 0 1 1 1 0 0 1 0 1 0 1 1 0 1 1 1 1 1 1 1 1 1 1 0 1 1 1 0 1 0 1 1 1 1 1 0 ",234.527,27500,0,0,24922,0.6;50M
106,50,"1 1 1 1 1 1 1 0 1 0 0 1 1 1 1 1 0 1 1 0 1 1 1 1 0 1 1 1 1 0 0 1 1 1 0 1 1 1 1 1 1 0 1 1 0 1 1 1 1 1 ",235.2114,27500,0,0,25742,0.6;50M
107,50,"1 1 1 1 0 1 1 0 1 1 1 0 1 1 0 1 0 1 0 1 1 1 1 1 1 1 1 1 1 1 1 1 1 1 1 1 1 1 1 0 1 1 1 0 0 0 1 1 1 1 ",258.8154,30000,0,0,19005,0.6;50M
108,50,"1 1 1 1 0 1 1 1 0 1 0 1 1 1 1 1 1 1 0 0 0 1 1 1 0 1 1 1 1 1 1 1 1 1 0 0 1 1 0 1 1 0 0 1 1 1 0 1 1 1 ",212.8137,25000,0,0,23756,0.6;50M
109,50,"0 0 0 1 0 0 1 1 0 1 1 1 1 0 1 1 1 1 1 1 0 1 1 1 0 1 1 1 1 1 1 1 1 1 0 0 1 1 1 0 1 1 1 0 1 1 1 1 1 0 ",240.7824,27500,0,0,23612,0.6;50M
11,50,"0 1 1 1 1 0 1 0 1 1 1 1 1 1 1 1 0 1 1 1 0 1 1 0 0 0 1 1 1 1 0 1 1 1 0 1 0 1 1 0 1 1 0 0 1 0 1 1 1 0 ",230.9024,27500,0,0,23971,0.6;50M
110,50,"0 1 1 1 0 1 0 0 1 1 1 1 0 1 0 1 0 1 1 1 1 1 1 0 1 0 0 1 1 1 1 1 0 1 1 1 1 0 1 1 1 1 0 1 1 1 1 1 1 1 ",241.3524,27500,0,0,24922,0.6;50M
111,50,"1 0 1 1 1 1 0 1 1 1 1 1 1 1 1 1 0 0 1 1 0 0 0 0 1 1 1 1 1 0 1 0 0 1 1 0 0 1 1 1 1 0 0 0 1 1 1 1 0 1 ",233.2583,27500,0,0,26749,0.6;50M
112,50,"1 1 0 1 1 0 0 1 1 1 1 1 1 1 1 1 0 0 0 0 0 1 0 1 0 0 0 1 1 1 0 1 1 1 1 1 0 1 0 1 1 0 1 0 1 1 1 1 1 1 ",213.2877,25000,0,0,24428,0.6;50M
113,50,"1 1 0 1 1 0 0 0 1 1 1 1 1 1 1 0 1 1 0 1 1 1 1 1 1 1 1 1 1 0 1 1 1 1 1 1 1 1 1 0 0 1 0 1 1 0 1 0 0 1 ",207.8395,25000,0,0,21085,0.6;50M
114,50,"1 0 1 1 0 1 0 1 1 1 1 1 1 0 0 1 0 1 1 1 1 0 1 1 1 0 0 1 1 0 0 1 1 1 1 1 1 1 1 1 1 1 1 1 1 0 1 0 1 1 ",241.3839,27500,0,0,27154,0.6;50M
115,50,"0 1 1 1 1 1 0 0 1 1 1 0 0 1 1 1 0 1 0 1 0 1 1 1 0 1 1 1 1 1 0 0 0 1 0 1 1 1 1 1 0 1 1 1 1 0 0 0 0 1 ",216.2192,25000,0,0,13545,0.6;50M
116,50,"0 1 1 1 1 0 1 1 0 1 1 1 1 1 0 1 1 0 0 1 0 1 1 1 1 1 1 1 1 0 1 1 1 0 1 0 1 1 1 0 1 1 1 1 1 1 1 0 1 1 ",236.3868,27500,0,0,23558,0.6;50M
117,50,"1 1 1 1 1 1 1 1 1 0 1 0 0 1 1 1 1 0 0 1 0 1 1 1 1 1 1 1 1 1 1 1 1 1 1 0 0 1 1 1 1 1 0 1 1 1 1 1 1 1 ",237.538,27500,0,0,27413,0.6;50M
118,50,"0 0 1 0 1 1 1 1 1 0 1 0 1 1 1 1 0 0 0 1 0 1 0 0 1 1 1 1 1 1 1 1 0 0 1 1 1 1 0 1 1 1 0 1 1 1 1 0 1 0 ",234.9301,27500,0,0,23328,0.6;50M
119,50,"0 0 1 0 0 1 0 1 1 1 1 0 0 0 1 1 1 0 0 1 1 0 1 1 1 1 0 1 1 1 0 0 1 1 0 1 1 1 1 1 1 1 0 1 1 0 1 1 1 1 ",215.3071,25000,0,0,20682,0.6;50M
12,50,"1 1 1 1 1 0 0 0 1 0 1 1 1 0 1 1 1 0 1 1 1 1 0 1 0 1 0 0 1 1 1 1 1 1 1 0 1 1 0 1 0 1 0 0 1 1 1 1 1 1 ",220.9165,25000,0,0,24716,0.6;50M
120,50,"1 0 1 0 1 0 0 1 0 1 1 0 0 1 0 0 1 0 1 0 1 1 0 0 1 1 0 1 0 0 1 1 0 1 1 1 1 1 1 1 0 1 1 1 1 1 1 1 1 0 ",231.5889,27500,0,0,27464,0.6;50M
121,50,"1 1 1 1 1 0 1 1 1 0 1 1 0 1 0 0 1 0 0 1 0 1 1 0 1 0 1 1 1 1 1 1 1 1 1 0 1 1 1 0 1 1 1 1 1 1 1 1 1 1 ",232.6117,27500,0,0,22175,0.6;50M
122,50,"1 1 1 1 0 1 1 0 0 1 1 1 1 0 1 0 1 0 0 1 0 1 1 0 1 1 0 1 1 1 1 0 0 0 1 1 1 0 1 0 1 1 0 1 0 1 0 1 0 1 ",237.7084,27500,0,0,20170,0.6;50M
123,50,"1 1 0 1 1 0 0 1 1 1 1 0 1 0 1 0 0 0 0 0 1 1 1 1 1 1 0 1 1 1 0 1 0 0 0 0 1 1 1 1 1 1 1 0 1 1 1 1 0 0 ",219.9835,25000,0,0,24670,0.6;50M
124,50,"0 1 0 1 1 1 1 1 1 1 0 0 0 1 1 0 1 1 0 1 0 1 0 0 1 1 0 1 1 1 1 1 1 1 1 0 1 0 1 1 1 1 1 1 0 1 0 0 1 0 ",210.9486,25000,0,0,24071,0.6;50M
125,50,"1 0 0 0 0 1 1 0 0 1 1 0 1 1 1 1 1 1 1 1 0 1 1 1 0 1 1 0 1 1 1 0 0 1 1 1 1 1 1 1 0 1 1 1 1 1 1 0 0 0 ",237.4814,27500,0,0,26342,0.6;50M
126,50,"0 1 0 0 1 1 1 0 1 0 1 1 0 1 0 1 1 0 1 1 0 0 1 0 1 1 0 0 1 1 1 0 1 0 1 0 1 1 1 1 0 1 0 1 1 0 0 0 0 1 ",231.5509,27500,0,0,22519,0.6;50M
127,50,"0 0 0 1 1 0 1 0 1 0 0 1 1 0 1 1 1 1 1 1 1 1 1 0 1 0 1 1 1 1 1 1 0 0 1 1 0 1 0 0 1 0 0 1 1 1 0 0 1 1 ",236.4932,27500,0,0,21582,0.6;50M
128,50,"1 0 1 0 1 1 1 0 1 1 0 1 0 1 1 1 1 1 0 0 0 1 1 0 1 1 1 1 1 1 1 1 0 0 0 1 0 0 1 1 1 1 1 1 1 0 1 1 1 0 ",241.815,27500,0,0,23213,0.6;50M
129,50,"1 1 1 1 1 0 1 1 0 0 1 1 1 1 1 1 0 1 1 1 1 0 0 1 1 1 1 1 0 0 0 0 1 1 1 1 1 0 0 1 0 1 1 1 0 1 1 0 0 0 ",232.5847,27500,0,0,23666,0.6;50M
13,50,"1 1 1 1 1 0 1 0 1 0 1 0 1 0 1 0 1 1 1 1 0 1 0 1 0 0 1 1 0 1 1 1 0 1 1 0 1 1 0 1 1 1 1 1 1 1 1 1 0 0 ",238.232,27500,0,0,22164,0.6;50M
130,50,"1 1 1 0 1 1 0 1 1 1 1 1 1 1 0 1 0 1 0 1 1 0 1 1 0 1 0 0 1 0 1 1 1 1 0 1 1 1 1 1 0 0 1 0 0 1 0 1 1 1 ",231.0139,27500,0,0,20787,0.6;50M
131,50,"1 0 1 1 0 1 0 1 0 0 1 1 1 1 0 0 1 1 1 1 0 1 1 1 1 1 0 0 1 1 1 1 0 1 1 0 1 0 1 1 1 1 1 1 1 0 1 1 0 1 ",231.0575,27500,0,0,23230,0.6;50M
132,50,"0 0 1 1 1 1 0 1 1 1 1 0 0 1 1 1 0 1 0 1 1 1 1 1 0 1 1 1 0 1 0 0 0 1 1 1 0 1 1 1 1 1 1 1 0 1 1 1 1 1 ",214.3416,25000,0,0,20692,0.6;50M
133,50,"1 0 0 1 1 0 1 1 1 0 1 1 1 0 1 1 1 1 1 0 1 1 1 0 0 1 1 1 0 0 0 1 0 1 1 1 1 1 1 0 0 1 1 0 1 1 0 1 0 1 ",218.135,25000,0,0,17772,0.6;50M
134,50,"1 1 1 1 0 1 1 0 0 0 1 1 0 1 1 1 1 0 1 0 1 1 1 1 1 1 0 1 0 1 1 0 1 0 0 0 1 0 1 0 1 1 1 1 0 0 1 1 1 1 ",215.8739,25000,0,0,21525,0.6;50M
135,50,"1 1 1 1 0 1 1 1 1 1 0 1 1 1 1 1 0 1 1 1 1 1 1 1 1 0 1 1 1 1 0 0 1 1 1 1 1 1 1 1 1 1 1 1 1 1 0 1 1 0 ",231.1341,27500,0,0,27413,0.6;50M
136,50,"1 1 1 0 1 0 1 1 1 1 1 1 1 0 1 1 1 0 0 0 1 1 1 1 0 1 1 1 0 1 1 1 0 1 0 0 1 1 0 1 0 0 0 0 1 0 1 1 1 0 ",233.0714,27500,0,0,24234,0.6;50M
137,50,"0 1 1 1 0 1 1 1 1 1 0 1 1 1 0 1 0 1 1 1 1 0 1 0 0 1 1 1 1 1 1 1 0 0 0 0 1 1 1 0 0 1 0 1 0 1 0 1 1 0 ",215.8896,25000,0,0,24711,0.6;50M
138,50,"1 0 1 0 1 1 1 1 1 0 1 1 1 1 1 1 0 0 0 1 0 1 1 0 1 1 0 0 1 0 1 1 0 0 1 1 1 0 1 1 1 1 0 1 1 1 0 1 0 1 ",218.5076,25000,0,0,24887,0.6;50M
139,50,"0 0 1 1 0 1 1 1 1 1 0 1 1 1 1 0 0 1 0 1 0 1 1 1 0 1 1 1 0 1 1 1 1 1 1 1 1 0 1 0 1 1 1 1 1 1 1 1 1 1 ",235.6822,27500,0,0,24310,0.6;50M
14,50,"0 1 1 1 1 0 1 1 1 1 1 1 1 1 0 1 0 0 1 1 1 1 1 0 1 1 0 1 1 1 1 1 1 0 1 0 1 1 1 0 0 1 0 0 1 1 1 1 0 1 ",214.1835,25000,0,0,23423,0.6;50M
140,50,"1 0 0 1 1 1 0 1 1 1 0 1 0 1 1 1 1 1 1 1 1 0 1 1 1 0 0 1 1 1 1 0 1 1 1 0 1 1 1 1 1 1 1 1 1 1 1 1 0 1 ",207.2927,25000,0,0,22996,0.6;50M
141,50,"1 1 0 0 1 1 1 1 0 0 1 1 1 1 1 0 1 1 1 1 0 1 0 1 1 1 1 1 1 0 1 1 1 0 1 0 0 1 1 0 1 0 0 1 1 1 0 1 0 1 ",210.662,25000,0,0,18580,0.6;50M
142,50,"1 1 0 1 0 1 1 1 1 1 1 1 1 1 0 1 1 0 0 1 1 1 1 1 1 1 0 0 0 1 1 1 1 1 0 0 1 1 1 1 1 1 0 1 0 1 1 0 1 1 ",210.9499,25000,0,0,23645,0.6;50M
143,50,"1 0 0 0 1 1 1 0 1 1 0 0 1 1 0 0 1 1 1 0 1 1 1 0 1 1 0 1 1 1 0 1 1 1 1 0 0 1 1 0 1 1 1 1 1 1 0 1 1 1 ",211.8728,25000,0,0,23161,0.6;50M
144,50,"1 0 0 1 1 1 1 1 1 0 1 1 1 1 0 0 1 1 0 1 1 0 0 1 1 0 1 1 0 1 1 0 1 1 1 1 1 1 0 1 0 0 0 0 1 1 0 1 1 1 ",208.859,25000,0,0,24201,0.6;50M
145,50,"1 1 1 0 0 0 1 0 1 0 1 0 1 1 0 1 1 0 1 1 0 1 0 1 1 1 1 1 0 1 1 1 1 1 1 1 0 1 1 1 1 1 1 1 1 0 1 1 0 1 ",231.3515,27500,0,0,27083,0.6;50M
146,50,"1 1 1 1 1 1 1 0 1 1 0 1 1 1 1 0 1 1 1 1 1 1 1 1 0 0 1 1 0 1 0 1 0 1 0 0 0 1 1 1 1 0 1 1 1 1 0 1 1 0 ",218.4074,25000,0,0,23251,0.6;50M
147,50,"1 1 0 1 0 0 1 1 1 1 1 0 0 1 1 1 1 1 1 1 0 1 1 0 1 1 1 0 1 0 1 1 1 1 1 0 1 1 1 1 0 0 0 1 1 1 1 1 1 1 ",213.6982,25000,0,0,24860,0.6;50M
148,50,"1 0 0 1 1 1 0 0 1 0 0 1 1 0 1 1 0 1 1 1 1 0 1 1 0 0 1 1 1 1 1 1 0 0 1 1 1 1 0 1 1 1 1 1 1 1 1 1 0 1 ",210.6516,25000,0,0,23301,0.6;50M
149,50,"1 1 1 1 1 1 1 1 1 1 1 1 1 1 0 1 1 0 1 0 0 1 1 1 0 1 0 1 0 1 1 1 0 1 0 0 0 1 0 0 1 0 1 1 1 1 1 0 1 1 ",210.9817,25000,0,0,24680,0.6;50M
15,50,"1 0 1 1 1 1 1 1 1 1 0 1 1 0 1 0 1 1 0 1 1 1 1 1 1 0 0 1 1 1 1 1 1 1 0 1 1 1 0 0 1 0 1 1 1 1 0 1 1 1 ",232.0321,27500,0,0,27075,0.6;50M
150,50,"1 1 0 1 0 1 1 0 0 0 1 1 1 1 1 0 1 0 1 1 1 1 0 1 1 1 0 0 1 1 1 0 1 0 1 0 1 1 1 1 1 1 1 1 1 1 0 1 0 1 ",238.9677,27500,0,0,22289,0.6;50M
151,50,"1 1 1 0 0 0 1 0 1 0 0 1 1 1 0 1 1 0 1 1 1 1 1 1 0 1 1 1 1 1 1 1 1 0 1 1 1 0 1 0 1 0 0 1 1 1 1 0 1 1 ",207.6528,25000,0,0,21244,0.6;50M
152,50,"0 1 0 1 0 1 1 1 1 0 1 0 0 1 1 0 1 0 1 0 1 0 1 1 1 1 0 1 1 1 1 1 1 0 1 0 0 1 0 0 1 1 0 1 1 1 0 1 0 0 ",216.4426,25000,0,0,20354,0.6;50M
153,50,"1 1 0 1 0 1 1 0 1 1 0 0 0 1 0 1 0 1 0 0 0 0 0 1 1 1 0 1 1 1 1 1 1 1 0 1 1 0 0 1 1 0 1 1 1 1 1 1 1 1 ",214.678,25000,0,0,20955,0.6;50M
154,50,"0 0 1 0 1 1 0 1 1 1 1 1 0 1 1 0 1 1 1 1 1 1 1 1 0 1 0 1 0 1 0 1 1 1 1 0 1 0 1 1 0 1 1 0 0 0 1 1 1 1 ",215.2078,25000,0,0,23408,0.6;50M
155,50,"1 0 1 0 1 0 1 1 1 0 1 1 0 1 1 1 1 1 0 0 1 0 0 1 1 1 1 1 1 1 1 1 1 1 1 1 0 1 1 1 1 1 0 0 1 1 1 1 1 0 ",238.737,27500,0,0,24500,0.6;50M
156,50,"1 0 1 1 1 1 1 0 1 0 0 1 1 1 1 1 1 1 1 1 1 0 1 1 1 1 1 1 1 0 0 0 1 1 1 1 0 1 1 1 1 1 1 1 0 1 1 0 1 1 ",241.8654,27500,0,0,25333,0.6;50M
157,50,"1 1 0 0 0 1 1 0 1 1 1 1 1 1 1 0 0 1 1 1 0 1 1 1 1 0 1 1 1 1 1 1 1 1 1 1 1 0 1 1 0 1 1 1 1 0 0 1 0 1 ",240.3789,27500,0,0,24148,0.6;50M
158,50,"1 0 0 0 1 1 1 1 1 0 1 1 0 1 1 1 1 0 1 1 1 0 0 0 0 0 1 0 1 1 0 1 0 1 1 1 1 1 1 1 1 1 0 1 1 1 0 1 1 1 ",214.8417,25000,0,0,19899,0.6;50M
159,50,"1 1 0 1 1 1 1 1 1 0 1 1 1 1 1 1 1 1 1 0 1 1 1 0 0 0 1 1 1 1 0 1 1 0 1 1 1 1 1 1 0 1 1 1 1 0 1 1 1 0 ",230.1975,27500,0,0,26667,0.6;50M
16,50,"1 0 1 1 1 1 1 0 1 0 1 1 1 0 1 1 0 1 0 0 1 1 1 1 0 1 1 1 1 1 0 1 0 1 1 1 1 1 1 1 1 1 0 1 1 1 0 1 1 1 ",242.4246,27500,0,0,23066,0.6;50M
160,50,"1 1 1 0 1 0 1 1 1 0 1 1 1 0 0 0 1 1 0 1 1 1 1 0 1 1 1 0 1 1 1 1 0 0 1 1 0 1 1 0 1 0 1 1 1 0 1 1 1 0 ",211.0149,25000,0,0,22214,0.6;50M
161,50,"1 1 1 1 0 1 1 0 1 1 1 0 1 0 1 0 1 0 1 1 0 1 0 1 1 0 1 1 1 1 0 0 1 1 0 1 0 1 0 1 1 0 1 1 1 1 1 1 0 0 ",214.4924,25000,0,0,24223,0.6;50M
162,50,"0 1 1 1 1 1 1 1 1 1 1 1 1 0 0 1 1 1 0 0 0 0 1 1 1 1 1 1 1 1 1 0 1 0 1 1 1 1 1 1 1 1 1 1 0 1 0 1 0 1 ",238.6439,27500,0,0,23867,0.6;50M
163,50,"1 0 1 1 1 1 1 1 1 1 1 1 1 1 0 1 1 1 1 1 1 1 1 0 0 1 1 1 1 1 0 0 1 0 0 0 0 1 1 1 1 1 1 0 0 1 1 0 1 1 ",235.8278,27500,0,0,25688,0.6;50M
164,50,"0 1 0 1 1 1 1 1 1 1 1 1 1 0 1 0 0 0 1 0 1 1 1 1 1 1 1 0 1 1 1 1 1 0 0 1 1 0 0 1 0 1 1 1 0 1 1 1 0 1 ",215.7299,25000,0,0,21935,0.6;50M
165,50,"1 0 1 1 1 0 1 0 0 1 1 0 1 1 1 1 0 1 1 1 0 0 1 1 1 1 1 1 1 1 1 1 1 0 1 0 1 0 1 1 1 1 1 1 1 1 0 0 1 1 ",239.1171,27500,0,0,18866,0.6;50M
166,50,"1 1 0 0 1 1 0 1 1 1 1 1 1 0 0 1 1 1 1 0 0 1 0 1 0 1 1 0 0 1 0 1 1 0 0 1 0 1 1 0 1 0 0 1 0 0 0 1 1 0 ",239.6138,27500,0,0,20355,0.6;50M
167,50,"0 1 1 0 1 0 1 0 1 1 1 0 0 0 1 0 1 1 1 0 1 0 0 1 1 1 1 1 0 1 1 1 1 0 1 1 0 1 1 0 1 0 0 1 0 1 0 0 1 1 ",221.597,25000,0,0,24377,0.6;50M
168,50,"1 1 1 0 1 0 0 0 0 0 1 1 1 0 0 1 1 0 1 1 1 1 0 1 1 1 0 0 1 0 1 1 0 1 1 0 1 0 1 0 1 0 1 1 1 1 1 1 1 1 ",243.6063,27500,0,0,27392,0.6;50M
169,50,"1 1 1 1 0 0 1 1 1 1 1 1 1 0 1 1 0 1 1 1 0 1 1 0 1 1 1 1 1 0 0 1 0 1 1 1 0 1 1 1 0 0 1 0 0 0 0 1 0 0 ",215.6553,25000,0,0,23581,0.6;50M
17,50,"0 1 1 1 0 1 0 0 1 0 1 1 1 0 1 0 0 0 1 1 0 1 1 1 1 1 1 1 1 1 0 1 1 1 1 0 1 0 0 1 0 1 0 1 1 1 1 1 0 0 ",218.9156,25000,0,0,23338,0.6;50M
170,50,"1 1 1 0 1 1 1 1 1 0 1 1 1 0 1 0 1 1 0 1 1 1 1 0 0 1 0 1 1 1 1 1 1 1 1 0 1 1 1 0 0 1 1 1 1 1 1 1 1 0 ",242.9778,27500,0,0,25606,0.6;50M
171,50,"1 1 1 1 1 1 0 0 1 0 0 0 0 0 1 1 1 1 1 1 1 1 1 1 1 1 1 1 1 1 1 0 1 1 1 0 1 1 1 1 0 0 1 1 1 1 1 1 1 0 ",254.3181,27500,0,0,20573,0.6;50M
172,50,"0 0 0 1 0 1 1 0 1 1 1 0 1 1 1 0 1 1 0 1 0 0 0 0 0 1 1 1 0 0 0 1 1 1 1 1 1 1 0 1 1 1 0 0 1 1 1 1 0 0 ",212.0665,25000,0,0,23759,0.6;50M
173,50,"0 1 0 1 1 0 1 1 0 1 1 0 1 0 1 0 1 1 1 1 0 1 1 0 1 1 1 1 0 1 1 1 0 1 0 1 1 1 0 0 0 1 1 1 0 0 0 1 0 1 ",240.5652,27500,0,0,22811,0.6;50M
174,50,"1 1 0 0 0 1 1 1 1 1 1 1 1 1 1 1 1 1 1 0 1 1 0 1 1 0 1 1 1 0 1 1 1 0 0 1 1 1 1 1 1 1 1 0 0 1 0 1 1 1 ",218.6462,25000,0,0,23575,0.6;50M
175,50,"0 1 0 1 1 1 1 1 0 1 0 0 1 1 1 1 1 0 1 1 0 1 0 1 1 1 1 1 0 0 1 1 0 1 1 1 1 0 0 1 1 1 1 0 1 0 1 1 1 1 ",225.5559,25000,0,0,20895,0.6;50M
176,50,"0 1 1 1 1 1 1 0 1 1 1 0 1 0 1 1 1 1 0 1 0 1 0 0 1 1 0 0 1 1 1 0 1 1 1 1 1 1 1 1 0 1 1 1 1 1 0 1 1 1 ",221.2573,25000,0,0,20909,0.6;50M
177,50,"0 0 1 1 0 0 1 1 1 1 1 1 1 1 1 1 0 1 0 1 1 1 1 1 0 0 1 1 1 1 1 0 1 1 0 1 0 1 0 1 0 1 0 1 1 1 1 1 1 1 ",239.1974,27500,0,0,23493,0.6;50M
178,50,"1 0 0 1 1 1 0 1 1 0 0 1 0 1 1 0 1 1 0 1 1 1 1 1 0 1 0 1 1 0 1 1 1 1 1 1 1 1 1 1 1 0 1 1 1 0 1 1 0 0 ",240.5766,27500,0,0,22133,0.6;50M
179,50,"1 1 1 1 1 0 1 1 1 1 1 1 1 1 1 0 0 1 0 1 0 1 1 1 1 0 1 1 0 1 1 1 1 1 1 0 1 1 1 0 1 1 1 1 1 0 1 0 1 1 ",240.6244,27500,0,0,26470,0.6;50M
18,50,"0 1 1 1 1 1 0 1 1 1 1 1 0 0 0 1 1 1 1 1 0 1 1 0 1 1 0 1 0 1 1 1 1 1 1 1 0 0 1 1 1 1 1 0 1 1 0 1 0 1 ",249.934,27500,0,0,24603,0.6;50M
180,50,"1 0 1 1 1 1 1 1 1 0 1 1 0 0 1 1 1 1 0 1 1 1 1 1 0 1 1 1 0 0 1 1 1 1 1 1 0 1 0 1 1 1 0 0 0 0 0 1 1 0 ",214.2924,25000,0,0,21406,0.6;50M
181,50,"1 1 1 1 0 0 1 1 1 1 1 1 0 1 1 1 0 1 1 1 1 0 0 1 1 0 1 1 0 1 1 0 1 0 1 0 1 1 1 0 1 1 1 1 1 0 1 1 1 1 ",219.7885,25000,0,0,23141,0.6;50M
182,50,"0 1 1 1 1 1 1 1 1 1 0 0 1 1 1 0 1 1 1 1 1 1 1 1 1 0 1 1 1 1 0 1 1 1 1 0 1 1 1 1 1 1 1 0 0 1 1 1 1 1 ",219.0963,25000,0,0,24492,0.6;50M
183,50,"1 0 1 1 1 1 0 1 1 1 1 1 1 0 1 0 0 1 0 1 1 1 0 1 1 1 0 1 0 0 1 1 1 1 1 1 1 1 0 1 1 1 1 1 1 0 0 1 1 1 ",215.3948,25000,0,0,23868,0.6;50M
184,50,"1 1 0 1 1 1 1 0 1 1 1 0 1 0 0 1 0 1 1 1 1 1 0 1 1 1 1 0 1 1 0 1 1 1 0 0 1 1 0 1 1 1 0 1 1 1 1 1 0 1 ",240.7157,27500,0,0,21035,0.6;50M
185,50,"0 1 1 1 1 0 1 1 0 1 1 1 0 1 1 1 1 1 0 1 1 1 1 1 1 0 0 1 0 1 1 1 1 1 0 0 1 1 0 1 0 0 1 0 1 1 0 1 1 0 ",218.8375,25000,0,0,24180,0.6;50M
186,50,"1 1 0 0 1 1 1 1 0 1 0 1 1 1 0 0 1 0 1 1 1 1 1 1 1 1 0 0 1 0 1 1 1 1 1 0 1 1 1 0 1 1 0 1 1 1 0 1 1 0 ",241.3669,27500,0,0,21230,0.6;50M
187,50,"1 0 0 1 1 1 1 0 0 1 1 1 0 0 1 1 0 0 1 0 0 1 0 1 0 1 1 1 0 1 1 1 1 1 1 0 1 1 1 1 1 1 0 0 0 1 1 1 1 1 ",220.481,25000,0,0,23085,0.6;50M
188,50,"0 1 1 1 1 0 1 0 0 1 1 1 0 0 1 0 1 1 1 1 0 0 0 0 1 1 1 1 1 1 1 1 0 0 0 1 1 0 1 1 1 1 1 1 0 1 0 1 1 1 ",242.0157,27500,0,0,25125,0.6;50M
189,50,"1 1 0 1 1 0 1 1 1 0 0 1 0 1 1 0 0 1 0 0 1 0 1 1 0 0 1 1 0 1 1 1 1 1 1 1 1 0 0 1 1 1 1 1 1 1 1 1 1 1 ",243.9245,27500,0,0,20863,0.6;50M
19,50,"1 1 1 1 1 1 1 0 0 0 1 1 0 0 0 0 1 0 1 1 1 1 1 1 1 1 1 1 0 0 1 1 1 1 1 1 1 0 0 1 0 1 1 1 1 0 1 0 0 0 ",247.4155,27500,0,0,25757,0.6;50M
190,50,"0 1 1 1 1 1 1 0 1 1 1 1 1 1 1 1 1 0 0 0 1 1 1 1 1 0 1 1 1 1 1 1 1 1 1 1 0 1 1 0 0 0 1 1 0 1 1 1 1 0 ",215.1323,25000,0,0,24229,0.6;50M
191,50,"1 1 1 1 0 0 1 0 1 0 1 1 0 1 1 1 0 1 1 1 1 1 1 1 0 0 0 1 1 1 1 0 1 1 1 1 1 0 1 1 1 1 1 0 0 1 0 1 0 1 ",214.7122,25000,0,0,23633,0.6;50M
192,50,"1 1 1 0 1 1 1 1 1 1 1 1 1 1 0 1 1 1 0 1 0 0 1 0 0 0 1 0 0 1 1 1 0 1 1 0 1 1 1 1 0 0 1 1 1 1 0 1 1 0 ",242.0735,27500,0,0,24711,0.6;50M
193,50,"0 1 1 0 1 1 1 1 1 1 1 1 0 1 1 1 1 1 1 1 1 0 1 0 1 0 1 0 0 1 1 0 0 1 1 1 1 0 0 1 1 0 0 0 1 1 1 1 0 1 ",216.8333,25000,0,0,21391,0.6;50M
194,50,"0 1 0 1 0 0 1 0 1 0 1 1 0 1 1 0 1 0 1 1 1 1 1 1 1 0 0 1 0 1 1 0 1 1 1 0 1 1 1 1 0 1 1 0 0 1 0 1 1 1 ",219.9234,25000,0,0,18660,0.6;50M
195,50,"0 1 1 1 0 1 1 1 0 1 1 1 1 0 1 1 0 0 1 1 0 0 1 1 1 0 1 1 0 1 1 0 0 1 1 1 1 1 1 1 1 0 1 1 1 0 1 1 0 0 ",220.7009,25000,0,0,24591,0.6;50M
196,50,"1 1 0 1 1 0 1 1 1 1 1 1 1 1 1 1 1 1 0 0 1 1 1 1 0 1 1 0 1 1 0 1 0 0 1 1 1 1 0 1 1 0 1 1 1 1 1 1 1 0 ",243.9707,27500,0,0,23944,0.6;50M
197,50,"1 0 1 1 1 1 1 1 1 0 1 1 0 1 1 1 1 1 1 1 1 1 1 0 0 1 0 1 0 1 1 1 0 1 1 1 0 1 1 1 0 1 1 0 0 1 1 1 1 1 ",218.5948,25000,0,0,21048,0.6;50M
198,50,"1 1 1 0 1 0 1 1 1 1 1 1 1 1 0 1 1 0 1 0 0 1 1 0 1 0 1 1 0 1 1 1 0 1 0 1 0 0 0 1 1 1 0 1 1 1 0 1 0 1 ",242.3313,27500,0,0,21987,0.6;50M
199,50,"1 1 1 1 0 1 1 0 1 0 1 0 1 1 1 1 1 1 1 1 1 0 1 1 1 1 1 0 0 0 0 1 1 1 1 1 1 1 1 1 0 1 1 1 0 0 0 1 1 1 ",249.6637,27500,0,0,26452,0.6;50M
2,50,"0 1 1 1 1 1 1 1 1 0 1 0 1 0 1 1 1 0 1 1 1 1 1 1 1 1 1 1 1 1 1 0 1 1 0 1 1 1 1 1 0 1 1 1 1 1 1 1 1 1 ",240.487,27500,0,0,25873,0.6;50M
20,50,"1 0 1 0 0 1 1 0 0 1 1 1 1 1 1 1 1 1 1 1 0 1 0 0 1 0 1 0 0 1 0 1 1 0 1 0 1 0 1 0 0 1 1 0 1 1 1 1 1 1 ",238.4745,27500,0,0,24766,0.6;50M
200,50,"1 0 0 1 1 0 1 0 0 1 1 0 0 1 1 0 1 0 1 1 1 1 1 1 1 0 1 1 1 0 0 1 0 1 0 1 1 1 1 1 1 1 1 1 0 1 0 0 1 1 ",219.6159,25000,0,0,17923,0.6;50M
201,50,"1 1 0 1 1 0 1 1 0 1 0 0 1 1 1 1 0 1 0 0 0 0 1 1 1 1 1 1 1 1 0 1 1 1 1 1 1 1 1 0 1 0 1 0 1 0 1 1 0 0 ",242.7129,27500,0,0,25651,0.6;50M
202,50,"0 1 0 1 0 0 1 1 1 1 1 1 0 1 1 1 0 1 1 0 1 1 0 1 1 0 0 1 0 0 0 1 1 1 1 0 0 0 1 0 1 1 0 0 1 1 1 0 1 0 ",213.4462,25000,0,0,19556,0.6;50M
203,50,"1 1 1 1 1 1 1 1 1 1 1 1 0 1 1 0 0 0 1 1 1 1 0 0 0 1 1 0 1 1 1 1 1 0 1 0 0 1 1 1 1 1 1 0 1 1 1 1 0 1 ",216.7465,25000,0,0,20550,0.6;50M
204,50,"1 1 1 0 1 0 0 0 1 1 1 1 1 0 1 0 1 1 1 1 1 0 0 0 1 0 1 0 0 1 1 0 1 0 1 1 1 0 1 1 1 0 0 1 1 1 0 1 0 1 ",215.4528,25000,0,0,22699,0.6;50M
205,50,"1 1 1 1 1 0 1 1 1 0 1 1 1 1 1 1 1 1 1 0 1 1 0 0 1 1 1 0 1 1 0 1 1 1 0 1 0 1 1 1 0 1 1 1 1 1 1 1 1 1 ",237.507,27500,0,0,25829,0.6;50M
206,50,"0 1 0 0 1 1 0 1 1 1 1 1 1 1 1 1 1 1 1 1 1 1 1 0 1 0 0 0 0 0 1 1 1 1 1 0 1 1 1 1 1 0 1 0 1 1 0 1 1 1 ",237.2592,27500,0,0,26624,0.6;50M
207,50,"1 1 1 1 1 0 1 0 0 0 1 1 0 1 1 1 1 1 0 0 1 0 0 1 0 1 1 1 1 1 0 0 1 1 1 0 0 1 1 1 0 0 0 1 1 1 1 0 1 0 ",223.0757,25000,0,0,20415,0.6;50M
208,50,"1 0 0 1 1 0 0 1 1 1 0 1 0 1 0 1 0 1 1 0 1 1 1 1 1 1 1 1 0 0 1 0 1 1 1 1 1 1 1 1 1 1 1 0 1 1 0 1 1 1 ",249.66,27500,0,0,24090,0.6;50M
209,50,"0 1 1 1 1 1 0 0 0 0 1 0 1 1 0 0 1 1 1 1 0 0 1 0 0 1 0 0 0 0 1 1 1 1 0 1 1 1 1 1 1 1 1 1 1 0 1 1 1 1 ",209.0375,25000,0,0,22165,0.6;50M
21,50,"1 0 1 1 1 1 0 1 1 0 1 1 1 1 1 1 1 0 1 1 0 0 1 0 1 1 0 1 1 0 0 0 1 1 0 0 1 1 1 1 1 1 1 1 1 1 1 1 1 1 ",238.5097,27500,0,0,17879,0.6;50M
210,50,"1 1 0 0 0 1 0 0 0 1 0 1 0 0 0 1 0 0 0 1 1 1 0 1 1 1 1 1 1 1 0 1 1 0 1 1 1 1 1 0 0 1 1 1 0 0 1 0 0 1 ",213.1786,25000,0,0,23948,0.6;50M
211,50,"1 0 1 1 1 1 1 0 1 0 1 0 0 0 1 1 0 0 1 1 1 0 0 0 1 1 0 0 1 1 0 0 1 1 0 1 1 0 1 1 0 1 1 1 0 1 1 1 0 1 ",210.4568,25000,0,0,23277,0.6;50M
212,50,"1 1 0 1 0 0 1 1 1 0 0 1 1 1 1 1 0 1 1 0 1 0 1 1 1 1 1 1 1 1 1 1 0 1 1 0 0 1 1 1 1 0 0 1 1 1 1 0 1 1 ",214.3388,25000,0,0,22734,0.6;50M
213,50,"1 0 1 1 1 0 1 1 1 0 1 1 0 0 1 0 1 0 0 1 0 1 1 1 1 0 1 1 0 1 0 0 0 1 1 1 1 0 1 1 1 1 1 1 0 1 1 1 0 1 ",237.5126,27500,0,0,22359,0.6;50M
214,50,"0 0 0 1 1 0 1 1 1 1 1 1 0 1 1 1 1 0 1 1 0 1 1 1 1 1 1 0 1 1 0 0 0 1 1 1 1 0 1 0 0 0 1 1 0 0 0 0 0 1 ",219.0779,25000,0,0,23492,0.6;50M
215,50,"1 1 1 1 1 1 1 1 1 1 0 1 0 1 1 1 1 1 1 0 1 1 1 1 1 0 1 1 0 1 0 1 0 1 1 1 1 0 0 1 1 1 0 1 1 0 0 1 0 0 ",247.1062,27500,0,0,22046,0.6;50M
216,50,"1 1 1 1 0 1 0 0 1 1 0 1 0 1 1 1 0 0 1 1 1 1 0 1 1 0 1 1 1 0 1 1 1 1 1 1 1 1 1 1 1 1 1 1 1 1 0 0 0 0 ",193.2355,22500,0,0,20006,0.6;50M
217,50,"1 1 1 1 1 1 0 1 0 0 0 1 1 1 1 1 1 1 1 0 1 1 0 0 1 0 1 1 1 1 0 0 1 1 1 1 1 1 0 0 1 1 1 0 1 1 1 1 1 0 ",239.9582,27500,0,0,21110,0.6;50M
218,50,"0 0 1 1 1 1 1 0 1 1 1 1 1 0 1 1 1 1 1 0 0 1 0 1 1 1 0 1 1 1 1 1 1 1 1 0 1 0 1 1 1 1 1 1 0 1 1 1 0 1 ",262.2751,30000,0,0,25774,0.6;50M
219,50,"0 1 1 0 1 1 0 1 1 1 1 1 1 1 1 0 1 1 1 1 1 1 0 0 1 1 0 0 0 0 1 1 0 0 1 0 0 1 0 1 1 1 1 0 0 1 1 0 1 0 ",214.4818,25000,0,0,22026,0.6;50M
22,50,"1 1 1 0 0 1 1 1 1 0 1 0 1 0 1 1 0 1 0 0 1 1 0 1 1 1 1 1 0 1 1 0 1 1 0 1 0 1 0 1 1 0 1 1 1 1 0 1 0 1 ",215.2725,25000,0,0,22619,0.6;50M
220,50,"1 1 1 1 1 0 1 1 1 0 1 0 1 0 1 1 1 0 1 0 1 1 1 0 0 1 0 0 1 1 1 0 0 1 0 1 1 1 0 0 1 1 1 1 1 1 1 1 1 1 ",219.8834,25000,0,0,23038,0.6;50M
221,50,"0 1 0 1 1 0 1 1 0 1 0 1 0 1 0 1 1 1 0 1 1 1 0 1 1 0 1 1 0 1 1 1 0 1 1 1 0 1 1 1 1 1 0 1 0 0 1 0 0 1 ",240.7259,27500,0,0,21282,0.6;50M
222,50,"1 1 0 1 1 1 1 1 0 1 0 1 1 1 0 1 1 0 1 1 1 1 1 0 1 0 0 0 1 0 1 1 1 1 1 0 1 1 1 0 1 1 1 0 1 1 0 0 1 1 ",237.4413,27500,0,0,17977,0.6;50M
223,50,"1 0 1 1 1 1 1 1 1 1 1 1 1 1 1 0 1 1 1 1 0 1 0 0 1 1 1 0 1 0 1 1 0 1 1 1 1 1 1 1 1 0 1 0 1 1 0 0 1 1 ",240.5623,27500,0,0,22404,0.6;50M
224,50,"1 1 1 0 1 1 1 0 1 1 0 1 1 1 0 1 1 1 1 1 1 1 1 1 1 1 0 1 1 1 1 0 1 0 1 0 0 1 0 1 0 0 1 1 1 1 1 0 0 1 ",237.4412,27500,0,0,20593,0.6;50M
225,50,"0 1 1 1 1 1 1 0 1 0 1 1 1 1 1 0 0 0 1 0 1 0 1 1 1 1 0 0 1 0 0 1 1 1 1 1 0 1 1 0 0 1 0 1 0 1 1 1 0 1 ",219.0872,25000,0,0,17622,0.6;50M
226,50,"0 0 0 1 1 0 1 1 0 1 1 1 0 0 1 0 1 1 1 0 1 1 1 1 1 0 1 0 1 1 1 1 1 1 1 1 1 1 1 0 1 1 0 0 0 0 0 1 1 1 ",227.4985,25000,0,0,21285,0.6;50M
227,50,"0 1 1 0 1 1 1 1 1 0 0 1 1 0 1 1 1 1 1 1 0 0 1 0 1 1 1 1 0 0 0 0 0 0 1 1 1 1 1 1 1 1 1 1 1 1 1 1 1 1 ",221.5651,25000,0,0,17785,0.6;50M
228,50,"1 0 0 1 1 1 1 1 0 1 1 1 1 1 1 1 1 1 1 1 0 1 1 0 1 0 1 0 1 0 1 1 0 0 1 1 0 0 0 1 1 1 1 0 0 1 1 1 1 1 ",237.2836,27500,0,0,18532,0.6;50M
229,50,"1 1 1 1 1 1 0 0 0 1 1 1 0 1 1 0 0 1 1 0 0 0 0 1 1 1 1 1 1 1 1 1 1 1 0 1 1 1 1 1 1 1 1 1 1 0 1 1 1 1 ",222.7112,25000,0,0,23539,0.6;50M
23,50,"0 0 1 1 1 1 1 1 1 1 1 0 1 0 1 1 1 1 0 1 1 1 0 1 1 1 1 0 1 1 0 1 0 1 0 1 0 1 0 1 0 1 1 1 1 0 1 1 1 0 ",240.3079,27500,0,0,21274,0.6;50M
230,50,"1 1 1 1 0 0 1 0 1 0 1 1 0 1 1 1 0 1 1 1 0 1 1 1 0 1 1 1 1 0 0 1 1 1 1 1 1 0 1 1 1 0 1 1 1 1 1 1 0 0 ",216.4054,25000,0,0,24075,0.6;50M
231,50,"1 1 1 0 0 1 1 1 1 1 1 0 1 0 1 0 1 1 1 0 0 1 0 0 1 1 0 1 0 0 1 1 1 0 1 1 1 1 1 1 1 1 0 1 0 1 0 1 1 1 ",217.1059,25000,0,0,22296,0.6;50M
232,50,"1 0 0 1 0 1 1 1 0 1 1 1 1 1 1 1 1 1 1 1 1 0 1 1 1 1 0 1 1 0 1 1 1 1 1 0 0 1 1 1 1 1 1 1 0 1 1 1 1 1 ",231.5862,27500,0,0,24693,0.6;50M
233,50,"1 1 1 1 1 1 1 1 0 1 1 1 1 1 1 0 1 0 1 1 1 0 1 0 0 1 1 1 1 1 0 1 1 1 1 0 1 1 1 0 0 1 1 1 0 0 1 1 1 1 ",248.356,27500,0,0,17593,0.6;50M
234,50,"1 1 1 1 1 0 1 1 1 1 1 1 1 1 1 0 1 1 0 0 0 1 0 1 1 0 1 0 1 1 1 0 1 1 1 1 1 1 1 1 1 1 1 1 1 0 1 1 0 1 ",215.6134,25000,0,0,23147,0.6;50M
235,50,"0 1 1 1 1 1 0 1 1 1 0 1 0 1 0 1 1 1 1 1 1 1 1 1 0 1 1 1 1 0 0 1 1 0 1 0 1 1 1 1 0 1 1 0 1 1 0 1 1 0 ",237.2413,27500,0,0,25496,0.6;50M
236,50,"1 1 1 1 1 1 1 1 1 0 1 1 0 1 0 0 1 1 1 1 0 1 1 0 1 1 0 1 0 1 1 0 1 0 1 0 1 1 1 1 1 1 1 1 0 1 0 1 0 1 ",239.8159,27500,0,0,21334,0.6;50M
237,50,"1 1 0 0 1 0 0 1 1 1 0 0 0 1 1 1 1 1 1 1 1 0 1 1 0 0 1 0 1 1 1 0 0 1 1 1 0 1 1 1 1 0 0 1 1 0 1 1 1 1 ",208.2466,25000,0,0,24639,0.6;50M
238,50,"1 1 1 1 0 1 1 0 1 1 1 1 1 1 1 1 0 0 0 1 0 0 0 1 1 1 1 1 1 1 1 1 1 0 1 1 0 1 1 1 0 1 1 1 0 1 1 0 1 1 ",238.8618,27500,0,0,25077,0.6;50M
239,50,"1 0 1 1 1 0 0 1 0 1 1 1 1 0 1 1 0 0 0 1 1 1 0 1 1 1 0 0 1 1 1 1 0 0 1 1 1 1 0 1 0 1 0 1 1 1 0 0 0 1 ",214.2308,25000,0,0,23036,0.6;50M
24,50,"1 1 1 1 1 0 1 1 0 0 1 1 1 1 1 0 1 1 1 1 1 0 0 1 1 1 1 1 1 1 1 1 0 1 0 1 0 1 0 0 0 1 1 1 0 1 1 0 0 1 ",215.1758,25000,0,0,20825,0.6;50M
240,50,"0 1 1 0 1 0 0 1 0 0 1 1 1 0 1 0 1 1 1 1 1 0 1 1 1 1 1 1 1 1 1 0 0 1 0 1 1 1 1 0 1 1 1 1 1 1 1 0 1 1 ",206.7503,25000,0,0,24281,0.6;50M
241,50,"1 1 1 1 0 0 0 1 0 1 1 1 1 1 1 1 1 1 1 0 0 0 0 0 1 1 1 1 1 1 0 1 1 1 1 0 1 1 1 0 1 0 1 1 0 1 1 1 1 0 ",235.7599,27500,0,0,21742,0.6;50M
242,50,"1 1 1 1 1 1 1 0 1 1 1 0 1 0 1 0 1 1 0 1 1 1 1 0 0 1 0 1 0 0 1 0 1 1 1 1 0 1 1 1 0 1 1 1 1 1 1 0 1 0 ",241.4069,27500,0,0,23459,0.6;50M
243,50,"1 0 0 1 1 1 0 1 1 1 0 1 1 0 0 1 1 1 1 0 1 1 1 1 0 1 1 1 0 1 0 0 0 0 1 1 0 1 1 0 0 0 1 0 0 1 1 1 0 0 ",210.0782,25000,0,0,23926,0.6;50M
244,50,"1 0 0 1 1 1 0 0 1 0 1 1 1 0 1 1 1 1 0 1 1 1 0 1 0 1 1 1 1 0 0 1 1 1 1 1 1 1 1 1 0 0 1 1 1 1 1 1 1 1 ",233.8938,27500,0,0,26417,0.6;50M
245,50,"1 1 1 0 0 0 1 1 0 1 1 1 1 1 1 1 1 1 1 1 1 1 1 0 0 1 0 0 1 1 1 0 1 0 0 1 0 1 1 0 1 1 1 0 1 1 1 1 1 1 ",207.8745,25000,0,0,21700,0.6;50M
246,50,"1 1 0 0 1 1 1 1 0 1 1 0 0 1 0 0 1 1 1 1 0 1 0 0 1 1 1 1 0 1 1 1 0 0 1 0 1 1 1 1 1 0 1 1 1 1 1 0 1 1 ",213.5908,25000,0,0,15673,0.6;50M
247,50,"1 1 0 1 1 1 1 0 1 1 1 1 0 1 0 1 0 1 0 0 0 0 1 1 1 0 1 1 1 0 1 0 0 1 1 1 1 0 0 1 1 0 0 1 1 1 0 0 1 1 ",215.9991,25000,0,0,24805,0.6;50M
248,50,"1 1 1 0 1 1 1 1 0 0 1 1 1 1 0 1 0 0 0 1 0 1 1 0 1 1 1 1 0 1 0 1 1 1 1 0 1 1 1 0 1 0 1 1 1 1 1 1 1 1 ",242.0267,27500,0,0,24971,0.6;50M
249,50,"0 1 0 0 0 0 1 0 1 0 1 1 1 0 0 1 1 1 1 0 1 1 1 0 1 1 0 1 1 0 1 0 0 0 1 0 0 1 1 1 1 1 1 1 1 1 1 0 0 0 ",214.3411,25000,0,0,21782,0.6;50M
25,50,"0 1 1 0 1 0 1 0 0 1 0 1 1 1 1 1 1 1 1 0 1 1 1 1 0 1 1 1 1 0 1 1 1 0 0 0 1 1 0 1 1 1 1 1 1 1 0 1 1 1 ",226.3337,27500,0,0,25003,0.6;50M
250,50,"0 1 1 0 1 1 1 0 1 1 0 1 1 0 1 0 1 0 1 1 1 0 1 1 1 0 1 0 0 1 0 1 1 1 1 0 1 0 1 0 1 1 1 1 1 1 0 1 1 1 ",236.0627,27500,0,0,18187,0.6;50M
251,50,"0 1 1 1 1 1 0 1 0 1 1 1 0 1 1 1 0 1 1 0 1 0 1 1 1 1 0 0 1 0 0 1 1 0 1 1 1 0 1 1 1 0 1 1 0 1 1 1 0 1 ",220.7486,25000,0,0,21740,0.6;50M
252,50,"1 1 0 0 1 1 1 1 1 1 1 1 1 1 0 0 1 0 0 1 0 1 1 0 1 0 1 0 1 1 1 1 1 0 0 1 1 0 0 1 1 0 0 0 1 1 1 1 1 1 ",234.7821,27500,0,0,23290,0.6;50M
253,50,"1 0 1 0 0 1 0 1 0 1 1 0 1 0 1 1 0 0 0 1 0 1 0 1 0 1 1 1 1 1 1 1 1 1 1 0 1 1 1 0 1 1 1 1 0 1 1 1 1 0 ",231.6017,27500,0,0,22467,0.6;50M
254,50,"0 1 1 1 1 1 1 1 1 1 1 1 1 1 0 1 1 1 1 1 1 1 1 0 0 0 1 1 1 0 1 1 0 0 1 1 1 1 1 1 0 0 1 0 0 1 0 1 1 1 ",238.3008,27500,0,0,16497,0.6;50M
255,50,"1 1 1 1 1 1 1 1 1 0 1 1 1 1 0 1 0 0 0 0 1 1 1 0 1 1 1 1 1 1 0 1 1 1 1 0 0 1 1 1 0 1 0 1 1 1 1 1 1 1 ",239.0307,27500,0,0,26339,0.6;50M
256,50,"1 1 1 1 1 0 0 0 1 1 1 0 1 1 1 0 1 0 1 1 1 1 1 0 0 1 1 1 0 1 0 1 1 1 1 1 0 1 0 1 1 0 0 1 1 1 1 1 1 0 ",214.9281,25000,0,0,23381,0.6;50M
257,50,"1 0 1 1 1 1 1 1 1 1 1 1 0 1 1 0 1 1 0 1 0 0 0 1 1 0 0 1 1 1 1 1 0 1 0 1 1 0 1 1 1 1 1 1 1 1 1 1 0 1 ",204.7933,25000,0,0,18863,0.6;50M
258,50,"1 0 1 1 1 1 1 0 1 1 0 1 1 1 1 0 1 0 1 1 1 1 0 1 1 1 0 1 1 1 0 1 1 1 1 1 1 1 0 1 0 1 1 0 1 1 1 1 0 1 ",190.6571,22500,0,0,22402,0.6;50M
259,50,"0 0 0 0 1 1 0 1 1 1 1 0 1 1 1 1 1 0 1 0 1 0 0 1 0 1 0 1 1 0 1 0 0 1 1 1 1 1 1 0 1 0 0 0 0 1 0 1 0 0 ",236.6548,27500,0,0,25797,0.6;50M
26,50,"1 0 0 1 1 1 1 0 0 1 0 1 0 1 0 1 1 0 1 1 0 0 1 1 1 1 1 1 1 1 1 0 1 0 1 0 1 0 0 1 1 1 0 1 1 1 0 0 1 0 ",210.5937,25000,0,0,23494,0.6;50M
260,50,"0 1 1 0 1 0 0 1 0 0 1 1 1 1 1 1 1 1 1 1 1 1 1 1 0 1 0 1 0 1 1 1 1 1 1 0 1 0 1 1 1 1 1 1 0 0 1 0 0 1 ",208.6211,25000,0,0,24385,0.6;50M
261,50,"1 1 1 1 1 1 1 1 1 1 1 1 1 0 1 1 0 1 0 1 1 1 1 1 1 0 1 0 1 1 1 1 1 1 1 1 1 1 0 1 0 1 1 1 1 1 1 1 0 1 ",231.6542,27500,0,0,24726,0.6;50M
262,50,"1 0 1 0 0 1 1 1 1 1 0 1 1 0 1 1 0 0 1 1 1 1 0 1 1 1 1 1 0 1 0 1 0 0 1 1 1 0 1 0 1 0 0 1 1 1 1 0 1 0 ",237.0863,27500,0,0,22629,0.6;50M
263,50,"1 1 1 0 0 0 0 1 1 1 1 0 1 1 1 0 1 0 1 1 1 0 1 1 1 1 1 0 0 0 0 1 1 0 1 1 1 0 0 0 1 1 0 1 0 1 0 0 0 1 ",218.9501,25000,0,0,24399,0.6;50M
264,50,"1 1 0 0 1 0 1 1 1 1 1 1 1 1 1 1 1 0 1 0 1 1 0 0 0 1 1 1 1 1 1 0 1 1 1 1 1 1 0 0 1 0 1 0 1 1 1 1 1 1 ",238.9102,27500,0,0,25927,0.6;50M
265,50,"1 1 0 1 1 0 1 1 1 1 1 1 0 1 0 1 1 0 1 0 0 1 1 0 1 1 1 1 0 0 1 1 1 0 1 1 1 1 1 0 1 1 0 0 0 1 1 1 0 1 ",215.3637,25000,0,0,24165,0.6;50M
266,50,"1 1 1 0 0 1 1 1 0 1 1 1 1 1 0 1 0 1 0 0 1 0 1 1 0 0 1 1 1 1 1 1 1 1 1 1 1 0 1 1 0 1 1 1 0 0 1 1 1 1 ",234.6139,27500,0,0,27385,0.6;50M
267,50,"1 1 0 1 1 1 1 1 1 1 1 0 1 1 0 1 0 1 1 0 1 1 0 1 1 0 0 0 1 1 0 0 1 1 1 1 0 1 1 1 1 1 1 1 0 1 0 0 0 1 ",218.4674,25000,0,0,24623,0.6;50M
268,50,"1 1 0 1 0 1 0 1 1 1 1 1 1 1 0 1 1 1 1 0 1 1 1 1 1 1 0 0 1 1 1 1 1 1 0 1 0 1 1 1 1 1 0 1 1 0 0 0 1 1 ",237.3997,27500,0,0,23905,0.6;50M
269,50,"0 0 1 1 0 1 1 0 1 0 1 1 1 1 1 1 1 1 1 1 1 1 1 1 1 1 1 1 0 1 1 1 1 1 1 0 0 1 0 0 1 1 0 0 1 1 1 0 1 1 ",212.8848,25000,0,0,24051,0.6;50M
27,50,"1 1 0 1 1 1 1 1 0 1 1 1 1 0 1 1 1 1 0 1 0 0 1 1 1 1 1 1 1 0 0 1 1 1 1 0 1 1 1 1 1 1 1 1 1 0 1 0 0 1 ",237.8415,27500,0,0,26039,0.6;50M
270,50,"1 1 1 1 1 1 0 0 0 0 1 1 1 1 0 1 0 1 1 1 1 1 0 0 0 1 0 1 1 0 1 1 1 1 1 1 0 1 1 1 0 1 1 0 0 0 1 1 1 1 ",213.1056,25000,0,0,24542,0.6;50M
271,50,"1 1 1 0 1 0 1 0 1 1 1 1 0 1 1 1 0 1 1 1 0 0 0 0 0 0 1 1 1 1 0 0 1 1 1 1 1 1 1 0 1 1 1 0 0 0 1 0 1 1 ",232.5707,27500,0,0,20900,0.6;50M
272,50,"0 1 1 1 1 1 0 1 1 1 1 1 1 0 0 1 1 0 0 1 1 0 1 1 1 1 1 1 1 1 1 0 0 1 1 1 1 1 0 1 1 0 1 1 0 1 1 1 1 1 ",239.1491,27500,0,0,20644,0.6;50M
273,50,"0 0 1 0 1 1 1 1 1 1 1 1 0 1 1 1 0 1 1 1 1 1 1 1 1 0 0 1 0 1 1 1 1 1 1 1 0 1 1 1 1 1 0 0 1 1 0 1 1 0 ",232.8452,27500,0,0,23106,0.6;50M
274,50,"1 0 1 0 1 1 0 1 0 1 0 1 0 1 1 1 1 1 1 1 0 0 1 1 1 1 1 1 0 1 0 1 1 0 1 1 1 0 0 1 1 1 1 1 1 1 0 1 1 1 ",241.0295,27500,0,0,22537,0.6;50M
275,50,"1 1 0 0 1 1 0 1 1 1 0 1 1 1 1 1 1 0 1 0 1 0 1 1 1 0 1 1 1 1 1 0 1 0 0 1 1 1 1 0 0 1 0 1 0 1 1 1 1 1 ",216.9442,25000,0,0,21274,0.6;50M
276,50,"1 1 1 0 1 1 1 0 1 1 1 1 0 1 0 1 0 1 1 1 1 1 1 0 1 1 0 0 1 0 0 1 1 0 1 0 0 0 1 1 1 1 1 1 1 0 0 1 0 1 ",204.7831,25000,0,0,23317,0.6;50M
277,50,"1 1 1 0 0 1 1 1 1 1 1 0 0 1 0 1 1 1 1 0 1 1 1 1 1 1 1 0 1 1 0 0 1 1 0 0 0 1 1 1 1 0 1 1 1 1 0 0 1 1 ",234.7494,27500,0,0,26417,0.6;50M
278,50,"1 1 1 1 0 1 1 1 0 1 0 1 0 1 0 1 1 1 0 0 1 1 0 1 1 0 0 1 1 1 1 0 1 1 1 0 1 1 1 1 0 0 0 0 0 1 0 0 1 1 ",240.9078,27500,0,0,24519,0.6;50M
