ID,n,Result vector,Average Runtime [ms],Epsilon,Number of unsatisfied clauses
1,20,"1 1 1 1 0 1 1 1 1 1 1 1 0 1 0 1 1 1 1 1 ",82.247,0,0
10,20,"0 0 1 1 1 1 1 1 1 1 1 1 1 1 1 1 0 0 1 1 ",80.9679,0.034935612231492996,0
100,20,"1 1 1 1 1 0 0 1 1 0 1 1 1 1 1 1 0 0 1 1 ",78.13262,0,0
1000,20,"0 1 1 1 1 1 1 1 1 1 0 1 1 1 0 0 0 1 1 0 ",84.39869999999999,0,0
101,20,"1 1 1 1 0 1 0 1 0 1 1 0 0 1 1 1 1 0 1 1 ",81.33926,0.01613965816795826,0
102,20,"1 1 1 0 0 1 1 0 1 1 0 1 1 1 0 1 1 0 0 0 ",80.76602,0,0
103,20,"0 1 1 1 1 1 0 1 1 1 1 1 1 0 1 1 0 1 1 0 ",81.91314,0,0
104,20,"1 1 1 1 1 0 1 1 1 0 1 1 1 0 1 1 1 0 0 1 ",71.7077,0,0
105,20,"0 1 1 1 1 1 1 0 1 1 1 1 0 0 1 0 1 1 1 1 ",77.60396,0,0
106,20,"0 1 1 0 1 1 1 1 1 1 1 1 1 1 0 1 0 1 0 1 ",85.42254,0.03127887099981308,0
107,20,"1 1 1 1 0 1 1 0 1 1 0 1 1 0 1 0 1 1 1 0 ",79.36774,0,0
108,20,"1 1 1 1 1 1 1 1 1 1 1 0 1 1 1 1 1 1 1 1 ",87.19166,0,0
109,20,"1 1 1 1 1 0 1 0 1 1 1 0 0 1 0 0 0 0 1 0 ",84.35734,0,0
11,20,"1 1 1 1 1 1 0 0 0 1 0 1 1 1 1 1 1 1 1 1 ",80.55105999999999,0,0
110,20,"1 0 1 1 1 1 1 1 1 0 1 0 1 1 1 1 1 1 1 0 ",86.60213999999999,0,0
111,20,"1 1 1 1 1 1 1 1 1 0 0 1 0 1 1 1 1 0 1 1 ",76.14038000000001,0,0
112,20,"0 1 1 1 1 1 1 0 0 1 1 0 1 0 1 1 1 0 1 1 ",81.95302000000001,0.1703862100839615,0
113,20,"1 0 1 1 0 1 1 1 1 1 1 0 0 1 1 1 1 1 1 0 ",81.07032000000001,0,0
114,20,"1 1 1 1 1 1 1 0 1 0 1 1 1 1 1 1 1 0 1 1 ",86.36518,0,0
115,20,"1 0 1 1 1 0 0 0 1 1 1 1 1 1 0 1 1 1 0 1 ",81.48334,0,0
116,20,"1 1 1 1 0 1 1 1 1 0 1 1 1 1 0 1 1 0 0 0 ",78.06309999999999,0,0
117,20,"1 0 0 1 1 1 1 1 1 1 0 1 0 1 0 1 1 1 1 0 ",84.78584,0.04120493307709694,0
118,20,"1 0 0 1 1 0 1 1 0 1 1 0 1 1 1 1 1 1 1 1 ",83.32894,0,0
119,20,"1 1 1 1 1 1 1 1 0 1 1 0 1 1 1 1 1 0 1 0 ",85.35674,0,0
12,20,"1 0 1 0 0 1 1 1 1 0 0 1 1 1 1 0 1 1 1 0 ",80.14894000000001,0,0
120,20,"1 0 1 1 1 1 1 1 1 1 1 1 0 0 1 1 1 1 0 0 ",78.1962,0,0
121,20,"1 0 1 1 0 1 1 1 1 1 1 1 1 0 1 1 1 1 1 1 ",86.94744,0.0008950261981226504,0
122,20,"1 1 1 1 1 1 1 0 1 1 1 1 0 1 0 1 1 1 1 0 ",87.33312,0,0
123,20,"1 1 1 1 1 0 1 1 1 1 0 1 1 1 1 1 1 1 0 1 ",87.0001,0,0
124,20,"1 1 1 1 1 1 1 1 1 0 1 1 1 1 0 0 1 0 1 1 ",80.84052,0.0016666667070239782,0
125,20,"1 1 1 1 1 1 1 1 0 1 1 1 1 1 0 1 1 1 1 1 ",86.35796,0,0
126,20,"1 1 1 1 1 1 1 1 1 1 1 1 0 1 1 0 1 1 0 1 ",86.99166,0,0
127,20,"1 1 1 0 0 1 0 1 1 1 1 1 1 1 1 1 0 0 0 1 ",75.59948,0,0
128,20,"1 0 1 1 1 1 1 1 1 1 1 1 0 1 1 0 0 1 1 0 ",82.61713999999999,0,0
129,20,"1 0 1 1 1 1 1 1 1 1 0 1 0 1 0 0 1 0 1 1 ",79.60706,0,0
13,20,"1 1 1 1 1 1 1 1 1 0 0 1 0 1 1 0 1 0 0 1 ",79.07036000000001,0,0
130,20,"0 0 1 1 1 0 1 1 1 1 1 1 1 0 0 1 0 1 1 0 ",85.38188,0,0
131,20,"1 1 1 1 1 0 1 1 1 1 0 1 1 1 1 0 1 1 1 1 ",83.59094,0.006337765604257584,0
132,20,"1 1 1 1 1 1 1 1 0 1 0 1 0 1 0 0 1 1 1 1 ",74.9561,0,0
133,20,"1 0 1 1 1 1 1 0 1 1 1 1 1 1 0 1 1 1 1 1 ",86.40594,0.013430457562208176,0
134,20,"1 1 0 0 1 1 1 1 1 1 1 1 1 1 0 0 1 1 0 1 ",82.80254,0,0
135,20,"1 1 1 1 0 1 1 0 0 1 0 1 1 0 0 1 0 1 1 1 ",77.7071,0,0
136,20,"1 1 1 0 1 1 1 0 1 1 1 1 1 1 1 1 1 0 1 1 ",86.95126,0,0
137,20,"0 1 0 1 0 1 0 1 1 0 0 0 1 1 0 1 1 1 1 0 ",75.63508,0,0
138,20,"0 0 0 1 1 1 1 1 1 1 0 1 1 0 1 1 1 1 0 1 ",85.49965999999999,0,0
139,20,"0 0 1 0 1 1 1 0 1 1 1 1 1 0 1 1 1 1 1 1 ",80.90452,0,0
14,20,"1 0 1 1 1 1 0 1 0 1 1 1 1 1 1 1 1 1 1 0 ",85.73286,0,0
140,20,"1 1 1 0 1 1 1 1 1 1 1 1 1 1 1 0 1 1 1 1 ",87.05154,0,0
141,20,"1 1 1 0 1 1 1 0 1 1 1 1 0 1 1 1 1 0 0 1 ",83.42188,0,0
142,20,"1 1 1 0 0 0 1 1 0 0 1 1 1 1 1 1 1 1 1 1 ",77.22536,0,0
143,20,"1 1 1 1 1 1 1 1 0 1 1 1 1 1 1 1 1 1 1 0 ",88.03572,0,0
144,20,"0 0 1 0 1 1 1 0 1 1 0 1 1 0 0 1 1 1 0 1 ",79.39099999999999,0,0
145,20,"1 1 1 0 1 1 0 1 1 1 0 1 1 0 1 1 1 1 0 0 ",82.0764,0,0
146,20,"1 1 0 0 1 1 1 1 0 1 0 1 1 0 1 1 0 1 1 1 ",74.5729,0,0
147,20,"1 1 1 0 1 0 1 1 0 1 1 0 1 1 0 1 1 1 1 0 ",89.9748,0,0
148,20,"1 1 0 1 1 1 1 0 0 1 1 1 1 0 1 0 1 1 1 1 ",81.26346,0,0
149,20,"1 1 0 1 1 1 0 1 1 0 0 1 1 1 1 1 1 1 0 1 ",79.78156,0,0
15,20,"0 1 1 1 1 1 1 1 1 1 1 0 1 1 1 0 0 1 1 0 ",79.23424,0,0
150,20,"1 1 1 1 0 0 0 1 0 1 0 1 0 1 1 1 1 1 1 1 ",79.79198,0,0
151,20,"1 1 0 1 1 1 1 1 1 1 1 1 1 1 1 1 0 1 0 1 ",87.84614,0,0
152,20,"1 1 0 0 1 1 1 0 0 1 0 1 1 1 0 1 1 0 0 0 ",79.89403999999999,0,0
153,20,"0 1 1 0 1 1 1 1 1 1 0 0 1 1 1 0 1 1 1 0 ",81.64784,0,0
154,20,"1 0 1 1 1 1 1 1 1 1 0 1 1 1 1 0 1 0 1 1 ",86.58394,0.025890765711665154,0
155,20,"1 1 1 1 1 1 0 1 1 1 1 0 1 1 1 1 0 1 0 1 ",83.16686,0.0053571430034935474,0
156,20,"1 1 0 1 1 0 1 1 1 1 1 0 1 0 0 0 1 0 1 1 ",86.28034,0,0
157,20,"0 1 1 1 0 1 1 1 1 1 1 1 0 1 0 1 1 0 0 1 ",83.7792,0,0
158,20,"1 1 1 1 1 1 0 1 1 1 1 1 1 0 0 1 1 0 1 0 ",77.54932,0,0
159,20,"1 1 0 0 1 1 0 1 1 1 1 0 1 1 1 1 1 1 1 1 ",75.55807999999999,0,0
16,20,"1 1 0 1 1 0 0 1 1 1 1 1 1 1 1 0 0 1 1 1 ",78.08579999999999,0,0
160,20,"1 1 0 1 1 1 1 1 1 1 1 1 1 1 1 1 1 1 1 1 ",85.53702,0,0
161,20,"1 0 0 1 1 1 1 1 1 1 1 1 1 1 1 1 0 1 0 1 ",77.39743999999999,0,0
162,20,"1 1 0 1 1 1 1 0 1 1 1 1 0 1 1 1 1 1 1 0 ",89.37742,0,0
163,20,"1 1 1 1 0 1 1 1 1 0 1 1 1 1 1 1 1 1 1 1 ",83.8197,0.006448531057685614,0
164,20,"1 0 1 1 1 1 1 1 1 0 1 1 1 0 1 0 0 0 0 1 ",76.6052,0,0
165,20,"1 1 1 1 1 1 0 1 1 1 1 0 1 1 1 1 0 1 1 0 ",87.20398,0,0
166,20,"0 1 1 1 0 1 1 0 1 1 1 1 0 0 0 1 1 1 1 0 ",80.69972,0,0
167,20,"1 0 1 1 1 1 1 1 1 1 1 1 1 1 0 1 0 1 0 0 ",78.96090000000001,0,0
168,20,"1 0 1 0 1 1 1 1 0 1 1 1 0 1 1 1 1 1 0 0 ",77.85632000000001,0,0
169,20,"0 1 1 1 1 1 1 1 1 1 1 0 1 0 1 0 1 1 0 0 ",80.75412,0,0
17,20,"1 1 1 1 1 1 1 1 1 1 1 1 0 0 1 1 0 1 1 1 ",72.51906,0.010946149937808514,0
170,20,"1 1 1 1 1 1 1 1 1 0 1 1 1 1 0 1 1 0 1 0 ",87.4043,0,0
171,20,"1 1 1 1 1 1 1 1 1 1 1 1 1 1 1 1 0 1 0 1 ",86.46652,0,0
172,20,"1 1 1 0 0 1 0 0 0 1 1 1 1 1 1 1 0 1 1 1 ",78.21536,0,0
173,20,"1 0 1 1 1 1 1 1 1 1 0 0 1 1 1 0 0 1 1 1 ",82.37125999999999,0,0
174,20,"1 0 1 1 1 1 1 1 0 1 0 1 0 1 0 0 1 1 1 1 ",76.03662,0,0
175,20,"1 1 1 0 0 1 0 1 1 1 1 1 1 1 0 1 0 1 1 1 ",82.10096,0,0
176,20,"1 0 0 1 1 1 0 0 1 0 0 1 1 1 1 1 0 1 1 1 ",79.75658,0,0
177,20,"0 1 1 1 1 1 1 1 1 1 1 1 0 1 1 1 1 0 0 1 ",87.87442,0,0
178,20,"1 0 1 1 1 0 1 1 1 1 1 1 0 1 0 0 1 0 1 1 ",79.20758,0,0
179,20,"1 1 1 1 1 1 1 1 1 1 0 1 1 0 1 1 1 1 1 1 ",86.60872,0,0
18,20,"0 1 1 1 1 0 0 0 1 1 1 1 0 1 0 1 1 1 1 1 ",81.87034,0.002294279634952545,0
180,20,"1 1 1 1 0 1 1 1 0 1 1 1 1 0 1 1 1 0 0 1 ",77.15366,0,0
181,20,"1 1 1 1 1 1 0 0 1 1 0 1 1 1 1 1 0 0 1 1 ",76.71326,0,0
182,20,"0 1 1 1 1 1 0 0 1 1 1 1 1 1 1 1 0 1 1 1 ",81.0439,0,0
183,20,"1 1 1 0 1 1 1 1 0 1 0 1 0 1 1 0 0 1 0 0 ",80.97904,0,0
184,20,"0 1 1 0 1 1 1 0 0 1 1 1 0 1 1 1 1 1 1 0 ",80.31774,0.012711207382380962,0
185,20,"1 1 0 1 1 1 1 1 1 0 1 0 0 1 1 1 1 0 1 1 ",82.28388,0,0
186,20,"0 1 1 0 1 1 1 0 1 0 1 1 0 1 1 1 1 1 1 1 ",78.44874,0.024719100445508957,0
187,20,"0 1 1 0 0 1 1 1 1 0 1 1 0 1 1 1 1 0 1 1 ",83.33122,0,0
188,20,"1 1 1 1 1 0 0 1 1 0 1 1 1 1 1 0 1 0 0 0 ",75.76384,0,0
189,20,"1 0 1 1 0 0 1 0 1 1 1 0 1 0 1 1 1 1 1 0 ",79.81822,0,0
19,20,"0 0 1 1 1 0 1 1 1 1 1 1 1 1 0 0 1 0 1 0 ",85.93584,0,0
190,20,"1 1 1 1 1 1 1 1 0 1 1 1 1 1 1 1 1 1 1 0 ",117.25576000000001,0,0
191,20,"1 1 1 1 0 1 0 0 1 1 1 0 1 1 1 1 1 1 1 1 ",91.35344,0.006621602922677994,0
192,20,"0 1 0 1 1 0 1 1 1 1 0 1 1 1 0 1 1 1 0 1 ",82.9736,0,0
193,20,"1 1 1 1 0 0 1 1 0 0 1 1 0 1 1 1 1 1 0 1 ",79.64153999999999,0,0
194,20,"1 1 0 1 1 1 1 0 1 0 0 0 1 1 1 1 1 1 1 1 ",78.53372,0,0
195,20,"1 1 1 1 1 0 1 1 1 1 1 1 1 0 1 1 1 1 0 1 ",90.2431,0.009340659715235233,0
196,20,"1 1 1 1 1 0 1 0 0 1 1 1 1 1 1 1 0 0 1 1 ",77.21386,0,0
197,20,"1 1 1 0 0 0 1 1 0 1 0 1 1 1 1 0 0 1 1 1 ",79.76764,0,0
198,20,"1 0 1 1 1 0 1 1 0 1 1 1 1 0 0 1 1 1 1 0 ",76.89232,0,0
199,20,"1 1 1 0 1 1 1 1 1 1 1 1 1 1 1 1 1 0 1 1 ",86.6793,0,0
2,20,"1 1 1 0 1 1 0 1 0 0 0 1 0 1 1 1 0 1 1 0 ",78.31574,0,0
20,20,"1 1 1 1 1 1 1 1 0 0 1 0 1 0 1 1 1 1 0 1 ",82.1986,0,0
200,20,"1 0 1 0 0 1 0 1 0 1 0 1 0 1 1 0 0 0 1 1 ",87.02516,0.0225656870752573,0
201,20,"1 1 1 1 1 1 1 0 0 1 0 1 1 1 1 1 1 0 0 1 ",79.37142,0,0
202,20,"1 1 1 1 1 1 0 0 1 1 1 1 1 1 0 1 1 1 1 1 ",78.29702,0,0
203,20,"1 0 0 0 1 1 0 1 1 1 1 1 1 1 1 0 0 1 1 1 ",78.88298,0,0
204,20,"0 1 1 1 1 1 1 0 1 1 0 1 1 0 1 1 0 0 1 0 ",75.3968,0,0
205,20,"0 1 1 1 0 1 0 0 1 0 1 1 1 1 1 1 1 1 0 0 ",81.52458,0,0
206,20,"1 1 1 1 1 1 1 1 0 1 1 1 1 1 1 0 1 1 1 1 ",86.41394,0,0
207,20,"1 1 1 1 1 0 1 1 1 0 1 1 1 1 1 0 0 0 1 1 ",77.92824,0,0
208,20,"1 1 0 1 1 1 0 0 1 1 1 1 1 1 0 1 1 1 1 1 ",78.58633999999999,0.01050837803632021,0
209,20,"1 1 1 1 0 1 1 1 1 1 1 1 0 1 1 1 1 0 1 1 ",85.95414,0,0
21,20,"1 1 1 0 0 1 1 1 1 0 1 1 1 1 1 1 0 1 1 0 ",82.83586,0,0
210,20,"1 0 0 1 1 1 1 1 1 1 1 1 1 1 1 0 0 0 1 0 ",76.32397999999999,0,0
211,20,"1 1 1 1 1 1 1 1 0 0 1 1 1 0 0 1 1 1 1 1 ",79.05506,0,0
212,20,"1 1 1 1 0 1 0 1 1 1 1 1 1 1 1 1 1 1 0 0 ",82.63278,0.02367032691836357,0
213,20,"1 1 1 0 1 1 0 1 1 0 1 1 1 0 1 1 1 1 0 0 ",80.23646,0,0
214,20,"1 1 1 0 1 1 1 1 1 1 1 0 0 1 1 0 1 0 1 1 ",79.58268000000001,0,0
215,20,"1 1 1 1 1 0 1 0 0 1 1 1 1 1 1 1 1 1 1 1 ",77.7373,0,0
216,20,"1 0 0 1 0 1 0 1 0 1 0 1 0 1 1 0 1 1 1 1 ",83.05352,0,0
217,20,"1 0 0 1 1 1 1 1 1 0 1 1 1 1 1 1 1 1 1 1 ",84.10616,0,0
218,20,"1 1 0 0 1 0 1 1 1 1 0 1 1 1 0 0 1 1 1 0 ",77.73586,0,0
219,20,"1 1 1 1 1 1 0 0 1 1 1 0 0 1 1 1 1 1 0 1 ",78.51086000000001,0,0
22,20,"0 1 0 1 0 0 1 1 1 1 0 1 1 1 0 1 1 1 1 1 ",78.53772000000001,0.039433933794498444,0
220,20,"1 0 1 1 1 1 1 0 0 1 0 0 1 1 1 0 1 0 1 1 ",76.39948000000001,0,0
221,20,"0 1 1 1 1 0 1 1 1 0 1 1 1 1 1 1 1 1 1 1 ",76.06196,0,0
222,20,"1 1 1 1 1 1 1 1 0 1 1 1 1 1 1 1 1 0 1 1 ",86.23150000000001,0,0
223,20,"0 1 1 1 1 1 1 1 1 0 0 1 1 1 1 1 0 1 1 1 ",80.69048000000001,0.03591400384902954,0
224,20,"1 1 0 0 1 1 1 1 1 0 1 1 1 0 0 0 1 1 1 1 ",77.73028000000001,0,0
225,20,"1 0 1 1 0 1 0 1 1 0 1 0 0 1 1 1 1 1 1 1 ",82.27762,0,0
226,20,"1 1 1 1 1 1 0 1 1 1 0 1 1 1 0 1 1 0 1 0 ",84.83792,0,0
227,20,"1 1 1 1 1 1 1 1 1 0 0 0 1 1 1 1 1 1 1 1 ",78.07436,0.011144503019750118,0
228,20,"1 1 1 1 1 1 0 1 1 0 1 1 1 0 1 0 1 1 1 0 ",82.73588,0,0
229,20,"1 1 1 1 1 1 1 1 1 1 0 1 1 1 1 0 0 1 1 1 ",84.28688,0,0
23,20,"1 1 1 1 0 1 1 1 1 1 0 1 1 1 0 1 0 1 0 0 ",78.10728,0,0
230,20,"1 1 0 1 1 1 1 1 1 1 0 0 1 1 1 1 0 0 0 1 ",77.35040000000001,0,0
231,20,"0 0 1 1 1 1 1 0 1 0 1 1 1 1 1 1 1 0 0 1 ",82.41306,0,0
232,20,"1 1 0 0 1 1 1 1 1 1 0 1 1 0 1 0 1 1 1 1 ",79.83074,0,0
233,20,"1 0 1 1 1 0 1 1 1 0 1 0 1 1 1 1 1 1 1 0 ",88.13264000000001,0,0
234,20,"1 0 1 1 1 1 0 0 1 1 1 1 0 1 1 1 1 1 0 1 ",84.85154,0,0
235,20,"1 1 1 1 1 0 1 1 1 1 1 1 0 1 1 1 0 1 1 1 ",97.30174,0.013908748514950275,0
236,20,"1 1 1 1 0 1 1 1 1 0 1 1 1 1 0 1 1 0 1 1 ",93.74436,0.025266434997320175,0
237,20,"1 0 1 1 1 1 0 1 0 0 1 1 1 1 1 0 0 1 0 1 ",79.11710000000001,0,0
238,20,"1 1 1 1 0 1 0 1 1 1 1 1 1 0 1 1 1 1 1 1 ",85.65474,0,0
239,20,"1 1 1 1 1 1 1 1 0 1 1 1 0 1 1 1 1 1 0 1 ",89.57248,0,0
24,20,"1 0 1 0 1 0 0 0 1 1 1 0 0 1 1 0 1 1 1 1 ",80.08324,0,0
240,20,"1 1 1 1 1 1 0 1 0 1 1 0 0 1 0 1 1 1 1 1 ",81.65924,0,0
241,20,"0 0 1 1 1 1 0 1 1 1 1 1 0 1 1 1 1 1 1 1 ",77.68524,0,0
242,20,"0 1 1 1 0 1 1 1 0 1 0 1 1 1 1 1 1 1 1 0 ",82.25703999999999,0,0
243,20,"1 1 0 0 0 1 0 1 1 1 1 0 1 1 1 1 1 0 1 1 ",78.04154,0,0
244,20,"0 1 1 1 1 1 1 1 1 1 1 1 0 1 1 0 1 1 0 0 ",80.98766,0.006069317925721407,0
245,20,"1 1 1 0 1 1 1 1 0 0 1 0 1 1 0 0 0 0 1 0 ",78.81926,0,0
246,20,"0 1 1 1 0 1 1 1 1 1 0 1 1 0 0 1 1 1 1 1 ",81.80969999999999,0,0
247,20,"1 1 0 1 0 1 1 1 1 1 1 1 1 1 1 1 1 0 1 1 ",88.07292,0,0
248,20,"1 1 0 0 0 1 1 1 1 0 1 1 1 1 1 1 1 1 1 1 ",79.13314,0,0
249,20,"0 0 0 1 0 1 1 1 1 0 1 1 1 1 1 1 1 1 1 1 ",74.58984000000001,0,0
25,20,"1 1 1 1 1 1 1 0 1 1 1 1 0 1 1 0 1 1 0 1 ",85.98128,0,0
250,20,"1 0 1 1 0 1 1 1 1 1 1 1 1 1 1 1 1 1 0 1 ",85.9719,0.027708109468221664,0
251,20,"1 0 0 1 1 1 1 1 1 1 1 1 1 0 1 1 1 1 1 0 ",83.75192,0,0
252,20,"1 1 1 0 1 1 1 1 1 1 1 1 1 0 0 1 0 1 0 1 ",81.7939,0,0
253,20,"1 1 0 1 1 1 0 1 1 0 1 1 1 1 1 0 1 1 1 1 ",83.15728,0,0
254,20,"1 0 1 1 1 1 1 1 1 0 1 1 0 1 1 0 0 1 1 1 ",78.65948,0,0
255,20,"1 0 1 1 1 1 0 1 0 0 0 1 1 1 1 1 1 1 1 0 ",84.91474,0,0
256,20,"1 0 1 1 1 1 0 1 1 1 1 1 1 1 0 1 1 1 1 1 ",88.1147,0,0
257,20,"1 0 0 1 1 1 1 1 1 1 1 1 1 1 1 0 1 1 0 1 ",82.95457999999999,0,0
258,20,"1 0 1 1 1 0 1 1 1 1 1 1 1 1 0 1 1 0 1 1 ",86.71046,0,0
259,20,"1 1 1 0 1 1 1 1 1 1 1 1 1 0 1 0 0 1 0 1 ",85.90686,0,0
26,20,"1 1 1 1 1 1 1 0 1 1 0 0 1 1 0 1 1 1 0 0 ",75.49938,0,0
260,20,"1 1 1 1 1 0 1 1 1 1 1 1 1 1 1 0 0 0 0 0 ",79.23012,0,0
261,20,"0 1 0 1 1 1 1 1 1 1 0 1 1 1 1 1 1 1 0 1 ",82.56966,0,0
262,20,"1 1 1 1 1 1 0 0 0 1 1 1 1 0 1 1 1 0 0 1 ",77.3218,0,0
263,20,"0 1 1 0 1 1 0 1 1 1 1 1 0 1 1 1 1 1 1 1 ",79.30794,0,0
264,20,"0 0 1 1 1 1 1 1 1 0 0 0 1 1 0 1 0 1 1 1 ",76.27362000000001,0,0
265,20,"0 1 1 1 1 1 1 1 1 0 1 1 1 1 1 1 1 1 1 1 ",84.14806,0,0
266,20,"1 1 1 1 1 1 1 1 1 0 1 1 1 0 1 0 1 0 1 1 ",86.01238,0,0
267,20,"1 1 1 0 1 0 1 0 1 0 1 1 1 1 0 1 1 1 1 1 ",86.64604,0,0
268,20,"1 1 1 1 1 1 1 1 1 0 1 1 0 1 1 1 1 0 1 1 ",84.07974,0,0
269,20,"1 0 1 1 1 1 1 1 1 1 0 1 0 0 0 1 1 1 0 1 ",78.82794,0,0
27,20,"1 1 0 0 1 1 1 0 1 1 1 1 1 0 1 1 1 1 1 1 ",79.57122000000001,0.021141357719898224,0
270,20,"0 0 1 1 1 1 1 1 1 0 1 0 1 1 1 1 1 1 1 1 ",85.28298,0,0
271,20,"0 0 1 1 0 0 1 1 1 1 1 1 1 1 1 0 1 1 1 1 ",80.95504,0,0
272,20,"1 1 0 0 0 0 1 1 1 1 0 1 0 1 1 1 1 1 0 1 ",78.01398,0,0
273,20,"1 1 1 0 1 1 1 1 1 0 1 1 1 0 1 0 1 0 1 1 ",79.85983999999999,0,0
274,20,"1 0 1 0 1 1 1 1 1 0 1 1 1 1 1 0 1 1 1 1 ",83.36332,0,0
275,20,"1 0 1 0 1 1 0 1 0 1 1 1 1 1 1 1 1 1 0 0 ",77.68532,0,0
276,20,"0 0 1 1 1 1 1 1 1 1 1 1 1 0 1 0 1 1 1 1 ",80.34236,0,0
277,20,"1 1 1 1 0 1 1 0 0 1 1 1 0 0 1 0 1 1 1 1 ",78.57424,0,0
278,20,"0 0 1 0 0 1 0 1 1 1 1 1 1 0 1 1 1 1 1 0 ",76.50592,0,0
279,20,"1 1 1 1 0 1 1 0 1 1 1 0 1 1 1 0 1 1 1 1 ",86.76180000000001,0,0
28,20,"1 1 0 1 1 1 0 1 1 1 0 1 1 0 0 0 1 0 1 1 ",78.56176,0,0
280,20,"1 1 1 0 1 1 1 1 0 1 0 1 1 0 1 1 1 1 1 1 ",83.74764,0,0
281,20,"1 1 1 1 1 1 1 1 1 1 1 0 1 0 1 1 1 1 1 0 ",87.96612,0.013241301290690899,0
282,20,"0 1 1 1 1 1 0 1 1 0 0 1 1 0 1 0 1 1 0 0 ",82.2203,0,0
283,20,"1 1 1 1 1 1 1 0 1 1 1 0 1 1 1 1 1 1 0 1 ",82.86198,0.0017875382909551263,0
284,20,"1 1 0 1 1 1 1 1 0 0 1 1 1 1 1 0 1 1 1 0 ",92.54432,0,0
285,20,"1 0 1 1 1 0 1 1 1 1 1 1 0 1 1 1 0 0 1 0 ",82.97424,0,0
286,20,"0 0 1 1 1 1 1 1 1 0 1 1 0 1 1 0 1 0 1 1 ",78.79996,0,0
287,20,"0 1 1 0 1 1 1 1 0 1 1 1 0 1 0 1 0 1 1 1 ",84.66842,0,0
288,20,"1 1 0 1 0 1 0 1 1 0 1 1 1 0 1 1 1 1 1 1 ",79.8625,0,0
289,20,"1 1 0 1 1 0 0 1 0 1 0 1 1 1 1 1 1 1 1 1 ",77.31616,0,0
29,20,"1 1 1 1 1 0 0 0 1 1 1 1 1 0 1 1 0 0 1 1 ",85.5727,0,0
290,20,"1 1 0 1 0 1 0 1 1 1 1 1 0 0 1 1 0 1 1 1 ",83.84432000000001,0,0
291,20,"1 1 1 1 1 1 1 1 1 1 1 1 0 1 1 1 1 1 1 1 ",94.037,0,0
292,20,"0 1 1 0 1 1 1 1 1 0 1 1 1 1 1 1 0 1 1 1 ",83.11768,0.001859267707914114,0
293,20,"0 1 0 1 0 1 0 1 1 1 1 1 1 1 1 1 1 1 1 1 ",79.83171999999999,0.020021500065922737,0
294,20,"1 1 1 1 1 1 1 1 1 1 0 1 0 1 1 1 1 0 0 1 ",86.02476,0,0
295,20,"1 1 1 0 1 0 1 0 0 1 1 1 1 1 1 0 1 0 1 0 ",80.25807999999999,0,0
296,20,"0 1 1 1 0 1 1 0 0 1 1 1 1 0 1 1 1 1 1 1 ",84.81696,0,0
297,20,"1 1 1 1 1 0 1 1 1 0 1 1 0 0 1 0 1 1 0 0 ",83.06162,0,0
298,20,"1 1 0 1 1 1 1 1 1 1 0 0 0 1 1 1 1 1 1 1 ",85.77604,0,0
299,20,"1 0 1 1 0 1 0 0 0 1 0 1 1 1 1 1 0 1 0 1 ",79.8126,0,0
3,20,"1 1 1 1 1 1 0 1 1 1 1 0 1 1 1 0 1 0 1 1 ",87.14108,0,0
30,20,"1 1 1 1 0 1 1 1 1 0 1 0 1 1 1 1 1 1 0 1 ",89.84222,0,0
300,20,"1 1 1 1 1 1 1 1 1 1 0 1 1 1 1 0 1 0 1 0 ",90.74424,0,0
301,20,"1 1 0 0 1 1 1 0 1 1 1 1 0 1 1 1 1 1 1 1 ",84.25836000000001,0,0
302,20,"1 1 1 1 1 0 1 1 1 1 1 1 0 1 0 1 1 1 1 0 ",90.66616,0,0
303,20,"1 0 0 1 1 0 0 0 1 1 1 1 1 0 1 0 1 1 1 1 ",86.65492,0,0
304,20,"1 0 0 1 0 1 1 1 1 1 0 1 1 1 1 1 1 1 0 0 ",83.74166,0,0
305,20,"1 1 1 0 0 1 1 1 1 1 1 0 1 1 1 0 1 1 1 1 ",84.35356,0,0
306,20,"0 1 1 1 0 0 1 1 1 1 1 0 0 0 0 1 1 1 1 0 ",81.23060000000001,0,0
307,20,"1 1 1 0 1 0 1 0 1 1 1 1 1 1 1 1 0 1 0 1 ",85.85988,0,0
308,20,"1 1 1 1 1 1 0 0 1 1 1 1 1 0 1 1 0 1 0 1 ",77.63239999999999,0,0
309,20,"1 1 1 0 1 1 1 1 1 0 1 1 1 0 1 1 1 0 0 0 ",81.97546,0,0
31,20,"0 0 1 0 1 1 1 1 1 1 1 0 0 1 1 1 1 1 0 0 ",78.05344,0,0
310,20,"1 1 1 1 1 1 1 0 1 0 1 1 1 1 1 1 1 0 0 0 ",84.2808,0,0
311,20,"1 1 1 1 1 1 1 0 1 0 1 1 1 1 1 0 1 0 1 1 ",89.96688,0,0
312,20,"1 1 1 0 1 1 0 1 1 1 1 0 1 0 0 0 0 0 1 1 ",82.68010000000001,0,0
313,20,"1 1 1 0 1 0 1 0 0 0 1 0 1 1 1 1 1 1 1 0 ",82.30055999999999,0,0
314,20,"1 1 1 1 1 1 0 1 1 1 1 0 1 1 1 1 1 1 0 1 ",89.13672,0,0
315,20,"1 1 1 1 1 1 1 1 0 0 1 1 1 1 1 1 1 1 0 1 ",83.8961,0,0
316,20,"1 1 1 0 0 0 0 1 1 1 1 1 1 1 0 1 1 0 0 1 ",81.4914,0,0
317,20,"1 0 1 0 1 0 1 0 1 1 1 0 1 1 1 0 1 1 1 0 ",86.4382,0,0
318,20,"1 1 1 1 1 1 0 1 1 1 1 1 1 1 0 1 1 0 1 1 ",86.37038,0,0
319,20,"1 1 1 0 1 1 1 1 1 1 0 1 1 1 1 1 1 1 1 1 ",88.34421999999999,0.009419930167496204,0
32,20,"1 1 1 1 1 1 0 0 1 0 1 1 1 1 0 1 1 1 1 1 ",80.90836,0,0
320,20,"1 1 0 1 1 1 1 0 1 1 1 0 0 1 1 1 1 1 1 1 ",85.0269,0,0
321,20,"1 1 1 1 1 1 0 0 1 1 1 1 1 0 1 1 0 1 1 0 ",84.5995,0,0
322,20,"1 0 1 0 1 1 1 1 1 1 1 1 1 0 0 1 1 1 1 0 ",84.6292,0,0
323,20,"0 0 0 1 1 1 0 0 1 1 1 1 0 1 0 1 1 1 0 1 ",80.34566,0,0
324,20,"1 1 1 1 1 0 1 1 1 1 1 0 1 0 1 1 0 1 1 0 ",87.11998,0,0
325,20,"1 1 0 1 1 1 1 1 1 0 0 1 1 1 1 1 1 1 1 1 ",88.30168,0.02415812574326992,0
326,20,"0 0 1 1 1 0 1 1 1 0 1 1 0 1 0 0 1 1 1 1 ",80.15544,0.01171731948852539,0
327,20,"1 1 1 1 1 1 1 1 1 1 0 0 1 1 1 1 0 1 1 1 ",88.16132,0,0
328,20,"0 1 1 1 1 1 0 0 0 0 1 1 1 1 1 1 1 0 1 1 ",80.4407,0,0
329,20,"0 1 1 1 1 1 1 0 1 0 1 1 0 1 1 1 0 0 1 0 ",80.19471999999999,0,0
33,50,"1 1 0 0 1 0 1 0 0 1 1 1 1 0 1 1 1 0 1 1 0 1 0 1 1 1 0 0 0 1 0 0 1 1 1 0 1 1 1 1 1 1 0 1 1 0 1 0 0 1 ",459.26066000000003,0,0
330,20,"1 1 0 1 0 0 1 0 1 1 1 1 1 1 0 1 0 0 0 1 ",79.22,0,0
331,20,"1 1 0 1 1 1 1 1 1 1 1 0 1 0 1 0 1 0 1 0 ",88.66105999999999,0,0
332,20,"1 0 0 0 1 1 0 0 1 1 1 1 0 1 1 1 0 1 0 1 ",82.18228,0,0
333,20,"1 0 1 1 1 1 1 0 1 1 1 1 0 1 1 1 1 1 0 1 ",86.66832000000001,0,0
334,20,"0 0 0 1 1 1 1 0 1 0 1 1 0 1 0 1 1 1 1 1 ",85.9582,0,0
335,20,"0 1 1 1 1 1 1 1 1 1 0 0 1 0 1 1 1 0 1 1 ",80.83144,0,0
336,20,"1 0 1 0 0 0 1 0 0 1 0 0 1 0 1 1 1 0 1 1 ",83.52276,0,0
337,20,"1 1 1 0 1 1 1 1 1 0 0 1 1 1 1 1 1 0 1 1 ",82.48456,0,0
338,20,"1 1 1 1 1 0 1 0 1 1 1 1 0 0 0 1 1 1 0 0 ",81.85177999999999,0,0
339,20,"0 1 1 1 1 1 1 1 1 0 1 1 1 1 1 1 1 1 1 1 ",87.62494000000001,0,0
34,20,"1 1 1 1 1 0 1 1 1 1 1 1 1 0 1 1 1 1 1 0 ",87.00594,0,0
340,50,"1 1 1 1 1 0 1 1 0 0 1 1 1 1 1 1 0 0 1 0 0 0 1 1 1 0 1 1 1 1 1 0 1 0 0 0 1 0 0 1 1 1 0 1 1 0 1 1 1 0 ",455.64660000000003,0,0
341,50,"1 1 1 1 1 0 1 1 0 0 1 1 1 1 0 1 1 0 1 0 0 1 1 1 1 0 1 1 1 1 1 1 1 0 0 0 1 1 1 1 1 1 0 1 1 0 1 0 1 1 ",442.33688,0,0
342,20,"1 1 0 1 1 0 0 1 1 1 1 1 0 1 0 1 1 1 1 1 ",81.2253,0,0
343,20,"0 0 0 1 1 1 0 1 1 0 0 1 1 1 1 0 1 1 1 1 ",77.65639999999999,0,0
344,20,"1 1 0 1 1 1 1 0 1 1 1 0 1 0 1 0 1 1 1 0 ",83.09548,0,0
345,20,"1 1 1 1 0 0 1 1 1 1 1 0 1 1 0 1 1 1 1 1 ",81.29408,0,0
346,20,"1 1 0 1 1 1 0 0 1 0 0 1 1 0 1 1 1 1 0 1 ",78.55176,0,0
347,20,"1 1 1 1 0 1 1 1 1 1 1 1 1 1 1 1 0 1 0 1 ",88.15263999999999,0,0
348,20,"1 1 1 1 1 1 1 1 1 1 0 1 1 0 1 1 1 1 1 1 ",88.73798000000001,0,0
349,20,"1 0 0 1 0 1 0 0 1 1 1 1 1 0 1 0 0 1 1 1 ",78.59304,0,0
35,20,"1 1 1 0 1 1 0 1 1 1 1 1 0 1 0 1 1 1 1 1 ",93.00041999999999,0,0
350,20,"1 0 0 1 0 0 0 1 1 0 0 0 1 1 1 0 1 1 1 1 ",86.60112000000001,0,0
351,20,"1 1 1 1 1 1 1 1 1 0 0 1 1 1 1 1 0 1 1 1 ",87.85496,0,0
352,20,"1 1 1 1 1 1 0 1 1 0 0 0 1 1 1 1 1 1 1 1 ",85.2671,0,0
353,20,"1 1 1 1 1 0 1 1 1 1 1 1 0 1 1 1 1 1 1 1 ",87.54738,0,0
354,20,"0 1 1 0 0 1 1 1 1 0 1 1 0 1 0 1 1 1 1 1 ",82.0969,0,0
355,20,"1 1 1 1 1 1 1 1 1 1 1 1 1 0 1 1 1 0 1 1 ",89.34956,0,0
356,20,"1 1 1 1 1 1 1 1 1 1 0 0 1 1 1 1 1 1 0 1 ",84.76916,0,0
357,20,"1 1 1 1 1 0 0 0 0 1 1 1 1 1 1 0 1 0 1 1 ",78.15816,0,0
358,20,"1 1 1 1 1 1 0 0 1 1 1 0 1 1 0 1 1 1 1 1 ",84.0541,0,0
359,20,"0 1 0 1 1 0 1 1 1 1 0 1 1 0 0 1 0 1 1 1 ",88.16842,0,0
36,20,"0 1 1 1 1 1 0 1 1 1 1 0 1 1 1 1 1 1 1 0 ",100.89574,0,0
360,20,"1 1 1 1 0 1 1 0 1 1 1 1 0 1 1 1 0 0 1 1 ",91.05312,0,0
361,20,"1 1 1 1 1 1 1 1 1 0 1 1 1 1 1 0 0 1 1 1 ",86.77608000000001,0,0
362,20,"1 1 1 0 1 1 1 0 1 1 0 1 1 1 0 0 1 0 1 1 ",85.96065999999999,0,0
363,20,"1 1 0 1 1 0 1 1 1 1 1 1 1 1 1 1 1 0 1 1 ",92.89246,0,0
364,20,"1 1 1 1 1 1 1 1 1 1 0 0 1 0 1 1 1 0 1 0 ",83.08588,0,0
365,20,"0 1 0 0 1 1 1 1 0 1 1 1 1 1 1 0 0 1 1 1 ",84.88738,0,0
366,20,"1 1 1 1 0 1 1 1 1 1 0 0 0 1 1 1 1 1 1 0 ",86.94076,0,0
367,20,"1 0 1 1 0 0 1 1 1 0 1 1 0 1 1 1 1 1 0 0 ",83.55454,0,0
368,20,"0 0 1 0 1 1 1 1 1 1 1 1 1 1 1 1 1 1 1 1 ",86.08838,0,0
369,20,"0 1 1 1 0 0 1 1 1 1 0 1 1 1 1 1 1 1 0 1 ",87.88795999999999,0,0
37,20,"0 1 0 1 1 1 1 1 1 0 1 1 1 1 0 0 1 1 1 1 ",90.20582,0,0
370,20,"1 0 1 1 0 1 1 0 1 1 0 1 0 1 1 1 1 1 0 0 ",80.95558,0,0
371,20,"0 1 1 1 1 1 1 0 1 1 0 1 1 1 1 1 0 0 1 1 ",81.44566,0,0
372,20,"1 0 0 1 1 1 1 0 1 0 1 1 1 1 1 0 1 1 1 1 ",80.63932,0,0
373,20,"1 1 1 1 0 0 1 1 1 1 0 1 1 1 0 0 0 0 1 1 ",84.9001,0,0
374,20,"0 0 1 0 1 1 1 1 0 1 1 0 0 0 0 1 0 1 1 1 ",81.24974,0,0
375,20,"1 1 1 1 1 0 1 0 1 0 1 1 1 0 1 1 0 1 0 0 ",82.24354,0,0
376,20,"1 1 0 0 1 1 1 1 1 1 1 1 1 0 1 1 1 0 1 0 ",84.37992,0,0
377,20,"1 1 1 1 1 1 1 0 1 1 1 1 1 1 1 1 1 1 0 1 ",90.15212,0,0
378,20,"1 1 1 1 1 1 1 0 0 1 1 1 0 1 0 0 1 1 1 1 ",85.71206,0,0
379,20,"1 1 1 1 0 1 1 1 1 1 0 1 1 1 0 1 1 0 1 1 ",94.93538,0,0
38,20,"1 1 1 1 1 0 1 1 0 1 0 1 0 1 0 0 1 1 1 0 ",84.5922,0,0
380,20,"1 1 1 1 1 1 0 1 1 1 1 1 1 0 1 1 0 1 0 0 ",90.53796,0,0
381,20,"1 1 0 1 1 0 1 1 1 1 1 1 1 1 1 1 1 0 1 1 ",89.72216,0,0
382,20,"0 1 0 1 1 1 1 0 1 0 0 1 0 1 1 1 1 1 1 1 ",84.35866,0,0
383,20,"0 0 1 1 1 1 1 0 1 0 1 0 1 1 1 0 1 1 0 1 ",82.66646,0,0
384,20,"1 1 0 1 1 1 1 1 1 0 1 0 1 1 0 1 1 0 1 0 ",89.6766,0,0
385,20,"1 0 1 1 1 1 1 1 1 1 0 0 1 0 0 1 1 1 1 1 ",79.90274,0,0
386,20,"1 0 1 1 1 0 1 1 1 1 1 1 1 1 1 1 1 0 1 1 ",91.29787999999999,0,0
387,20,"0 1 0 1 1 1 0 1 1 0 1 0 1 1 1 1 1 1 0 1 ",89.16288,0,0
388,20,"1 0 1 1 1 1 0 1 1 1 0 1 1 1 1 0 0 1 1 1 ",91.49448,0,0
389,20,"1 0 1 1 1 1 0 0 0 0 1 1 0 1 1 1 1 1 0 1 ",80.93838,0,0
39,20,"0 1 0 0 1 1 1 1 1 0 0 1 1 1 1 1 1 1 0 1 ",82.21404,0,0
390,20,"1 1 1 1 1 1 1 1 1 1 0 0 1 1 0 1 1 1 0 1 ",84.27868,0,0
391,20,"1 0 1 1 1 0 1 0 1 1 1 1 1 0 0 1 1 1 1 1 ",80.1307,0,0
392,20,"1 0 0 1 1 1 1 1 1 1 1 1 1 0 1 0 1 0 1 1 ",81.32524,0.0036447979509830475,0
393,20,"1 1 1 1 1 1 1 1 1 1 1 1 1 1 1 1 0 1 0 0 ",88.56523999999999,0,0
394,20,"1 0 0 1 0 1 1 1 1 0 1 1 1 1 1 0 0 1 0 1 ",85.38202,0,0
395,20,"1 1 1 1 1 0 1 1 1 1 0 1 1 1 1 1 1 1 1 1 ",92.98904,0,0
396,20,"1 1 1 1 1 1 1 0 1 1 1 1 0 1 0 1 0 0 1 1 ",84.5829,0,0
397,20,"1 0 1 0 1 1 0 1 1 1 1 1 0 0 1 0 1 1 1 1 ",85.76617999999999,0,0
398,20,"1 1 1 1 0 1 1 1 1 1 1 1 1 0 1 0 1 1 1 1 ",93.5449,0,0
399,20,"1 1 0 0 0 1 1 1 0 0 1 1 0 1 1 1 0 1 1 1 ",80.03666,0,0
4,20,"0 0 1 1 1 0 1 1 0 1 1 0 1 1 0 1 1 1 1 1 ",81.88096,0,0
40,20,"1 1 1 1 1 1 0 0 1 1 0 1 0 0 0 1 1 0 1 1 ",83.50406000000001,0,0
400,20,"0 1 1 1 1 1 1 0 1 1 0 1 1 1 1 1 1 1 0 1 ",84.01541999999999,0,0
401,20,"1 1 0 1 1 0 1 1 1 1 1 1 1 1 1 1 1 1 1 1 ",85.98698,0,0
402,20,"1 0 1 0 1 0 1 1 1 0 0 1 1 1 0 1 0 0 1 1 ",82.82388,0,0
403,20,"1 0 1 1 1 0 1 0 1 1 1 1 1 1 1 1 1 0 1 1 ",90.19888,0.007063298020511866,0
404,20,"1 0 0 0 1 1 1 1 0 1 1 1 1 1 0 0 1 1 1 1 ",84.12530000000001,0,0
405,20,"1 1 1 1 1 1 1 0 1 1 0 0 1 1 1 1 1 1 1 0 ",82.17298,0,0
406,20,"1 1 1 0 1 1 1 0 1 1 0 1 0 1 0 0 1 1 1 1 ",86.24,0,0
407,20,"1 0 1 1 1 1 1 1 1 1 1 1 1 0 1 0 1 1 1 1 ",88.88774,0,0
408,20,"0 1 1 1 1 1 1 1 1 0 1 0 1 1 1 1 1 1 1 1 ",95.40747999999999,0.024081429466605186,0
409,20,"1 1 1 0 1 1 1 1 0 0 1 0 0 1 0 0 1 1 1 1 ",81.19654,0,0
41,20,"0 1 0 0 1 1 1 1 1 1 1 1 1 1 1 1 1 1 1 1 ",85.52546,0,0
410,20,"1 1 1 1 1 1 1 0 1 0 0 1 1 1 1 1 1 0 1 1 ",83.8173,0,0
411,20,"1 1 1 0 1 1 1 1 1 1 1 1 0 0 1 1 1 0 1 1 ",85.36684,0,0
412,20,"0 1 1 1 1 0 1 1 1 1 1 1 0 1 1 0 1 1 1 0 ",86.43451999999999,0,0
413,20,"1 1 1 1 1 1 1 1 1 1 1 0 1 0 1 1 1 1 1 1 ",91.29263999999999,0,0
414,20,"1 1 0 1 1 1 1 0 1 1 1 1 1 1 1 1 0 1 1 1 ",93.25136,0,0
415,20,"0 0 1 1 1 0 1 0 1 1 1 1 0 0 1 1 0 0 1 1 ",93.88734,0,0
416,20,"1 0 1 1 1 1 1 1 1 1 0 1 1 1 0 1 1 1 1 1 ",90.72772,0,0
417,20,"1 1 1 1 0 1 1 1 1 1 0 0 1 1 1 1 1 1 1 1 ",82.05364,0,0
418,20,"0 1 1 1 1 1 1 1 1 1 0 1 1 1 1 0 1 1 1 1 ",91.27234,0,0
419,20,"1 0 1 1 0 1 0 1 1 1 1 0 1 1 0 1 0 1 0 1 ",81.56408,0,0
42,20,"1 1 1 1 1 1 1 1 0 1 0 1 1 0 0 1 1 0 1 1 ",82.34932,0,0
420,20,"1 1 0 1 1 1 0 1 1 1 1 0 1 1 1 1 1 1 0 1 ",90.81917999999999,0,0
421,20,"0 1 0 0 1 1 0 1 1 1 1 1 0 0 0 1 1 0 1 1 ",81.42992000000001,0,0
422,20,"1 1 1 1 1 1 1 1 1 1 0 1 1 0 1 1 1 0 1 1 ",90.37386000000001,0,0
423,20,"0 1 0 0 1 1 1 1 1 1 1 1 1 1 1 0 1 0 0 0 ",92.96572,0,0
424,20,"1 1 1 1 1 1 1 1 0 0 1 0 1 1 0 1 1 1 0 0 ",86.90958,0,0
425,20,"1 1 1 1 0 1 0 1 0 1 1 1 1 1 1 1 1 0 1 1 ",93.12336,0,0
426,20,"1 0 1 1 1 0 1 0 1 0 1 1 1 0 1 1 1 1 1 1 ",88.55954,0,0
427,20,"1 1 1 1 1 0 1 1 1 1 1 1 0 1 1 1 1 0 1 0 ",90.58618,0,0
428,20,"1 1 1 0 1 0 0 1 1 1 1 0 0 0 1 1 0 1 1 1 ",87.03846,0,0
429,20,"1 1 1 1 0 0 1 1 1 1 1 1 1 1 1 1 0 1 1 1 ",90.95072,0,0
43,20,"0 1 1 0 1 1 1 1 1 1 1 1 1 0 0 0 1 0 1 0 ",97.80575999999999,0,0
430,20,"1 0 0 1 1 1 1 1 1 1 1 1 1 0 0 0 1 1 0 1 ",97.93321999999999,0,0
431,20,"1 1 1 1 1 0 1 1 0 1 1 0 1 1 0 1 1 1 1 1 ",99.59276,0,0
432,20,"1 1 1 1 0 1 1 1 1 0 1 1 0 1 1 1 1 1 0 0 ",103.47646,0,0
433,20,"0 1 1 1 1 1 1 1 1 1 0 0 1 0 1 0 1 1 1 0 ",98.49864,0,0
434,20,"1 1 1 1 0 1 1 1 0 1 1 1 0 1 1 1 1 1 0 1 ",90.7278,0,0
435,20,"1 1 1 1 1 1 1 0 1 0 1 1 1 1 1 1 0 1 0 0 ",87.29816,0,0
436,20,"0 1 1 1 0 1 1 1 1 1 1 1 1 0 1 1 1 1 0 1 ",84.69524,0,0
437,20,"1 0 1 1 1 1 0 1 1 1 1 1 0 0 0 1 1 1 1 0 ",85.09814,0,0
438,20,"0 0 1 1 0 1 1 1 1 1 1 1 1 1 1 1 1 1 0 0 ",83.27848,0,0
439,20,"1 1 1 0 1 0 1 0 0 1 1 1 1 1 1 1 1 1 1 1 ",80.84734,0,0
44,20,"0 0 1 1 1 1 1 0 1 0 1 1 1 1 1 0 0 0 1 1 ",91.85344,0,0
440,20,"1 1 1 0 1 0 1 1 0 1 1 1 1 0 1 0 0 0 1 1 ",84.00374000000001,0,0
441,20,"1 1 1 1 1 1 1 1 0 1 1 1 0 0 1 1 1 0 1 1 ",80.28824,0,0
442,20,"0 0 1 0 1 1 0 1 1 1 1 1 1 0 1 0 1 0 1 0 ",88.34832,0,0
443,20,"1 1 0 0 1 0 1 1 0 1 0 1 1 1 0 0 1 1 1 1 ",79.7053,0,0
444,20,"0 1 0 1 0 1 1 1 0 1 0 1 0 1 1 0 0 1 1 1 ",82.91194,0,0
445,20,"1 1 1 1 0 0 1 1 0 1 1 1 0 0 1 1 1 1 1 1 ",79.4619,0,0
446,20,"1 1 0 1 1 0 0 1 1 1 0 1 1 1 1 1 1 1 1 1 ",78.83364,0,0
447,20,"1 1 1 1 0 1 0 1 1 1 0 1 1 1 1 0 1 0 0 1 ",84.48662,0,0
448,20,"1 1 0 1 1 0 1 1 1 1 1 1 1 1 1 1 1 1 1 0 ",87.53788,0,0
449,20,"0 1 1 1 1 0 1 1 1 1 1 0 1 0 1 1 1 1 1 0 ",84.04738,0,0
45,20,"1 1 0 1 0 1 1 1 0 1 1 0 0 1 1 1 1 1 1 1 ",80.81124,0,0
450,20,"0 1 1 0 0 0 1 0 1 1 1 1 1 0 1 1 1 1 0 1 ",82.11258000000001,0,0
451,20,"1 0 0 1 1 1 1 1 1 1 1 1 0 1 1 1 1 1 1 0 ",83.37374,0,0
452,20,"0 1 1 1 1 1 1 1 1 1 1 1 1 0 0 0 0 1 1 0 ",89.74376,0,0
453,20,"1 1 0 0 1 1 0 0 1 1 1 1 1 1 0 0 1 0 1 1 ",76.55073999999999,0,0
454,20,"1 1 1 0 1 0 1 1 0 0 1 1 1 1 1 1 1 1 1 1 ",80.84478,0,0
455,20,"1 1 1 0 1 0 0 1 1 1 1 0 1 1 1 1 0 1 1 1 ",83.13390000000001,0,0
456,20,"0 1 1 1 1 1 1 1 1 0 1 1 1 1 1 1 0 0 1 1 ",83.51454,0,0
457,20,"1 1 0 1 0 1 1 1 1 1 1 1 0 1 1 1 1 1 0 1 ",85.4814,0,0
458,20,"1 0 0 0 1 0 1 1 1 0 1 1 1 0 1 1 0 1 1 1 ",78.56314,0,0
459,20,"1 1 1 1 1 1 1 0 0 0 0 1 1 0 0 1 1 1 0 0 ",82.29802,0,0
46,20,"1 1 0 0 1 1 1 0 1 1 1 1 1 1 1 0 1 1 1 1 ",83.67211999999999,0,0
460,20,"1 1 1 1 1 1 1 1 0 1 1 1 1 0 1 0 1 1 1 1 ",93.05848,0,0
461,20,"1 1 0 1 1 0 1 1 0 0 0 0 1 1 1 1 1 1 1 1 ",81.6272,0.014912019483745098,0
462,20,"1 1 1 1 1 1 1 1 0 1 1 0 1 1 1 1 1 1 1 1 ",87.39772,0.023288637399673462,0
463,20,"1 1 0 0 1 1 1 0 1 1 1 1 1 1 1 1 1 1 0 1 ",83.13584,0,0
464,20,"1 1 0 0 1 0 1 1 1 0 1 1 1 1 1 0 1 0 1 0 ",82.36287999999999,0,0
465,20,"1 1 1 1 1 1 1 0 1 1 0 0 1 1 0 1 1 0 1 1 ",81.2985,0.0018709073774516582,0
466,20,"1 1 0 1 1 1 1 1 1 1 0 1 0 1 1 0 0 1 0 0 ",77.49926,0.013894736766815186,0
467,20,"1 0 1 1 1 0 1 1 1 0 1 1 0 1 0 0 1 0 1 1 ",86.21488000000001,0,0
468,20,"1 0 1 1 1 1 1 0 1 0 1 1 1 0 1 0 0 0 1 1 ",80.62532,0,0
469,20,"1 0 0 1 1 1 0 0 1 1 0 1 1 1 1 0 1 1 1 1 ",81.6207,0,0
47,20,"0 0 1 1 0 1 1 0 1 0 1 1 1 0 1 1 1 1 1 1 ",83.14562,0,0
470,20,"1 1 1 1 1 1 1 1 1 0 1 1 1 1 1 0 1 1 0 1 ",87.11138,0,0
471,20,"1 1 1 0 1 1 1 0 1 1 1 0 1 0 1 1 0 1 0 1 ",80.91087999999999,0,0
472,20,"1 1 1 0 1 1 1 1 1 1 1 1 1 1 0 1 0 1 1 1 ",88.34299999999999,0.0005223295884206891,0
473,20,"1 1 1 1 1 0 0 1 1 1 1 1 1 1 0 0 1 1 1 0 ",79.07138,0,0
474,20,"1 0 0 1 0 1 1 1 1 1 1 1 1 0 1 1 1 0 1 0 ",79.7484,0,0
475,20,"1 1 1 0 1 0 1 1 0 1 1 1 1 0 1 1 1 0 0 1 ",81.31656000000001,0,0
476,20,"1 1 0 1 1 0 1 0 1 1 0 1 1 1 0 0 1 1 1 1 ",82.7797,0,0
477,20,"1 1 1 1 1 1 0 1 1 0 1 0 1 1 0 1 0 1 1 1 ",86.70764,0,0
478,20,"1 1 0 0 1 1 1 1 1 1 1 1 1 1 1 0 0 1 0 1 ",84.10396,0,0
479,20,"0 1 1 0 0 1 0 1 0 1 1 0 1 1 1 1 1 1 1 1 ",81.03242,0,0
48,20,"1 1 1 0 1 1 1 1 0 1 1 1 1 1 1 1 0 1 1 0 ",88.08068,0,0
480,20,"1 1 1 1 1 1 1 1 1 0 1 1 1 1 1 1 1 1 0 1 ",88.22942,0,0
481,20,"1 1 0 1 0 1 1 1 0 1 0 1 1 1 1 0 1 1 1 1 ",89.1237,0,0
482,20,"0 0 1 1 0 1 1 1 0 1 0 1 1 1 0 1 1 1 1 1 ",83.98238,0,0
483,20,"0 1 0 1 1 0 1 1 1 0 1 1 1 1 1 1 1 1 1 1 ",81.84114,0,0
484,20,"1 1 1 1 1 1 1 1 0 0 1 0 1 1 1 1 1 0 0 1 ",82.5783,0,0
485,20,"0 1 1 0 1 1 0 1 1 0 1 1 1 1 1 1 0 1 1 1 ",83.46068,0,0
486,20,"0 0 1 0 1 1 1 0 1 0 1 1 1 1 1 0 1 0 1 1 ",78.41746,0,0
487,20,"1 1 1 1 1 1 0 1 1 1 1 1 1 1 1 0 1 1 1 1 ",87.34938,0,0
488,20,"1 1 1 1 1 1 0 1 1 1 1 1 1 1 1 1 1 1 0 0 ",91.59954,0,0
489,20,"1 1 1 1 1 1 0 1 0 1 1 1 1 1 0 0 1 1 1 1 ",84.65209999999999,0,0
49,20,"0 0 0 1 0 1 1 1 0 1 1 1 1 1 1 1 0 1 0 1 ",80.3073,0,0
490,20,"1 0 1 1 1 0 1 1 1 1 1 1 1 1 0 1 1 1 0 1 ",94.57437999999999,0,0
491,20,"1 1 1 0 1 1 1 1 1 0 1 1 1 1 1 1 1 1 1 1 ",89.10964,0,0
492,20,"1 1 1 1 1 1 1 0 1 0 1 1 0 0 1 1 1 1 1 1 ",82.49284,0,0
493,20,"1 1 0 1 1 1 1 1 1 0 1 1 0 1 1 1 1 0 1 1 ",87.67161999999999,0,0
494,20,"1 1 0 1 1 1 1 1 1 1 0 0 1 1 1 1 1 1 1 1 ",81.38502,0,0
495,20,"1 0 1 1 1 1 1 0 0 1 1 1 0 0 1 1 1 1 1 1 ",82.03098,0,0
496,20,"1 1 1 1 1 0 0 1 1 1 0 1 0 1 1 1 1 1 1 1 ",82.39439999999999,0,0
497,20,"1 1 0 1 0 1 1 1 0 0 1 1 1 0 1 1 1 0 1 0 ",85.04696,0,0
498,20,"1 1 1 0 1 1 1 0 1 1 1 1 1 1 1 1 1 0 1 0 ",86.453,0,0
499,20,"1 1 1 1 1 1 1 1 0 1 1 1 1 1 1 1 1 1 1 1 ",88.94348,0,0
5,20,"0 1 0 1 1 1 1 1 0 1 0 1 1 0 1 1 0 1 0 1 ",83.59832,0,0
50,20,"0 1 1 1 1 1 1 1 1 1 0 1 0 1 1 0 0 1 0 1 ",82.10534,0,0
500,20,"1 1 1 0 0 1 1 1 0 1 1 1 1 0 1 1 0 1 0 0 ",81.97876,0,0
501,20,"1 1 1 1 0 1 0 1 1 0 1 1 1 1 0 1 1 1 0 1 ",86.61906,0,0
502,20,"1 0 1 1 1 1 1 1 1 1 1 0 1 1 1 1 1 1 0 1 ",88.06214,0,0
503,20,"1 1 0 1 1 1 0 1 1 1 0 0 1 1 0 0 1 1 1 0 ",82.31588,0,0
504,20,"1 0 0 1 0 1 1 1 1 0 1 1 1 1 1 1 1 1 0 1 ",79.69872000000001,0,0
505,20,"0 1 1 1 1 1 0 0 1 1 1 1 0 0 1 1 0 1 1 1 ",82.90990000000001,0,0
506,20,"1 1 1 1 1 1 1 1 1 0 0 1 1 1 1 1 1 1 1 1 ",83.67042000000001,0,0
507,20,"1 1 1 1 1 1 1 1 1 0 0 1 0 1 1 0 1 0 0 1 ",97.43802,0,0
508,20,"0 1 1 0 0 0 0 1 1 1 1 0 1 0 1 1 1 1 1 1 ",94.27128,0,0
509,20,"0 1 1 1 1 1 1 0 1 1 0 1 0 1 1 1 0 1 1 0 ",99.50273999999999,0.020021075382828712,0
51,20,"1 1 0 1 1 1 0 1 1 1 1 1 1 0 1 0 1 1 1 1 ",90.31034,0,0
510,20,"1 1 0 1 0 1 1 1 0 1 0 1 0 1 1 1 1 0 1 1 ",88.74238,0,0
511,20,"1 0 1 1 1 1 1 1 1 1 1 0 1 1 1 1 1 1 1 0 ",91.73742,0,0
512,20,"1 0 1 1 1 1 1 0 1 0 1 0 0 1 1 1 1 1 0 1 ",82.21344,0,0
513,20,"1 1 1 0 1 0 1 1 1 0 0 1 0 0 0 1 1 1 1 1 ",85.84308,0,0
514,20,"1 1 1 0 0 1 1 1 1 0 1 0 1 0 1 1 1 1 1 1 ",91.42125999999999,0,0
515,20,"1 1 1 1 0 0 1 1 1 1 0 1 0 1 0 1 1 1 1 1 ",86.65626,0,0
516,20,"1 1 1 1 1 1 1 0 1 1 1 0 0 1 1 1 1 1 1 1 ",79.21668,0,0
517,20,"1 1 1 1 0 1 1 1 1 1 1 1 1 1 0 1 0 0 1 1 ",90.41376,0,0
518,20,"1 0 1 1 0 1 1 1 1 1 1 1 1 1 1 1 0 1 0 1 ",93.57736,0,0
519,20,"1 0 0 1 0 0 1 1 1 1 0 1 1 1 1 1 0 1 1 1 ",84.88844,0,0
52,20,"0 1 1 1 1 1 0 1 0 0 1 1 1 1 1 1 1 1 1 1 ",82.80262,0,0
520,20,"1 1 1 0 1 1 1 0 1 1 1 0 1 1 1 1 1 1 1 0 ",92.73082000000001,0,0
521,20,"1 1 1 0 1 1 1 0 0 1 1 1 1 0 1 0 1 1 0 1 ",82.537,0,0
522,20,"1 1 1 1 1 1 1 0 1 0 1 1 0 1 1 1 1 1 1 1 ",83.62501999999999,0,0
523,20,"1 1 1 1 1 0 1 0 1 1 0 1 0 1 1 0 1 1 1 1 ",90.44897999999999,0,0
524,20,"1 0 1 1 0 1 1 1 1 1 1 1 1 1 1 0 0 1 0 1 ",90.66114,0,0
525,20,"0 1 1 1 1 1 1 1 0 1 1 1 0 1 0 1 1 1 1 1 ",83.987,0,0
526,20,"0 1 0 1 1 1 1 1 0 1 1 1 1 1 0 1 1 1 0 0 ",85.05058,0,0
527,20,"1 1 1 0 1 1 1 1 1 0 1 1 1 1 1 1 1 1 1 1 ",91.15584,0,0
528,20,"0 1 1 1 0 1 1 1 1 1 1 1 0 0 1 1 0 0 1 1 ",83.70324000000001,0,0
529,20,"1 1 0 1 1 1 1 0 1 0 1 1 1 1 1 0 1 0 1 1 ",90.62736,0,0
53,20,"1 1 1 0 1 1 1 1 1 1 1 1 1 1 1 1 1 0 1 1 ",89.87021999999999,0,0
530,20,"1 1 1 0 1 1 1 0 1 0 1 1 1 1 1 1 1 0 1 1 ",89.18168,0,0
531,20,"1 0 1 1 0 1 0 1 1 1 0 1 1 1 1 1 0 1 1 0 ",89.25104,0.02179570682346821,0
532,20,"1 1 1 0 1 1 1 0 1 1 1 0 0 1 1 1 0 0 0 1 ",86.52004,0,0
533,20,"1 1 1 1 1 1 1 1 0 1 1 1 1 0 1 1 1 1 1 0 ",94.05413999999999,0,0
534,20,"1 0 1 1 1 0 1 1 1 1 1 1 1 1 1 1 1 0 1 1 ",89.44194,0,0
535,20,"0 0 1 1 1 1 1 0 0 1 0 1 1 1 0 1 1 1 1 0 ",85.32957999999999,0,0
536,20,"1 0 1 0 1 0 1 1 1 1 0 1 1 1 1 1 1 0 0 0 ",84.13192000000001,0,0
537,20,"0 1 1 1 0 1 1 0 1 1 1 1 1 1 1 1 1 1 0 1 ",83.7269,0,0
538,20,"0 1 1 1 1 1 1 1 1 0 1 1 1 0 0 1 0 1 1 0 ",87.79874,0,0
539,20,"1 1 1 0 1 0 1 1 1 1 1 1 1 0 1 1 0 1 0 1 ",88.9551,0,0
54,20,"0 0 1 0 1 1 0 1 0 1 1 1 1 0 1 1 1 1 1 1 ",89.61764,0,0
540,20,"0 0 1 0 1 1 1 0 0 1 1 1 1 1 1 1 0 1 1 1 ",85.80216,0,0
541,20,"0 1 1 1 0 1 0 1 1 1 0 1 1 1 1 0 0 1 1 1 ",79.00306,0,0
542,20,"1 1 1 0 1 1 0 1 1 1 1 0 0 1 1 1 1 1 1 1 ",82.78062,0,0
543,20,"1 1 1 1 1 1 1 0 0 1 1 1 1 1 1 1 1 1 1 0 ",84.93039999999999,0,0
544,20,"1 1 1 0 1 1 1 1 1 1 1 1 0 1 0 0 1 1 1 0 ",81.85141999999999,0,0
545,20,"1 1 1 1 1 0 1 0 1 1 1 1 1 1 0 1 1 1 1 0 ",93.87322,0,0
546,20,"0 1 1 1 1 1 1 0 1 1 1 1 1 0 1 1 0 1 1 0 ",89.73035999999999,0,0
547,20,"1 1 1 1 0 0 1 1 1 1 1 1 1 1 1 1 1 1 1 1 ",82.11644,0,0
548,20,"1 0 0 1 1 1 1 1 1 0 0 1 1 1 1 1 1 1 0 1 ",84.49274,0,0
